<MODELS>

<SITEBASIS name="fermion">
  <QUANTUMNUMBER name="Nup" min="0" max="1" type="fermionic"/>
  <QUANTUMNUMBER name="Ndown" min="0" max="1" type="fermionic"/>
  <OPERATOR name="Splus" matrixelement="1/2">
    <CHANGE quantumnumber="Nup" change="1"/>
    <CHANGE quantumnumber="Ndown" change="-1"/>
  </OPERATOR>
  <OPERATOR name="Sminus" matrixelement="1/2">
    <CHANGE quantumnumber="Nup" change="-1"/>
    <CHANGE quantumnumber="Ndown" change="+1"/>
  </OPERATOR>
  <OPERATOR name="Sz" matrixelement="(Nup-Ndown)/2"/>
  <OPERATOR name="c_down" matrixelement="1">
    <CHANGE quantumnumber="Ndown" change="-1"/>
  </OPERATOR>
  <OPERATOR name="cdag_down" matrixelement="1">
    <CHANGE quantumnumber="Ndown" change="1"/>
  </OPERATOR>
  <OPERATOR name="c_up" matrixelement="1">
    <CHANGE quantumnumber="Nup" change="-1"/>
  </OPERATOR>
  <OPERATOR name="cdag_up" matrixelement="1">
    <CHANGE quantumnumber="Nup" change="1"/>
  </OPERATOR>
  <OPERATOR name="n" matrixelement="Nup+Ndown"/>
  <OPERATOR name="n_up" matrixelement="Nup"/>
  <OPERATOR name="n_down" matrixelement="Ndown"/>
</SITEBASIS>

<BASIS name="fermion">
  <SITEBASIS ref="fermion"/>
  <CONSTRAINT quantumnumber="Nup" value="Nup_total"/>
  <CONSTRAINT quantumnumber="Ndown" value="Ndown_total"/>
</BASIS>

<HAMILTONIAN name="extendedHubbard">
  <PARAMETER name="e" default="0"/>
  <PARAMETER name="t" default="0"/>
  <PARAMETER name="U" default="0"/>
  <PARAMETER name="V" default="0"/>
  <BASIS ref="fermion"/>
  <SITETERM site="i">
    <PARAMETER name="e#" default="e"/>
    <PARAMETER name="U#" default="U"/>
    e#*n(i)+U#*n_up(i)*n_down(i)
  </SITETERM> 
  <BONDTERM source="i" target="j">
    <PARAMETER name="t#" default="t"/>
    <PARAMETER name="V#" default="V"/>
    -t#*(cdag_up(i)*c_up(j)+cdag_up(j)*c_up(i)+cdag_down(i)*c_down(j)+cdag_down(j)*c_down(i)) + V#*n(i)*n(j)
  </BONDTERM>
</HAMILTONIAN>

</MODELS>
