<?xml version="1.0" encoding="ISO-8859-1"?>
<modeling>
 <generator>
  <i name="program" type="string">vasp </i>
  <i name="version" type="string">5.4.1  </i>
  <i name="subversion" type="string">24Jun15 (build Nov 17 2017 15:00:32) complex                          serial </i>
  <i name="platform" type="string">unknown </i>
  <i name="date" type="string">2018 11 15 </i>
  <i name="time" type="string">15:07:41 </i>
 </generator>
 <incar>
  <i type="string" name="PREC">normal</i>
  <i type="int" name="ICHARG">    11</i>
  <i name="ENCUT">    300.00000000</i>
  <i type="int" name="ISMEAR">     0</i>
  <i name="SIGMA">      0.10000000</i>
  <v type="int" name="KPOINT_BSE">    -1     0     0     0</v>
 </incar>
 <kpoints>
  <varray name="kpointlist" >
   <v>       0.00000000       0.00000000       0.00000000 </v>
   <v>       0.00000000       0.00500000       0.00500000 </v>
   <v>       0.00500000       0.00000000       0.00500000 </v>
   <v>       0.00500000       0.00500000       0.00000000 </v>
   <v>       0.00000000       0.42500000       0.42500000 </v>
   <v>       0.00000000       0.43000000       0.43000000 </v>
   <v>       0.00500000       0.42500000       0.43000000 </v>
   <v>       0.00500000       0.43000000       0.42500000 </v>
  </varray>
  <varray name="weights" >
   <v>       0.12500000 </v>
   <v>       0.12500000 </v>
   <v>       0.12500000 </v>
   <v>       0.12500000 </v>
   <v>       0.12500000 </v>
   <v>       0.12500000 </v>
   <v>       0.12500000 </v>
   <v>       0.12500000 </v>
  </varray>
 </kpoints>
 <parameters>
  <separator name="general" >
   <i type="string" name="SYSTEM">unknown system</i>
   <i type="logical" name="LCOMPAT"> F  </i>
  </separator>
  <separator name="electronic" >
   <i type="string" name="PREC">normal</i>
   <i name="ENMAX">    300.00000000</i>
   <i name="ENAUG">    322.06900000</i>
   <i name="EDIFF">      0.00010000</i>
   <i type="int" name="IALGO">    38</i>
   <i type="int" name="IWAVPR">     0</i>
   <i type="int" name="NBANDS">     8</i>
   <i name="NELECT">      8.00000000</i>
   <i type="int" name="TURBO">     0</i>
   <i type="int" name="IRESTART">     0</i>
   <i type="int" name="NREBOOT">     0</i>
   <i type="int" name="NMIN">     0</i>
   <i name="EREF">      0.00000000</i>
   <separator name="electronic smearing" >
    <i type="int" name="ISMEAR">     0</i>
    <i name="SIGMA">      0.10000000</i>
    <i name="KSPACING">      0.50000000</i>
    <i type="logical" name="KGAMMA"> T  </i>
   </separator>
   <separator name="electronic projectors" >
    <i type="logical" name="LREAL"> F  </i>
    <v name="ROPT">      0.00000000</v>
    <i type="int" name="LMAXPAW">  -100</i>
    <i type="int" name="LMAXMIX">     2</i>
    <i type="logical" name="NLSPLINE"> F  </i>
   </separator>
   <separator name="electronic startup" >
    <i type="int" name="ISTART">     0</i>
    <i type="int" name="ICHARG">    11</i>
    <i type="int" name="INIWAV">     1</i>
   </separator>
   <separator name="electronic spin" >
    <i type="int" name="ISPIN">     1</i>
    <i type="logical" name="LNONCOLLINEAR"> F  </i>
    <v name="MAGMOM">      1.00000000      1.00000000</v>
    <i name="NUPDOWN">     -1.00000000</i>
    <i type="logical" name="LSORBIT"> F  </i>
    <v name="SAXIS">      0.00000000      0.00000000      1.00000000</v>
    <i type="logical" name="LSPIRAL"> F  </i>
    <v name="QSPIRAL">      0.00000000      0.00000000      0.00000000</v>
    <i type="logical" name="LZEROZ"> F  </i>
   </separator>
   <separator name="electronic exchange-correlation" >
    <i type="logical" name="LASPH"> F  </i>
    <i type="logical" name="LMETAGGA"> F  </i>
   </separator>
   <separator name="electronic convergence" >
    <i type="int" name="NELM">    60</i>
    <i type="int" name="NELMDL">    -5</i>
    <i type="int" name="NELMIN">     2</i>
    <i name="ENINI">    300.00000000</i>
    <separator name="electronic convergence detail" >
     <i type="logical" name="LDIAG"> T  </i>
     <i type="logical" name="LSUBROT"> F  </i>
     <i name="WEIMIN">      0.00000000</i>
     <i name="EBREAK">      0.00000313</i>
     <i name="DEPER">      0.30000000</i>
     <i type="int" name="NRMM">     4</i>
     <i name="TIME">      0.40000000</i>
    </separator>
   </separator>
   <separator name="electronic mixer" >
    <i name="AMIX">      0.40000000</i>
    <i name="BMIX">      1.00000000</i>
    <i name="AMIN">      0.10000000</i>
    <i name="AMIX_MAG">      1.60000000</i>
    <i name="BMIX_MAG">      1.00000000</i>
    <separator name="electronic mixer details" >
     <i type="int" name="IMIX">     4</i>
     <i type="logical" name="MIXFIRST"> F  </i>
     <i type="int" name="MAXMIX">   -45</i>
     <i name="WC">    100.00000000</i>
     <i type="int" name="INIMIX">     1</i>
     <i type="int" name="MIXPRE">     1</i>
     <i type="int" name="MREMOVE">     5</i>
    </separator>
   </separator>
   <separator name="electronic dipolcorrection" >
    <i type="logical" name="LDIPOL"> F  </i>
    <i type="logical" name="LMONO"> F  </i>
    <i type="int" name="IDIPOL">     0</i>
    <i name="EPSILON">      1.00000000</i>
    <v name="DIPOL">   -100.00000000   -100.00000000   -100.00000000</v>
    <i name="EFIELD">      0.00000000</i>
   </separator>
  </separator>
  <separator name="grids" >
   <i type="int" name="NGX">    16</i>
   <i type="int" name="NGY">    16</i>
   <i type="int" name="NGZ">    16</i>
   <i type="int" name="NGXF">    32</i>
   <i type="int" name="NGYF">    32</i>
   <i type="int" name="NGZF">    32</i>
   <i type="logical" name="ADDGRID"> F  </i>
  </separator>
  <separator name="ionic" >
   <i type="int" name="NSW">     0</i>
   <i type="int" name="IBRION">    -1</i>
   <i type="int" name="ISIF">     2</i>
   <i name="PSTRESS">      0.00000000</i>
   <i name="EDIFFG">      0.00100000</i>
   <i type="int" name="NFREE">     0</i>
   <i name="POTIM">      0.50000000</i>
   <i name="SMASS">     -3.00000000</i>
   <i name="SCALEE">      1.00000000</i>
  </separator>
  <separator name="ionic md" >
   <i name="TEBEG">      0.00010000</i>
   <i name="TEEND">      0.00010000</i>
   <i type="int" name="NBLOCK">     1</i>
   <i type="int" name="KBLOCK">     1</i>
   <i type="int" name="NPACO">   256</i>
   <i name="APACO">     16.00000000</i>
  </separator>
  <separator name="symmetry" >
   <i type="int" name="ISYM">     2</i>
   <i name="SYMPREC">      0.00001000</i>
  </separator>
  <separator name="dos" >
   <i type="logical" name="LORBIT"> F  </i>
   <v name="RWIGS">     -1.00000000</v>
   <i type="int" name="NEDOS">   301</i>
   <i name="EMIN">     10.00000000</i>
   <i name="EMAX">    -10.00000000</i>
   <i name="EFERMI">      0.00000000</i>
  </separator>
  <separator name="writing" >
   <i type="int" name="NWRITE">     2</i>
   <i type="logical" name="LWAVE"> T  </i>
   <i type="logical" name="LCHARG"> T  </i>
   <i type="logical" name="LPARD"> F  </i>
   <i type="logical" name="LVTOT"> F  </i>
   <i type="logical" name="LVHAR"> F  </i>
   <i type="logical" name="LELF"> F  </i>
   <i type="logical" name="LOPTICS"> F  </i>
   <v name="STM">      0.00000000      0.00000000      0.00000000      0.00000000      0.00000000      0.00000000      0.00000000</v>
  </separator>
  <separator name="performance" >
   <i type="int" name="NPAR">     1</i>
   <i type="int" name="NSIM">     4</i>
   <i type="int" name="NBLK">    -1</i>
   <i type="logical" name="LPLANE"> T  </i>
   <i type="logical" name="LSCALAPACK"> F  </i>
   <i type="logical" name="LSCAAWARE"> F  </i>
   <i type="logical" name="LSCALU"> F  </i>
   <i type="logical" name="LASYNC"> F  </i>
   <i type="logical" name="LORBITALREAL"> F  </i>
  </separator>
  <separator name="miscellaneous" >
   <i type="int" name="IDIOT">     3</i>
   <i type="logical" name="LMUSIC"> F  </i>
   <v name="POMASS">     28.08500000</v>
   <v name="DARWINR">      0.00000000</v>
   <v name="DARWINV">      1.00000000</v>
   <i type="logical" name="LCORR"> T  </i>
  </separator>
  <i type="logical" name="GGA_COMPAT"> T  </i>
  <i type="logical" name="LBERRY"> F  </i>
  <i type="int" name="ICORELEVEL">     0</i>
  <i type="logical" name="LDAU"> F  </i>
  <i type="int" name="I_CONSTRAINED_M">     0</i>
  <separator name="electronic exchange-correlation" >
   <i type="string" name="GGA">--</i>
   <i type="int" name="VOSKOWN">     0</i>
   <i type="logical" name="LHFCALC"> F  </i>
   <i type="string" name="PRECFOCK"></i>
   <i type="logical" name="LSYMGRAD"> F  </i>
   <i type="logical" name="LHFONE"> F  </i>
   <i type="logical" name="LRHFCALC"> F  </i>
   <i type="logical" name="LTHOMAS"> F  </i>
   <i type="logical" name="LMODELHF"> F  </i>
   <i name="ENCUT4O">     -1.00000000</i>
   <i type="int" name="EXXOEP">     0</i>
   <i type="int" name="FOURORBIT">     0</i>
   <i name="AEXX">      0.00000000</i>
   <i name="HFALPHA">      0.00000000</i>
   <i name="MCALPHA">      0.00000000</i>
   <i name="ALDAX">      1.00000000</i>
   <i name="AGGAX">      1.00000000</i>
   <i name="ALDAC">      1.00000000</i>
   <i name="AGGAC">      1.00000000</i>
   <i type="int" name="NKREDX">     1</i>
   <i type="int" name="NKREDY">     1</i>
   <i type="int" name="NKREDZ">     1</i>
   <i type="logical" name="SHIFTRED"> F  </i>
   <i type="logical" name="ODDONLY"> F  </i>
   <i type="logical" name="EVENONLY"> F  </i>
   <i type="int" name="LMAXFOCK">     0</i>
   <i type="int" name="NMAXFOCKAE">     0</i>
   <i type="logical" name="LFOCKAEDFT"> F  </i>
   <i name="HFSCREEN">      0.00000000</i>
   <i name="HFSCREENC">      0.00000000</i>
   <i type="int" name="NBANDSGWLOW">     0</i>
  </separator>
  <separator name="vdW DFT" >
   <i type="logical" name="LUSE_VDW"> F  </i>
   <i name="Zab_VDW">     -0.84910000</i>
   <i name="PARAM1">      0.12340000</i>
   <i name="PARAM2">      1.00000000</i>
   <i name="PARAM3">      0.00000000</i>
  </separator>
  <separator name="model GW" >
   <i type="int" name="MODEL_GW">     0</i>
   <i name="MODEL_EPS0">     12.20785020</i>
   <i name="MODEL_ALPHA">      1.00000000</i>
  </separator>
  <separator name="linear response parameters" >
   <i type="logical" name="LEPSILON"> F  </i>
   <i type="logical" name="LRPA"> F  </i>
   <i type="logical" name="LNABLA"> F  </i>
   <i type="logical" name="LVEL"> F  </i>
   <i type="int" name="KINTER">     0</i>
   <i name="CSHIFT">      0.10000000</i>
   <i name="OMEGAMAX">     -1.00000000</i>
   <i name="DEG_THRESHOLD">      0.00200000</i>
  </separator>
  <separator name="orbital magnetization" >
   <i type="logical" name="NUCIND"> F  </i>
   <v name="MAGPOS">      0.00000000      0.00000000      0.00000000</v>
   <i type="logical" name="LNICSALL"> T  </i>
   <i type="logical" name="ORBITALMAG"> F  </i>
   <i type="logical" name="LMAGBLOCH"> F  </i>
   <i type="logical" name="LCHIMAG"> F  </i>
   <i type="logical" name="LGAUGE"> T  </i>
   <i type="int" name="MAGATOM">     0</i>
   <v name="MAGDIPOL">      0.00000000      0.00000000      0.00000000</v>
   <v name="AVECCONST">      0.00000000      0.00000000      0.00000000</v>
  </separator>
  <separator name="response functions" >
   <i type="logical" name="LADDER"> F  </i>
   <i type="logical" name="LFXC"> F  </i>
   <i type="logical" name="LHARTREE"> T  </i>
   <i type="int" name="IBSE">     0</i>
   <v type="int" name="KPOINT">    -1     0     0     0</v>
   <i type="logical" name="LTCTE"> F  </i>
   <i type="logical" name="LTETE"> F  </i>
   <i type="logical" name="LTRIPLET"> F  </i>
   <i type="logical" name="LFXCEPS"> F  </i>
   <i type="logical" name="LFXHEG"> F  </i>
   <i type="int" name="NATURALO">     0</i>
   <i type="logical" name="L2ORDER"> F  </i>
   <i type="logical" name="LUSEW"> F  </i>
   <i name="ENCUTGW">     -2.00000000</i>
   <i name="ENCUTGWSOFT">     -2.00000000</i>
   <i name="ENCUTLF">     -1.00000000</i>
   <i type="int" name="LMAXMP2">    -1</i>
   <i name="SCISSOR">      0.00000000</i>
   <i type="int" name="NOMEGA">     0</i>
   <i type="int" name="NOMEGAR">     0</i>
   <i type="int" name="NBANDSGW">    -1</i>
   <i type="int" name="NBANDSO">    -1</i>
   <i type="int" name="NBANDSV">    -1</i>
   <i type="int" name="NELM">     1</i>
   <i type="int" name="NELMHF">     1</i>
   <i type="int" name="DIM">     3</i>
   <i type="int" name="ANTIRES">     0</i>
   <i name="OMEGAMAX">    -30.00000000</i>
   <i name="OMEGAMIN">    -30.00000000</i>
   <i name="OMEGATL">   -200.00000000</i>
   <i type="int" name="OMEGAGRID">     0</i>
   <i name="CSHIFT">     -0.10000000</i>
   <i type="logical" name="SELFENERGY"> F  </i>
   <i type="logical" name="LSPECTRAL"> F  </i>
   <i type="logical" name="LSPECTRALGW"> F  </i>
   <i type="logical" name="LSINGLES"> F  </i>
   <i type="logical" name="LFERMIGW"> F  </i>
   <i type="logical" name="ODDONLYGW"> F  </i>
   <i type="logical" name="EVENONLYGW"> F  </i>
   <i type="int" name="NKREDLFX">     1</i>
   <i type="int" name="NKREDLFY">     1</i>
   <i type="int" name="NKREDLFZ">     1</i>
   <i type="int" name="MAXMEM">  1800</i>
   <i type="int" name="TELESCOPE">     0</i>
   <i type="int" name="TAUPAR">     1</i>
   <i type="int" name="OMEGAPAR">    -1</i>
   <i name="LAMBDA">      1.00000000</i>
  </separator>
  <separator name="External order field" >
   <i name="OFIELD_KAPPA">      0.00000000</i>
   <v name="OFIELD_K">      0.00000000      0.00000000      0.00000000</v>
   <i name="OFIELD_Q6_NEAR">      0.00000000</i>
   <i name="OFIELD_Q6_FAR">      0.00000000</i>
   <i name="OFIELD_A">      0.00000000</i>
  </separator>
 </parameters>
 <atominfo>
  <atoms>       2 </atoms>
  <types>       1 </types>
  <array name="atoms" >
   <dimension dim="1">ion</dimension>
   <field type="string">element</field>
   <field type="int">atomtype</field>
   <set>
    <rc><c>Si</c><c>   1</c></rc>
    <rc><c>Si</c><c>   1</c></rc>
   </set>
  </array>
  <array name="atomtypes" >
   <dimension dim="1">type</dimension>
   <field type="int">atomspertype</field>
   <field type="string">element</field>
   <field>mass</field>
   <field>valence</field>
   <field type="string">pseudopotential</field>
   <set>
    <rc><c>   2</c><c>Si</c><c>     28.08500000</c><c>      4.00000000</c><c>  PAW_PBE Si 05Jan2001                  </c></rc>
   </set>
  </array>
 </atominfo>
 <structure name="initialpos" >
  <crystal>
   <varray name="basis" >
    <v>       0.00000000       2.73000000       2.73000000 </v>
    <v>       2.73000000       0.00000000       2.73000000 </v>
    <v>       2.73000000       2.73000000       0.00000000 </v>
   </varray>
   <i name="volume">     40.69283400 </i>
   <varray name="rec_basis" >
    <v>      -0.18315018       0.18315018       0.18315018 </v>
    <v>       0.18315018      -0.18315018       0.18315018 </v>
    <v>       0.18315018       0.18315018      -0.18315018 </v>
   </varray>
  </crystal>
  <varray name="positions" >
   <v>       0.12500000       0.12500000       0.12500000 </v>
   <v>       0.87500000       0.87500000       0.87500000 </v>
  </varray>
 </structure>
 <calculation>
  <scstep>
   <time name="dav">    0.21    0.21</time>
   <time name="total">    0.30    0.30</time>
   <energy>
    <i name="alphaZ">      3.30899841 </i>
    <i name="ewald">   -227.30768138 </i>
    <i name="hartreedc">    -15.10900707 </i>
    <i name="XCdc">    -18.03578979 </i>
    <i name="pawpsdc">    877.22679038 </i>
    <i name="pawaedc">   -842.25196215 </i>
    <i name="eentropy">     -0.02548710 </i>
    <i name="bandstr">     24.39353094 </i>
    <i name="atom">    206.12968587 </i>
    <i name="e_fr_energy">      8.32907812 </i>
    <i name="e_wo_entrp">      8.35456522 </i>
    <i name="e_0_energy">      8.34182167 </i>
   </energy>
  </scstep>
  <scstep>
   <time name="dav">    0.32    0.32</time>
   <time name="total">    0.32    0.32</time>
   <energy>
    <i name="e_fr_energy">     -3.27298056 </i>
    <i name="e_wo_entrp">     -3.27296014 </i>
    <i name="e_0_energy">     -3.27297035 </i>
   </energy>
  </scstep>
  <scstep>
   <time name="dav">    0.27    0.27</time>
   <time name="total">    0.27    0.27</time>
   <energy>
    <i name="e_fr_energy">     -3.43493426 </i>
    <i name="e_wo_entrp">     -3.43492506 </i>
    <i name="e_0_energy">     -3.43492966 </i>
   </energy>
  </scstep>
  <scstep>
   <time name="dav">    0.26    0.26</time>
   <time name="total">    0.26    0.26</time>
   <energy>
    <i name="e_fr_energy">     -3.43538965 </i>
    <i name="e_wo_entrp">     -3.43538049 </i>
    <i name="e_0_energy">     -3.43538507 </i>
   </energy>
  </scstep>
  <scstep>
   <time name="dav">    0.25    0.26</time>
   <time name="total">    0.26    0.26</time>
   <energy>
    <i name="e_fr_energy">     -3.43539414 </i>
    <i name="e_wo_entrp">     -3.43538498 </i>
    <i name="e_0_energy">     -3.43538956 </i>
   </energy>
  </scstep>
  <scstep>
   <time name="dav">    0.21    0.21</time>
   <time name="total">    0.21    0.21</time>
   <energy>
    <i name="alphaZ">      3.30899841 </i>
    <i name="ewald">   -227.30768138 </i>
    <i name="hartreedc">    -15.10900707 </i>
    <i name="XCdc">    -18.03578979 </i>
    <i name="pawpsdc">    877.22679038 </i>
    <i name="pawaedc">   -842.25196215 </i>
    <i name="eentropy">     -0.00000915 </i>
    <i name="bandstr">     12.60358067 </i>
    <i name="atom">    206.12968587 </i>
    <i name="e_fr_energy">     -3.43539422 </i>
    <i name="e_wo_entrp">     -3.43538506 </i>
    <i name="e_0_energy">     -3.43538964 </i>
   </energy>
  </scstep>
  <structure>
   <crystal>
    <varray name="basis" >
     <v>       0.00000000       2.73000000       2.73000000 </v>
     <v>       2.73000000       0.00000000       2.73000000 </v>
     <v>       2.73000000       2.73000000       0.00000000 </v>
    </varray>
    <i name="volume">     40.69283400 </i>
    <varray name="rec_basis" >
     <v>      -0.18315018       0.18315018       0.18315018 </v>
     <v>       0.18315018      -0.18315018       0.18315018 </v>
     <v>       0.18315018       0.18315018      -0.18315018 </v>
    </varray>
   </crystal>
   <varray name="positions" >
    <v>       0.12500000       0.12500000       0.12500000 </v>
    <v>       0.87500000       0.87500000       0.87500000 </v>
   </varray>
  </structure>
  <varray name="forces" >
   <v>       0.00000000       0.00000000       0.00000000 </v>
   <v>       0.00000000       0.00000000       0.00000000 </v>
  </varray>
  <varray name="stress" >
   <v>     286.54117604       0.00000000       0.00000000 </v>
   <v>       0.00000000     286.54117604       0.00000000 </v>
   <v>       0.00000000       0.00000000     286.54117604 </v>
  </varray>
  <energy>
   <i name="e_fr_energy">     -3.43539422 </i>
   <i name="e_wo_entrp">     -3.43538964 </i>
   <i name="e_0_energy">     -0.00000915 </i>
  </energy>
  <time name="totalsc">    2.07    2.07</time>
  <eigenvalues>
   <array>
    <dimension dim="1">band</dimension>
    <dimension dim="2">kpoint</dimension>
    <dimension dim="3">spin</dimension>
    <field>eigene</field>
    <field>occ</field>
    <set>
     <set comment="spin 1">
      <set comment="kpoint 1">
       <r>   -6.1840    1.0000 </r>
       <r>    5.6643    1.0000 </r>
       <r>    5.6644    1.0000 </r>
       <r>    5.6644    1.0000 </r>
       <r>    8.2255    0.0000 </r>
       <r>    8.2255    0.0000 </r>
       <r>    8.2255    0.0000 </r>
       <r>    8.8512    0.0000 </r>
      </set>
      <set comment="kpoint 2">
       <r>   -6.1836    1.0000 </r>
       <r>    5.6612    1.0000 </r>
       <r>    5.6625    1.0000 </r>
       <r>    5.6625    1.0000 </r>
       <r>    8.2244    0.0000 </r>
       <r>    8.2279    0.0000 </r>
       <r>    8.2279    0.0000 </r>
       <r>    8.8543    0.0000 </r>
      </set>
      <set comment="kpoint 3">
       <r>   -6.1836    1.0000 </r>
       <r>    5.6612    1.0000 </r>
       <r>    5.6625    1.0000 </r>
       <r>    5.6625    1.0000 </r>
       <r>    8.2244    0.0000 </r>
       <r>    8.2279    0.0000 </r>
       <r>    8.2279    0.0000 </r>
       <r>    8.8543    0.0000 </r>
      </set>
      <set comment="kpoint 4">
       <r>   -6.1836    1.0000 </r>
       <r>    5.6612    1.0000 </r>
       <r>    5.6625    1.0000 </r>
       <r>    5.6625    1.0000 </r>
       <r>    8.2244    0.0000 </r>
       <r>    8.2279    0.0000 </r>
       <r>    8.2279    0.0000 </r>
       <r>    8.8543    0.0000 </r>
      </set>
      <set comment="kpoint 5">
       <r>   -3.1793    1.0000 </r>
       <r>   -0.9008    1.0000 </r>
       <r>    2.9449    1.0000 </r>
       <r>    2.9449    1.0000 </r>
       <r>    6.2699    0.0000 </r>
       <r>    6.8136    0.0000 </r>
       <r>   14.5714    0.0000 </r>
       <r>   14.5715    0.0000 </r>
      </set>
      <set comment="kpoint 6">
       <r>   -3.1113    1.0000 </r>
       <r>   -0.9835    1.0000 </r>
       <r>    2.9336    1.0000 </r>
       <r>    2.9337    1.0000 </r>
       <r>    6.2715    0.0000 </r>
       <r>    6.7782    0.0000 </r>
       <r>   14.6637    0.0000 </r>
       <r>   14.6638    0.0000 </r>
      </set>
      <set comment="kpoint 7">
       <r>   -3.1790    1.0000 </r>
       <r>   -0.9008    1.0000 </r>
       <r>    2.9433    1.0000 </r>
       <r>    2.9441    1.0000 </r>
       <r>    6.2725    0.0000 </r>
       <r>    6.8158    0.0000 </r>
       <r>   14.5624    0.0000 </r>
       <r>   14.5714    0.0000 </r>
      </set>
      <set comment="kpoint 8">
       <r>   -3.1790    1.0000 </r>
       <r>   -0.9008    1.0000 </r>
       <r>    2.9433    1.0000 </r>
       <r>    2.9441    1.0000 </r>
       <r>    6.2725    0.0000 </r>
       <r>    6.8158    0.0000 </r>
       <r>   14.5624    0.0000 </r>
       <r>   14.5714    0.0000 </r>
      </set>
     </set>
    </set>
   </array>
  </eigenvalues>
  <separator name="orbital magnetization" >
   <v name="MAGDIPOLOUT">      0.00000000      0.00000000      0.00000000</v>
  </separator>
  <dos>
   <i name="efermi">      5.97571023 </i>
   <total>
    <array>
     <dimension dim="1">gridpoints</dimension>
     <dimension dim="2">spin</dimension>
     <field>energy</field>
     <field>total</field>
     <field>integrated</field>
     <set>
      <set comment="spin 1">
       <r>    -7.2264     0.0000     0.0000 </r>
       <r>    -7.1499     0.0000     0.0000 </r>
       <r>    -7.0735     0.0000     0.0000 </r>
       <r>    -6.9970     0.0000     0.0000 </r>
       <r>    -6.9206     0.0000     0.0000 </r>
       <r>    -6.8442     0.0000     0.0000 </r>
       <r>    -6.7677     0.0000     0.0000 </r>
       <r>    -6.6913     0.0000     0.0000 </r>
       <r>    -6.6148     0.0000     0.0000 </r>
       <r>    -6.5384     0.0000     0.0000 </r>
       <r>    -6.4619     0.0005     0.0000 </r>
       <r>    -6.3855     0.0276     0.0022 </r>
       <r>    -6.3091     0.4698     0.0381 </r>
       <r>    -6.2326     2.6981     0.2443 </r>
       <r>    -6.1562     5.3228     0.6512 </r>
       <r>    -6.0797     3.6363     0.9292 </r>
       <r>    -6.0033     0.8563     0.9946 </r>
       <r>    -5.9269     0.0685     0.9999 </r>
       <r>    -5.8504     0.0018     1.0000 </r>
       <r>    -5.7740     0.0000     1.0000 </r>
       <r>    -5.6975     0.0000     1.0000 </r>
       <r>    -5.6211     0.0000     1.0000 </r>
       <r>    -5.5446     0.0000     1.0000 </r>
       <r>    -5.4682     0.0000     1.0000 </r>
       <r>    -5.3918     0.0000     1.0000 </r>
       <r>    -5.3153     0.0000     1.0000 </r>
       <r>    -5.2389     0.0000     1.0000 </r>
       <r>    -5.1624     0.0000     1.0000 </r>
       <r>    -5.0860     0.0000     1.0000 </r>
       <r>    -5.0096     0.0000     1.0000 </r>
       <r>    -4.9331     0.0000     1.0000 </r>
       <r>    -4.8567     0.0000     1.0000 </r>
       <r>    -4.7802     0.0000     1.0000 </r>
       <r>    -4.7038     0.0000     1.0000 </r>
       <r>    -4.6273     0.0000     1.0000 </r>
       <r>    -4.5509     0.0000     1.0000 </r>
       <r>    -4.4745     0.0000     1.0000 </r>
       <r>    -4.3980     0.0000     1.0000 </r>
       <r>    -4.3216     0.0000     1.0000 </r>
       <r>    -4.2451     0.0000     1.0000 </r>
       <r>    -4.1687     0.0000     1.0000 </r>
       <r>    -4.0922     0.0000     1.0000 </r>
       <r>    -4.0158     0.0000     1.0000 </r>
       <r>    -3.9394     0.0000     1.0000 </r>
       <r>    -3.8629     0.0000     1.0000 </r>
       <r>    -3.7865     0.0000     1.0000 </r>
       <r>    -3.7100     0.0000     1.0000 </r>
       <r>    -3.6336     0.0000     1.0000 </r>
       <r>    -3.5572     0.0000     1.0000 </r>
       <r>    -3.4807     0.0001     1.0000 </r>
       <r>    -3.4043     0.0071     1.0005 </r>
       <r>    -3.3278     0.1702     1.0136 </r>
       <r>    -3.2514     1.4044     1.1209 </r>
       <r>    -3.1749     4.1553     1.4385 </r>
       <r>    -3.0985     4.6967     1.7976 </r>
       <r>    -3.0221     2.1806     1.9643 </r>
       <r>    -2.9456     0.4316     1.9973 </r>
       <r>    -2.8692     0.0349     1.9999 </r>
       <r>    -2.7927     0.0011     2.0000 </r>
       <r>    -2.7163     0.0000     2.0000 </r>
       <r>    -2.6399     0.0000     2.0000 </r>
       <r>    -2.5634     0.0000     2.0000 </r>
       <r>    -2.4870     0.0000     2.0000 </r>
       <r>    -2.4105     0.0000     2.0000 </r>
       <r>    -2.3341     0.0000     2.0000 </r>
       <r>    -2.2576     0.0000     2.0000 </r>
       <r>    -2.1812     0.0000     2.0000 </r>
       <r>    -2.1048     0.0000     2.0000 </r>
       <r>    -2.0283     0.0000     2.0000 </r>
       <r>    -1.9519     0.0000     2.0000 </r>
       <r>    -1.8754     0.0000     2.0000 </r>
       <r>    -1.7990     0.0000     2.0000 </r>
       <r>    -1.7225     0.0000     2.0000 </r>
       <r>    -1.6461     0.0000     2.0000 </r>
       <r>    -1.5697     0.0000     2.0000 </r>
       <r>    -1.4932     0.0000     2.0000 </r>
       <r>    -1.4168     0.0000     2.0000 </r>
       <r>    -1.3403     0.0000     2.0000 </r>
       <r>    -1.2639     0.0001     2.0000 </r>
       <r>    -1.1875     0.0065     2.0005 </r>
       <r>    -1.1110     0.1245     2.0100 </r>
       <r>    -1.0346     0.9251     2.0807 </r>
       <r>    -0.9581     3.0865     2.3167 </r>
       <r>    -0.8817     4.8347     2.6863 </r>
       <r>    -0.8052     3.2195     2.9324 </r>
       <r>    -0.7288     0.8109     2.9943 </r>
       <r>    -0.6524     0.0719     2.9998 </r>
       <r>    -0.5759     0.0022     3.0000 </r>
       <r>    -0.4995     0.0000     3.0000 </r>
       <r>    -0.4230     0.0000     3.0000 </r>
       <r>    -0.3466     0.0000     3.0000 </r>
       <r>    -0.2702     0.0000     3.0000 </r>
       <r>    -0.1937     0.0000     3.0000 </r>
       <r>    -0.1173     0.0000     3.0000 </r>
       <r>    -0.0408     0.0000     3.0000 </r>
       <r>     0.0356     0.0000     3.0000 </r>
       <r>     0.1121     0.0000     3.0000 </r>
       <r>     0.1885     0.0000     3.0000 </r>
       <r>     0.2649     0.0000     3.0000 </r>
       <r>     0.3414     0.0000     3.0000 </r>
       <r>     0.4178     0.0000     3.0000 </r>
       <r>     0.4943     0.0000     3.0000 </r>
       <r>     0.5707     0.0000     3.0000 </r>
       <r>     0.6471     0.0000     3.0000 </r>
       <r>     0.7236     0.0000     3.0000 </r>
       <r>     0.8000     0.0000     3.0000 </r>
       <r>     0.8765     0.0000     3.0000 </r>
       <r>     0.9529     0.0000     3.0000 </r>
       <r>     1.0294     0.0000     3.0000 </r>
       <r>     1.1058     0.0000     3.0000 </r>
       <r>     1.1822     0.0000     3.0000 </r>
       <r>     1.2587     0.0000     3.0000 </r>
       <r>     1.3351     0.0000     3.0000 </r>
       <r>     1.4116     0.0000     3.0000 </r>
       <r>     1.4880     0.0000     3.0000 </r>
       <r>     1.5645     0.0000     3.0000 </r>
       <r>     1.6409     0.0000     3.0000 </r>
       <r>     1.7173     0.0000     3.0000 </r>
       <r>     1.7938     0.0000     3.0000 </r>
       <r>     1.8702     0.0000     3.0000 </r>
       <r>     1.9467     0.0000     3.0000 </r>
       <r>     2.0231     0.0000     3.0000 </r>
       <r>     2.0995     0.0000     3.0000 </r>
       <r>     2.1760     0.0000     3.0000 </r>
       <r>     2.2524     0.0000     3.0000 </r>
       <r>     2.3289     0.0000     3.0000 </r>
       <r>     2.4053     0.0000     3.0000 </r>
       <r>     2.4818     0.0000     3.0000 </r>
       <r>     2.5582     0.0000     3.0000 </r>
       <r>     2.6346     0.0002     3.0000 </r>
       <r>     2.7111     0.0148     3.0011 </r>
       <r>     2.7875     0.3748     3.0298 </r>
       <r>     2.8640     3.1934     3.2739 </r>
       <r>     2.9404     9.3384     3.9878 </r>
       <r>     3.0168     9.4804     4.7125 </r>
       <r>     3.0933     3.3410     4.9678 </r>
       <r>     3.1697     0.4039     4.9987 </r>
       <r>     3.2462     0.0165     5.0000 </r>
       <r>     3.3226     0.0002     5.0000 </r>
       <r>     3.3991     0.0000     5.0000 </r>
       <r>     3.4755     0.0000     5.0000 </r>
       <r>     3.5519     0.0000     5.0000 </r>
       <r>     3.6284     0.0000     5.0000 </r>
       <r>     3.7048     0.0000     5.0000 </r>
       <r>     3.7813     0.0000     5.0000 </r>
       <r>     3.8577     0.0000     5.0000 </r>
       <r>     3.9342     0.0000     5.0000 </r>
       <r>     4.0106     0.0000     5.0000 </r>
       <r>     4.0870     0.0000     5.0000 </r>
       <r>     4.1635     0.0000     5.0000 </r>
       <r>     4.2399     0.0000     5.0000 </r>
       <r>     4.3164     0.0000     5.0000 </r>
       <r>     4.3928     0.0000     5.0000 </r>
       <r>     4.4692     0.0000     5.0000 </r>
       <r>     4.5457     0.0000     5.0000 </r>
       <r>     4.6221     0.0000     5.0000 </r>
       <r>     4.6986     0.0000     5.0000 </r>
       <r>     4.7750     0.0000     5.0000 </r>
       <r>     4.8515     0.0000     5.0000 </r>
       <r>     4.9279     0.0000     5.0000 </r>
       <r>     5.0043     0.0000     5.0000 </r>
       <r>     5.0808     0.0000     5.0000 </r>
       <r>     5.1572     0.0000     5.0000 </r>
       <r>     5.2337     0.0000     5.0000 </r>
       <r>     5.3101     0.0000     5.0000 </r>
       <r>     5.3865     0.0018     5.0001 </r>
       <r>     5.4630     0.0915     5.0071 </r>
       <r>     5.5394     1.5059     5.1223 </r>
       <r>     5.6159     8.3795     5.7628 </r>
       <r>     5.6923    16.0284     6.9880 </r>
       <r>     5.7688    10.6200     7.7999 </r>
       <r>     5.8452     2.4253     7.9852 </r>
       <r>     5.9216     0.1881     7.9996 </r>
       <r>     5.9981     0.0056     8.0001 </r>
       <r>     6.0745     0.0342     8.0027 </r>
       <r>     6.1510     0.5413     8.0440 </r>
       <r>     6.2274     2.9048     8.2661 </r>
       <r>     6.3039     5.3610     8.6759 </r>
       <r>     6.3803     3.4272     8.9379 </r>
       <r>     6.4567     0.7549     8.9956 </r>
       <r>     6.5332     0.0576     9.0000 </r>
       <r>     6.6096     0.0462     9.0035 </r>
       <r>     6.6861     0.6028     9.0496 </r>
       <r>     6.7625     2.9417     9.2745 </r>
       <r>     6.8389     5.2434     9.6753 </r>
       <r>     6.9154     3.3966     9.9349 </r>
       <r>     6.9918     0.7862     9.9950 </r>
       <r>     7.0683     0.0634     9.9999 </r>
       <r>     7.1447     0.0017    10.0000 </r>
       <r>     7.2212     0.0000    10.0000 </r>
       <r>     7.2976     0.0000    10.0000 </r>
       <r>     7.3740     0.0000    10.0000 </r>
       <r>     7.4505     0.0000    10.0000 </r>
       <r>     7.5269     0.0000    10.0000 </r>
       <r>     7.6034     0.0000    10.0000 </r>
       <r>     7.6798     0.0000    10.0000 </r>
       <r>     7.7562     0.0000    10.0000 </r>
       <r>     7.8327     0.0000    10.0000 </r>
       <r>     7.9091     0.0001    10.0000 </r>
       <r>     7.9856     0.0128    10.0010 </r>
       <r>     8.0620     0.3813    10.0301 </r>
       <r>     8.1385     3.7965    10.3204 </r>
       <r>     8.2149    12.8909    11.3058 </r>
       <r>     8.2913    15.1245    12.4619 </r>
       <r>     8.3678     6.1435    12.9315 </r>
       <r>     8.4442     0.8551    12.9969 </r>
       <r>     8.5207     0.0401    13.0000 </r>
       <r>     8.5971     0.0025    13.0001 </r>
       <r>     8.6736     0.0696    13.0055 </r>
       <r>     8.7500     0.8651    13.0716 </r>
       <r>     8.8264     3.6526    13.3508 </r>
       <r>     8.9029     5.3180    13.7573 </r>
       <r>     8.9793     2.6820    13.9623 </r>
       <r>     9.0558     0.4648    13.9979 </r>
       <r>     9.1322     0.0272    14.0000 </r>
       <r>     9.2086     0.0005    14.0000 </r>
       <r>     9.2851     0.0000    14.0000 </r>
       <r>     9.3615     0.0000    14.0000 </r>
       <r>     9.4380     0.0000    14.0000 </r>
       <r>     9.5144     0.0000    14.0000 </r>
       <r>     9.5909     0.0000    14.0000 </r>
       <r>     9.6673     0.0000    14.0000 </r>
       <r>     9.7437     0.0000    14.0000 </r>
       <r>     9.8202     0.0000    14.0000 </r>
       <r>     9.8966     0.0000    14.0000 </r>
       <r>     9.9731     0.0000    14.0000 </r>
       <r>    10.0495     0.0000    14.0000 </r>
       <r>    10.1259     0.0000    14.0000 </r>
       <r>    10.2024     0.0000    14.0000 </r>
       <r>    10.2788     0.0000    14.0000 </r>
       <r>    10.3553     0.0000    14.0000 </r>
       <r>    10.4317     0.0000    14.0000 </r>
       <r>    10.5082     0.0000    14.0000 </r>
       <r>    10.5846     0.0000    14.0000 </r>
       <r>    10.6610     0.0000    14.0000 </r>
       <r>    10.7375     0.0000    14.0000 </r>
       <r>    10.8139     0.0000    14.0000 </r>
       <r>    10.8904     0.0000    14.0000 </r>
       <r>    10.9668     0.0000    14.0000 </r>
       <r>    11.0433     0.0000    14.0000 </r>
       <r>    11.1197     0.0000    14.0000 </r>
       <r>    11.1961     0.0000    14.0000 </r>
       <r>    11.2726     0.0000    14.0000 </r>
       <r>    11.3490     0.0000    14.0000 </r>
       <r>    11.4255     0.0000    14.0000 </r>
       <r>    11.5019     0.0000    14.0000 </r>
       <r>    11.5783     0.0000    14.0000 </r>
       <r>    11.6548     0.0000    14.0000 </r>
       <r>    11.7312     0.0000    14.0000 </r>
       <r>    11.8077     0.0000    14.0000 </r>
       <r>    11.8841     0.0000    14.0000 </r>
       <r>    11.9606     0.0000    14.0000 </r>
       <r>    12.0370     0.0000    14.0000 </r>
       <r>    12.1134     0.0000    14.0000 </r>
       <r>    12.1899     0.0000    14.0000 </r>
       <r>    12.2663     0.0000    14.0000 </r>
       <r>    12.3428     0.0000    14.0000 </r>
       <r>    12.4192     0.0000    14.0000 </r>
       <r>    12.4956     0.0000    14.0000 </r>
       <r>    12.5721     0.0000    14.0000 </r>
       <r>    12.6485     0.0000    14.0000 </r>
       <r>    12.7250     0.0000    14.0000 </r>
       <r>    12.8014     0.0000    14.0000 </r>
       <r>    12.8779     0.0000    14.0000 </r>
       <r>    12.9543     0.0000    14.0000 </r>
       <r>    13.0307     0.0000    14.0000 </r>
       <r>    13.1072     0.0000    14.0000 </r>
       <r>    13.1836     0.0000    14.0000 </r>
       <r>    13.2601     0.0000    14.0000 </r>
       <r>    13.3365     0.0000    14.0000 </r>
       <r>    13.4130     0.0000    14.0000 </r>
       <r>    13.4894     0.0000    14.0000 </r>
       <r>    13.5658     0.0000    14.0000 </r>
       <r>    13.6423     0.0000    14.0000 </r>
       <r>    13.7187     0.0000    14.0000 </r>
       <r>    13.7952     0.0000    14.0000 </r>
       <r>    13.8716     0.0000    14.0000 </r>
       <r>    13.9480     0.0000    14.0000 </r>
       <r>    14.0245     0.0000    14.0000 </r>
       <r>    14.1009     0.0000    14.0000 </r>
       <r>    14.1774     0.0000    14.0000 </r>
       <r>    14.2538     0.0001    14.0000 </r>
       <r>    14.3303     0.0075    14.0006 </r>
       <r>    14.4067     0.2133    14.0169 </r>
       <r>    14.4831     2.0565    14.1741 </r>
       <r>    14.5596     7.0181    14.7106 </r>
       <r>    14.6360     9.2632    15.4187 </r>
       <r>    14.7125     5.5864    15.8457 </r>
       <r>    14.7889     1.7492    15.9794 </r>
       <r>    14.8653     0.2549    15.9989 </r>
       <r>    14.9418     0.0143    16.0000 </r>
       <r>    15.0182     0.0003    16.0000 </r>
       <r>    15.0947     0.0000    16.0000 </r>
       <r>    15.1711     0.0000    16.0000 </r>
       <r>    15.2476     0.0000    16.0000 </r>
       <r>    15.3240     0.0000    16.0000 </r>
       <r>    15.4004     0.0000    16.0000 </r>
       <r>    15.4769     0.0000    16.0000 </r>
       <r>    15.5533     0.0000    16.0000 </r>
       <r>    15.6298     0.0000    16.0000 </r>
       <r>    15.7062     0.0000    16.0000 </r>
      </set>
     </set>
    </array>
   </total>
  </dos>
 </calculation>
 <structure name="finalpos" >
  <crystal>
   <varray name="basis" >
    <v>       0.00000000       2.73000000       2.73000000 </v>
    <v>       2.73000000       0.00000000       2.73000000 </v>
    <v>       2.73000000       2.73000000       0.00000000 </v>
   </varray>
   <i name="volume">     40.69283400 </i>
   <varray name="rec_basis" >
    <v>      -0.18315018       0.18315018       0.18315018 </v>
    <v>       0.18315018      -0.18315018       0.18315018 </v>
    <v>       0.18315018       0.18315018      -0.18315018 </v>
   </varray>
  </crystal>
  <varray name="positions" >
   <v>       0.12500000       0.12500000       0.12500000 </v>
   <v>       0.87500000       0.87500000       0.87500000 </v>
  </varray>
 </structure>
</modeling>
