<?xml version="1.0" encoding="ISO-8859-1"?>
<modeling>
 <generator>
  <i name="program" type="string">vasp </i>
  <i name="version" type="string">5.3.5  </i>
  <i name="subversion" type="string">31Mar14 (build Mar  3 2015 15:12:40) complex                          serial </i>
  <i name="platform" type="string">LinuxIFC </i>
  <i name="date" type="string">2015 11 25 </i>
  <i name="time" type="string">20:34:42 </i>
 </generator>
 <incar>
  <i type="string" name="PREC">normal</i>
  <i type="int" name="IBRION">     2</i>
  <i type="int" name="NSW">   100</i>
  <i type="int" name="ISIF">     3</i>
  <i name="ENCUT">    200.00000000</i>
 </incar>
 <kpoints>
  <generation param="Auto">
   <i name="subdivisionlength">     30.00000000 </i>
   <v type="int" name="divisions">      10       10       10 </v>
   <v name="usershift">      0.00000000       0.00000000       0.00000000 </v>
   <v name="genvec1">      0.10000000       0.00000000       0.00000000 </v>
   <v name="genvec2">      0.00000000       0.10000000       0.00000000 </v>
   <v name="genvec3">      0.00000000       0.00000000       0.10000000 </v>
   <v name="shift">      0.00000000       0.00000000       0.00000000 </v>
  </generation>
  <varray name="kpointlist" >
   <v>       0.00000000       0.00000000       0.00000000 </v>
   <v>       0.10000000       0.00000000       0.00000000 </v>
   <v>       0.20000000       0.00000000       0.00000000 </v>
   <v>       0.30000000       0.00000000       0.00000000 </v>
   <v>       0.40000000       0.00000000       0.00000000 </v>
   <v>       0.50000000       0.00000000       0.00000000 </v>
   <v>       0.10000000       0.10000000       0.00000000 </v>
   <v>       0.20000000       0.10000000       0.00000000 </v>
   <v>       0.30000000       0.10000000       0.00000000 </v>
   <v>       0.40000000       0.10000000       0.00000000 </v>
   <v>       0.50000000       0.10000000       0.00000000 </v>
   <v>      -0.40000000       0.10000000       0.00000000 </v>
   <v>      -0.30000000       0.10000000       0.00000000 </v>
   <v>      -0.20000000       0.10000000       0.00000000 </v>
   <v>      -0.10000000       0.10000000       0.00000000 </v>
   <v>       0.20000000       0.20000000       0.00000000 </v>
   <v>       0.30000000       0.20000000       0.00000000 </v>
   <v>       0.40000000       0.20000000       0.00000000 </v>
   <v>       0.50000000       0.20000000       0.00000000 </v>
   <v>      -0.40000000       0.20000000       0.00000000 </v>
   <v>      -0.30000000       0.20000000       0.00000000 </v>
   <v>      -0.20000000       0.20000000       0.00000000 </v>
   <v>       0.30000000       0.30000000       0.00000000 </v>
   <v>       0.40000000       0.30000000       0.00000000 </v>
   <v>       0.50000000       0.30000000       0.00000000 </v>
   <v>      -0.40000000       0.30000000       0.00000000 </v>
   <v>      -0.30000000       0.30000000       0.00000000 </v>
   <v>       0.40000000       0.40000000       0.00000000 </v>
   <v>       0.50000000       0.40000000       0.00000000 </v>
   <v>      -0.40000000       0.40000000       0.00000000 </v>
   <v>       0.50000000       0.50000000       0.00000000 </v>
   <v>       0.30000000       0.20000000       0.10000000 </v>
   <v>       0.40000000       0.20000000       0.10000000 </v>
   <v>       0.50000000       0.20000000       0.10000000 </v>
   <v>      -0.40000000       0.20000000       0.10000000 </v>
   <v>       0.40000000       0.30000000       0.10000000 </v>
   <v>       0.50000000       0.30000000       0.10000000 </v>
   <v>      -0.40000000       0.30000000       0.10000000 </v>
   <v>      -0.30000000       0.30000000       0.10000000 </v>
   <v>      -0.20000000       0.30000000       0.10000000 </v>
   <v>       0.50000000       0.40000000       0.10000000 </v>
   <v>      -0.40000000       0.40000000       0.10000000 </v>
   <v>      -0.30000000       0.40000000       0.10000000 </v>
   <v>      -0.40000000       0.50000000       0.10000000 </v>
   <v>      -0.40000000       0.40000000       0.20000000 </v>
   <v>      -0.30000000       0.40000000       0.20000000 </v>
   <v>      -0.30000000       0.50000000       0.20000000 </v>
  </varray>
  <varray name="weights" >
   <v>       0.00100000 </v>
   <v>       0.00800000 </v>
   <v>       0.00800000 </v>
   <v>       0.00800000 </v>
   <v>       0.00800000 </v>
   <v>       0.00400000 </v>
   <v>       0.00600000 </v>
   <v>       0.02400000 </v>
   <v>       0.02400000 </v>
   <v>       0.02400000 </v>
   <v>       0.02400000 </v>
   <v>       0.02400000 </v>
   <v>       0.02400000 </v>
   <v>       0.02400000 </v>
   <v>       0.01200000 </v>
   <v>       0.00600000 </v>
   <v>       0.02400000 </v>
   <v>       0.02400000 </v>
   <v>       0.02400000 </v>
   <v>       0.02400000 </v>
   <v>       0.02400000 </v>
   <v>       0.01200000 </v>
   <v>       0.00600000 </v>
   <v>       0.02400000 </v>
   <v>       0.02400000 </v>
   <v>       0.02400000 </v>
   <v>       0.01200000 </v>
   <v>       0.00600000 </v>
   <v>       0.02400000 </v>
   <v>       0.01200000 </v>
   <v>       0.00300000 </v>
   <v>       0.02400000 </v>
   <v>       0.04800000 </v>
   <v>       0.04800000 </v>
   <v>       0.02400000 </v>
   <v>       0.02400000 </v>
   <v>       0.04800000 </v>
   <v>       0.04800000 </v>
   <v>       0.04800000 </v>
   <v>       0.02400000 </v>
   <v>       0.02400000 </v>
   <v>       0.04800000 </v>
   <v>       0.02400000 </v>
   <v>       0.01200000 </v>
   <v>       0.02400000 </v>
   <v>       0.02400000 </v>
   <v>       0.01200000 </v>
  </varray>
 </kpoints>
 <parameters>
  <separator name="general" >
   <i type="string" name="SYSTEM">unknown system</i>
   <i type="logical" name="LCOMPAT"> F  </i>
  </separator>
  <separator name="electronic" >
   <i type="string" name="PREC">normal</i>
   <i name="ENMAX">    200.00000000</i>
   <i name="ENAUG">    322.06900000</i>
   <i name="EDIFF">      0.00010000</i>
   <i type="int" name="IALGO">    38</i>
   <i type="int" name="IWAVPR">    11</i>
   <i type="int" name="NBANDS">     8</i>
   <i name="NELECT">      8.00000000</i>
   <i type="int" name="TURBO">     0</i>
   <i type="int" name="IRESTART">     0</i>
   <i type="int" name="NREBOOT">     0</i>
   <i type="int" name="NMIN">     0</i>
   <i name="EREF">      0.00000000</i>
   <separator name="electronic smearing" >
    <i type="int" name="ISMEAR">     1</i>
    <i name="SIGMA">      0.20000000</i>
    <i name="KSPACING">      0.50000000</i>
    <i type="logical" name="KGAMMA"> T  </i>
   </separator>
   <separator name="electronic projectors" >
    <i type="logical" name="LREAL"> F  </i>
    <v name="ROPT">      0.00000000</v>
    <i type="int" name="LMAXPAW">  -100</i>
    <i type="int" name="LMAXMIX">     2</i>
    <i type="logical" name="NLSPLINE"> F  </i>
   </separator>
   <separator name="electronic startup" >
    <i type="int" name="ISTART">     0</i>
    <i type="int" name="ICHARG">     2</i>
    <i type="int" name="INIWAV">     1</i>
   </separator>
   <separator name="electronic spin" >
    <i type="int" name="ISPIN">     1</i>
    <i type="logical" name="LNONCOLLINEAR"> F  </i>
    <v name="MAGMOM">      1.00000000      1.00000000</v>
    <i name="NUPDOWN">     -1.00000000</i>
    <i type="logical" name="LSORBIT"> F  </i>
    <v name="SAXIS">      0.00000000      0.00000000      1.00000000</v>
    <i type="logical" name="LSPIRAL"> F  </i>
    <v name="QSPIRAL">      0.00000000      0.00000000      0.00000000</v>
    <i type="logical" name="LZEROZ"> F  </i>
   </separator>
   <separator name="electronic exchange-correlation" >
    <i type="logical" name="LASPH"> F  </i>
    <i type="logical" name="LMETAGGA"> F  </i>
   </separator>
   <separator name="electronic convergence" >
    <i type="int" name="NELM">    60</i>
    <i type="int" name="NELMDL">    -5</i>
    <i type="int" name="NELMIN">     2</i>
    <i name="ENINI">    200.00000000</i>
    <separator name="electronic convergence detail" >
     <i type="logical" name="LDIAG"> T  </i>
     <i type="logical" name="LSUBROT"> F  </i>
     <i name="WEIMIN">      0.00100000</i>
     <i name="EBREAK">      0.00000313</i>
     <i name="DEPER">      0.30000000</i>
     <i type="int" name="NRMM">     4</i>
     <i name="TIME">      0.40000000</i>
    </separator>
   </separator>
   <separator name="electronic mixer" >
    <i name="AMIX">      0.40000000</i>
    <i name="BMIX">      1.00000000</i>
    <i name="AMIN">      0.10000000</i>
    <i name="AMIX_MAG">      1.60000000</i>
    <i name="BMIX_MAG">      1.00000000</i>
    <separator name="electronic mixer details" >
     <i type="int" name="IMIX">     4</i>
     <i type="int" name="MAXMIX">   -45</i>
     <i name="WC">    100.00000000</i>
     <i type="int" name="INIMIX">     1</i>
     <i type="int" name="MIXPRE">     1</i>
     <i type="int" name="MREMOVE">     5</i>
    </separator>
   </separator>
   <separator name="electronic dipolcorrection" >
    <i type="logical" name="LDIPOL"> F  </i>
    <i type="logical" name="LMONO"> F  </i>
    <i type="int" name="IDIPOL">     0</i>
    <i name="EPSILON">      1.00000000</i>
    <v name="DIPOL">   -100.00000000   -100.00000000   -100.00000000</v>
    <i name="EFIELD">      0.00000000</i>
   </separator>
  </separator>
  <separator name="grids" >
   <i type="int" name="NGX">    14</i>
   <i type="int" name="NGY">    14</i>
   <i type="int" name="NGZ">    14</i>
   <i type="int" name="NGXF">    28</i>
   <i type="int" name="NGYF">    28</i>
   <i type="int" name="NGZF">    28</i>
   <i type="logical" name="ADDGRID"> F  </i>
  </separator>
  <separator name="ionic" >
   <i type="int" name="NSW">   100</i>
   <i type="int" name="IBRION">     2</i>
   <i type="int" name="ISIF">     3</i>
   <i name="PSTRESS">      0.00000000</i>
   <i name="EDIFFG">      0.00100000</i>
   <i type="int" name="NFREE">     1</i>
   <i name="POTIM">      0.50000000</i>
   <i name="SMASS">     -3.00000000</i>
   <i name="SCALEE">      1.00000000</i>
  </separator>
  <separator name="ionic md" >
   <i name="TEBEG">      0.00010000</i>
   <i name="TEEND">      0.00010000</i>
   <i type="int" name="NBLOCK">     1</i>
   <i type="int" name="KBLOCK">   100</i>
   <i type="int" name="NPACO">   256</i>
   <i name="APACO">     16.00000000</i>
  </separator>
  <separator name="symmetry" >
   <i type="int" name="ISYM">     2</i>
   <i name="SYMPREC">      0.00001000</i>
  </separator>
  <separator name="dos" >
   <i type="logical" name="LORBIT"> F  </i>
   <v name="RWIGS">     -1.00000000</v>
   <i type="int" name="NEDOS">   301</i>
   <i name="EMIN">     10.00000000</i>
   <i name="EMAX">    -10.00000000</i>
   <i name="EFERMI">      0.00000000</i>
  </separator>
  <separator name="writing" >
   <i type="int" name="NWRITE">     2</i>
   <i type="logical" name="LWAVE"> T  </i>
   <i type="logical" name="LCHARG"> T  </i>
   <i type="logical" name="LPARD"> F  </i>
   <i type="logical" name="LVTOT"> F  </i>
   <i type="logical" name="LVHAR"> F  </i>
   <i type="logical" name="LELF"> F  </i>
   <i type="logical" name="LOPTICS"> F  </i>
   <v name="STM">      0.00000000      0.00000000      0.00000000      0.00000000      0.00000000      0.00000000      0.00000000</v>
  </separator>
  <separator name="performance" >
   <i type="int" name="NPAR">     1</i>
   <i type="int" name="NSIM">     4</i>
   <i type="int" name="NBLK">    -1</i>
   <i type="logical" name="LPLANE"> T  </i>
   <i type="logical" name="LSCALAPACK"> F  </i>
   <i type="logical" name="LSCAAWARE"> F  </i>
   <i type="logical" name="LSCALU"> F  </i>
   <i type="logical" name="LASYNC"> F  </i>
   <i type="logical" name="LORBITALREAL"> F  </i>
  </separator>
  <separator name="miscellaneous" >
   <i type="int" name="IDIOT">     3</i>
   <i type="logical" name="LMUSIC"> F  </i>
   <v name="POMASS">     28.08500000</v>
   <v name="DARWINR">      0.00000000</v>
   <v name="DARWINV">      1.00000000</v>
   <i type="logical" name="LCORR"> T  </i>
  </separator>
  <i type="logical" name="GGA_COMPAT"> T  </i>
  <i type="logical" name="LBERRY"> F  </i>
  <i type="int" name="ICORELEVEL">     0</i>
  <i type="logical" name="LDAU"> F  </i>
  <i type="int" name="I_CONSTRAINED_M">     0</i>
  <separator name="electronic exchange-correlation" >
   <i type="string" name="GGA">--</i>
   <i type="int" name="VOSKOWN">     0</i>
   <i type="logical" name="LHFCALC"> F  </i>
   <i type="string" name="PRECFOCK"></i>
   <i type="logical" name="LSYMGRAD"> F  </i>
   <i type="logical" name="LHFONE"> F  </i>
   <i type="logical" name="LRHFCALC"> F  </i>
   <i type="logical" name="LTHOMAS"> F  </i>
   <i type="logical" name="LMODELHF"> F  </i>
   <i name="ENCUT4O">     -1.00000000</i>
   <i type="int" name="EXXOEP">     0</i>
   <i type="int" name="FOURORBIT">     0</i>
   <i name="AEXX">      0.00000000</i>
   <i name="HFALPHA">      0.00000000</i>
   <i name="MCALPHA">      0.00000000</i>
   <i name="ALDAX">      1.00000000</i>
   <i name="AGGAX">      1.00000000</i>
   <i name="ALDAC">      1.00000000</i>
   <i name="AGGAC">      1.00000000</i>
   <i type="int" name="NKREDX">     1</i>
   <i type="int" name="NKREDY">     1</i>
   <i type="int" name="NKREDZ">     1</i>
   <i type="logical" name="SHIFTRED"> F  </i>
   <i type="logical" name="ODDONLY"> F  </i>
   <i type="logical" name="EVENONLY"> F  </i>
   <i type="int" name="LMAXFOCK">     0</i>
   <i type="int" name="NMAXFOCKAE">     0</i>
   <i type="logical" name="LFOCKAEDFT"> F  </i>
   <i name="HFSCREEN">      0.00000000</i>
   <i name="HFSCREENC">      0.00000000</i>
   <i type="int" name="NBANDSGWLOW">     0</i>
  </separator>
  <separator name="vdW DFT" >
   <i type="logical" name="LUSE_VDW"> F  </i>
   <i name="Zab_VDW">     -0.84910000</i>
   <i name="PARAM1">      0.12340000</i>
   <i name="PARAM2">      1.00000000</i>
   <i name="PARAM3">      0.00000000</i>
  </separator>
  <separator name="model GW" >
   <i type="int" name="MODEL_GW">     0</i>
   <i name="MODEL_EPS0">     12.00772552</i>
   <i name="MODEL_ALPHA">      1.00000000</i>
  </separator>
  <separator name="linear response parameters" >
   <i type="logical" name="LEPSILON"> F  </i>
   <i type="logical" name="LRPA"> F  </i>
   <i type="logical" name="LNABLA"> F  </i>
   <i type="logical" name="LVEL"> F  </i>
   <i type="int" name="KINTER">     0</i>
   <i name="CSHIFT">      0.10000000</i>
   <i name="OMEGAMAX">     -1.00000000</i>
   <i name="DEG_THRESHOLD">      0.00200000</i>
  </separator>
  <separator name="orbital magnetization" >
   <i type="logical" name="NUCIND"> F  </i>
   <v name="MAGPOS">      0.00000000      0.00000000      0.00000000</v>
   <i type="logical" name="LNICSALL"> T  </i>
   <i type="logical" name="ORBITALMAG"> F  </i>
   <i type="logical" name="LMAGBLOCH"> F  </i>
   <i type="logical" name="LCHIMAG"> F  </i>
   <i type="logical" name="LGAUGE"> T  </i>
   <i type="int" name="MAGATOM">     0</i>
   <v name="MAGDIPOL">      0.00000000      0.00000000      0.00000000</v>
   <v name="AVECCONST">      0.00000000      0.00000000      0.00000000</v>
  </separator>
  <separator name="response functions" >
   <i type="logical" name="LADDER"> F  </i>
   <i type="logical" name="LFXC"> F  </i>
   <i type="logical" name="LHARTREE"> T  </i>
   <i type="int" name="IBSE">     0</i>
   <i type="logical" name="LTCTE"> F  </i>
   <i type="logical" name="LTETE"> F  </i>
   <i type="logical" name="LTRIPLET"> F  </i>
   <i type="logical" name="LFXCEPS"> F  </i>
   <i type="logical" name="LFXHEG"> F  </i>
   <i type="logical" name="L2ORDER"> F  </i>
   <i type="logical" name="LUSEW"> F  </i>
   <i name="ENCUTGW">     -2.00000000</i>
   <i name="ENCUTGWSOFT">     -2.00000000</i>
   <i name="ENCUTLF">     -1.00000000</i>
   <i type="int" name="LMAXMP2">    -1</i>
   <i name="SCISSOR">      0.00000000</i>
   <i type="int" name="NOMEGA">     0</i>
   <i type="int" name="NOMEGAR">     0</i>
   <i type="int" name="NBANDSGW">    -1</i>
   <i type="int" name="NBANDSO">    -1</i>
   <i type="int" name="NBANDSV">    -1</i>
   <i type="int" name="NELM">     1</i>
   <i type="int" name="DIM">     3</i>
   <i type="int" name="ANTIRES">     0</i>
   <i name="OMEGAMAX">    -30.00000000</i>
   <i name="OMEGAMIN">    -30.00000000</i>
   <i name="OMEGATL">   -200.00000000</i>
   <i type="int" name="OMEGAGRID">     0</i>
   <i name="CSHIFT">     -0.10000000</i>
   <i type="logical" name="SELFENERGY"> F  </i>
   <i type="logical" name="LSPECTRAL"> F  </i>
   <i type="logical" name="ODDONLYGW"> F  </i>
   <i type="logical" name="EVENONLYGW"> F  </i>
   <i type="int" name="NKREDLFX">     1</i>
   <i type="int" name="NKREDLFY">     1</i>
   <i type="int" name="NKREDLFZ">     1</i>
   <i type="int" name="MAXMEM">  1800</i>
   <i type="int" name="TELESCOPE">     0</i>
   <i type="int" name="TAUPAR">     1</i>
  </separator>
  <separator name="External order field" >
   <i name="OFIELD_KAPPA">      0.00000000</i>
   <v name="OFIELD_K">      0.00000000      0.00000000      0.00000000</v>
   <i name="OFIELD_Q6_NEAR">      0.00000000</i>
   <i name="OFIELD_Q6_FAR">      0.00000000</i>
   <i name="OFIELD_A">      0.00000000</i>
  </separator>
 </parameters>
 <atominfo>
  <atoms>       2 </atoms>
  <types>       1 </types>
  <array name="atoms" >
   <dimension dim="1">ion</dimension>
   <field type="string">element</field>
   <field type="int">atomtype</field>
   <set>
    <rc><c>Si</c><c>   1</c></rc>
    <rc><c>Si</c><c>   1</c></rc>
   </set>
  </array>
  <array name="atomtypes" >
   <dimension dim="1">type</dimension>
   <field type="int">atomspertype</field>
   <field type="string">element</field>
   <field>mass</field>
   <field>valence</field>
   <field type="string">pseudopotential</field>
   <set>
    <rc><c>   2</c><c>Si</c><c>     28.08500000</c><c>      4.00000000</c><c>  PAW_PBE Si 05Jan2001                  </c></rc>
   </set>
  </array>
 </atominfo>
 <structure name="initialpos" >
  <crystal>
   <varray name="basis" >
    <v>       0.00000000       2.71500000       2.71500000 </v>
    <v>       2.71500000       0.00000000       2.71500000 </v>
    <v>       2.71500000       2.71500000       0.00000000 </v>
   </varray>
   <i name="volume">     40.02575175 </i>
   <varray name="rec_basis" >
    <v>      -0.18416206       0.18416206       0.18416206 </v>
    <v>       0.18416206      -0.18416206       0.18416206 </v>
    <v>       0.18416206       0.18416206      -0.18416206 </v>
   </varray>
  </crystal>
  <varray name="positions" >
   <v>       0.12500000       0.12500000       0.12500000 </v>
   <v>       0.87500000       0.87500000       0.87500000 </v>
  </varray>
 </structure>
 <calculation>
  <scstep>
   <time name="dav">    3.28    0.47</time>
   <time name="total">    3.31    0.49</time>
   <energy>
    <i name="alphaZ">      3.36414726 </i>
    <i name="ewald">   -228.56352493 </i>
    <i name="hartreedc">    -11.00108242 </i>
    <i name="XCdc">    -18.60175844 </i>
    <i name="pawpsdc">    176.24759923 </i>
    <i name="pawaedc">   -141.06103558 </i>
    <i name="eentropy">     -0.00413833 </i>
    <i name="bandstr">     10.22262984 </i>
    <i name="atom">    206.11247263 </i>
    <i name="e_fr_energy">     -3.28469074 </i>
    <i name="e_wo_entrp">     -3.28055240 </i>
    <i name="e_0_energy">     -3.28331129 </i>
   </energy>
  </scstep>
  <scstep>
   <time name="dav">   20.73    2.06</time>
   <time name="total">   20.76    2.06</time>
   <energy>
    <i name="e_fr_energy">    -10.91011565 </i>
    <i name="e_wo_entrp">    -10.91065813 </i>
    <i name="e_0_energy">    -10.91029648 </i>
   </energy>
  </scstep>
  <scstep>
   <time name="dav">    7.57    0.88</time>
   <time name="total">    7.59    0.88</time>
   <energy>
    <i name="e_fr_energy">    -10.97596790 </i>
    <i name="e_wo_entrp">    -10.97652232 </i>
    <i name="e_0_energy">    -10.97615270 </i>
   </energy>
  </scstep>
  <scstep>
   <time name="dav">    8.95    0.97</time>
   <time name="total">    8.97    0.97</time>
   <energy>
    <i name="e_fr_energy">    -10.97612243 </i>
    <i name="e_wo_entrp">    -10.97667682 </i>
    <i name="e_0_energy">    -10.97630723 </i>
   </energy>
  </scstep>
  <scstep>
   <time name="dav">   35.75    3.64</time>
   <time name="total">   36.02    3.67</time>
   <energy>
    <i name="e_fr_energy">    -10.97612248 </i>
    <i name="e_wo_entrp">    -10.97667686 </i>
    <i name="e_0_energy">    -10.97630728 </i>
   </energy>
  </scstep>
  <scstep>
   <time name="dav">   19.51    1.90</time>
   <time name="total">   20.05    1.96</time>
   <energy>
    <i name="e_fr_energy">    -10.85202046 </i>
    <i name="e_wo_entrp">    -10.85257586 </i>
    <i name="e_0_energy">    -10.85220559 </i>
   </energy>
  </scstep>
  <scstep>
   <time name="dav">   20.35    2.11</time>
   <time name="total">   21.02    2.17</time>
   <energy>
    <i name="e_fr_energy">    -10.79564679 </i>
    <i name="e_wo_entrp">    -10.79620910 </i>
    <i name="e_0_energy">    -10.79583422 </i>
   </energy>
  </scstep>
  <scstep>
   <time name="dav">   14.86    1.56</time>
   <time name="total">   15.55    1.64</time>
   <energy>
    <i name="e_fr_energy">    -10.79653571 </i>
    <i name="e_wo_entrp">    -10.79709555 </i>
    <i name="e_0_energy">    -10.79672232 </i>
   </energy>
  </scstep>
  <scstep>
   <time name="dav">   36.36    3.62</time>
   <time name="total">   37.10    3.70</time>
   <energy>
    <i name="e_fr_energy">    -10.79675361 </i>
    <i name="e_wo_entrp">    -10.79731321 </i>
    <i name="e_0_energy">    -10.79694014 </i>
   </energy>
  </scstep>
  <scstep>
   <time name="dav">   13.44    1.36</time>
   <time name="total">   13.74    1.39</time>
   <energy>
    <i name="alphaZ">      3.36414726 </i>
    <i name="ewald">   -228.56352493 </i>
    <i name="hartreedc">    -14.90429512 </i>
    <i name="XCdc">    -17.94055551 </i>
    <i name="pawpsdc">   1261.53323098 </i>
    <i name="pawaedc">  -1226.58436899 </i>
    <i name="eentropy">      0.00055951 </i>
    <i name="bandstr">      6.18555519 </i>
    <i name="atom">    206.11247263 </i>
    <i name="e_fr_energy">    -10.79677897 </i>
    <i name="e_wo_entrp">    -10.79733849 </i>
    <i name="e_0_energy">    -10.79696548 </i>
   </energy>
  </scstep>
  <structure>
   <crystal>
    <varray name="basis" >
     <v>       0.00000000       2.71500000       2.71500000 </v>
     <v>       2.71500000       0.00000000       2.71500000 </v>
     <v>       2.71500000       2.71500000       0.00000000 </v>
    </varray>
    <i name="volume">     40.02575175 </i>
    <varray name="rec_basis" >
     <v>      -0.18416206       0.18416206       0.18416206 </v>
     <v>       0.18416206      -0.18416206       0.18416206 </v>
     <v>       0.18416206       0.18416206      -0.18416206 </v>
    </varray>
   </crystal>
   <varray name="positions" >
    <v>       0.12500000       0.12500000       0.12500000 </v>
    <v>       0.87500000       0.87500000       0.87500000 </v>
   </varray>
  </structure>
  <varray name="forces" >
   <v>      -0.00000000      -0.00000000      -0.00000000 </v>
   <v>       0.00000000       0.00000000       0.00000000 </v>
  </varray>
  <varray name="stress" >
   <v>      18.40223268       0.00000000      -0.00000000 </v>
   <v>       0.00000000      18.40223268       0.00000000 </v>
   <v>       0.00000000       0.00000000      18.40223268 </v>
  </varray>
  <energy>
   <i name="e_fr_energy">    -10.79677897 </i>
   <i name="e_wo_entrp">    -10.79696548 </i>
   <i name="e_0_energy">      0.00055951 </i>
  </energy>
  <time name="totalsc">  186.98   19.29</time>
 </calculation>
 <calculation>
  <scstep>
   <time name="dav">   12.17    1.35</time>
   <time name="total">   12.61    1.41</time>
   <energy>
    <i name="alphaZ">      3.25466707 </i>
    <i name="ewald">   -226.05673420 </i>
    <i name="hartreedc">    -14.73972449 </i>
    <i name="XCdc">    -18.10231285 </i>
    <i name="pawpsdc">   1263.61974875 </i>
    <i name="pawaedc">  -1228.67043814 </i>
    <i name="eentropy">      0.00055670 </i>
    <i name="bandstr">      3.77637123 </i>
    <i name="atom">    206.11247263 </i>
    <i name="e_fr_energy">    -10.80539331 </i>
    <i name="e_wo_entrp">    -10.80595000 </i>
    <i name="e_0_energy">    -10.80557887 </i>
   </energy>
  </scstep>
  <scstep>
   <time name="dav">   12.32    1.26</time>
   <time name="total">   12.89    1.32</time>
   <energy>
    <i name="e_fr_energy">    -10.80137201 </i>
    <i name="e_wo_entrp">    -10.80192896 </i>
    <i name="e_0_energy">    -10.80155766 </i>
   </energy>
  </scstep>
  <scstep>
   <time name="dav">   17.52    1.73</time>
   <time name="total">   18.12    1.79</time>
   <energy>
    <i name="e_fr_energy">    -10.79931552 </i>
    <i name="e_wo_entrp">    -10.79987309 </i>
    <i name="e_0_energy">    -10.79950138 </i>
   </energy>
  </scstep>
  <scstep>
   <time name="dav">   13.95    1.34</time>
   <time name="total">   14.12    1.35</time>
   <energy>
    <i name="alphaZ">      3.25466707 </i>
    <i name="ewald">   -226.05673420 </i>
    <i name="hartreedc">    -15.29701659 </i>
    <i name="XCdc">    -18.08793915 </i>
    <i name="pawpsdc">   1182.19328513 </i>
    <i name="pawaedc">  -1147.22157060 </i>
    <i name="eentropy">      0.00055756 </i>
    <i name="bandstr">      4.30296225 </i>
    <i name="atom">    206.11247263 </i>
    <i name="e_fr_energy">    -10.79931592 </i>
    <i name="e_wo_entrp">    -10.79987348 </i>
    <i name="e_0_energy">    -10.79950177 </i>
   </energy>
  </scstep>
  <structure>
   <crystal>
    <varray name="basis" >
     <v>       0.00000000       2.74510721       2.74510721 </v>
     <v>       2.74510721       0.00000000       2.74510721 </v>
     <v>       2.74510721       2.74510721       0.00000000 </v>
    </varray>
    <i name="volume">     41.37213427 </i>
    <varray name="rec_basis" >
     <v>      -0.18214225       0.18214225       0.18214225 </v>
     <v>       0.18214225      -0.18214225       0.18214225 </v>
     <v>       0.18214225       0.18214225      -0.18214225 </v>
    </varray>
   </crystal>
   <varray name="positions" >
    <v>       0.12500000       0.12500000       0.12500000 </v>
    <v>       0.87500000       0.87500000       0.87500000 </v>
   </varray>
  </structure>
  <varray name="forces" >
   <v>       0.00000000      -0.00000000      -0.00000000 </v>
   <v>      -0.00000000       0.00000000       0.00000000 </v>
  </varray>
  <varray name="stress" >
   <v>     -11.31391764      -0.00000000       0.00000000 </v>
   <v>      -0.00000000     -11.31391764       0.00000000 </v>
   <v>      -0.00000000      -0.00000000     -11.31391764 </v>
  </varray>
  <energy>
   <i name="e_fr_energy">    -10.79931592 </i>
   <i name="e_wo_entrp">    -10.79950177 </i>
   <i name="e_0_energy">      0.00055756 </i>
  </energy>
  <time name="totalsc">   59.45    6.05</time>
 </calculation>
 <calculation>
  <scstep>
   <time name="dav">   19.99    1.97</time>
   <time name="total">   20.56    2.04</time>
   <energy>
    <i name="alphaZ">      3.29663459 </i>
    <i name="ewald">   -227.02422206 </i>
    <i name="hartreedc">    -15.36627075 </i>
    <i name="XCdc">    -18.02881533 </i>
    <i name="pawpsdc">   1203.91113462 </i>
    <i name="pawaedc">  -1168.93269124 </i>
    <i name="eentropy">      0.00055899 </i>
    <i name="bandstr">      5.22899828 </i>
    <i name="atom">    206.11247263 </i>
    <i name="e_fr_energy">    -10.80220027 </i>
    <i name="e_wo_entrp">    -10.80275926 </i>
    <i name="e_0_energy">    -10.80238660 </i>
   </energy>
  </scstep>
  <scstep>
   <time name="dav">   21.34    2.16</time>
   <time name="total">   22.12    2.24</time>
   <energy>
    <i name="e_fr_energy">    -10.80159530 </i>
    <i name="e_wo_entrp">    -10.80215384 </i>
    <i name="e_0_energy">    -10.80178148 </i>
   </energy>
  </scstep>
  <scstep>
   <time name="dav">   14.83    1.46</time>
   <time name="total">   15.68    1.54</time>
   <energy>
    <i name="e_fr_energy">    -10.80127945 </i>
    <i name="e_wo_entrp">    -10.80183751 </i>
    <i name="e_0_energy">    -10.80146547 </i>
   </energy>
  </scstep>
  <scstep>
   <time name="dav">   15.80    1.52</time>
   <time name="total">   16.09    1.55</time>
   <energy>
    <i name="alphaZ">      3.29663459 </i>
    <i name="ewald">   -227.02422206 </i>
    <i name="hartreedc">    -15.14584582 </i>
    <i name="XCdc">    -18.03424853 </i>
    <i name="pawpsdc">   1231.88203767 </i>
    <i name="pawaedc">  -1196.91240571 </i>
    <i name="eentropy">      0.00055806 </i>
    <i name="bandstr">      5.02373908 </i>
    <i name="atom">    206.11247263 </i>
    <i name="e_fr_energy">    -10.80128009 </i>
    <i name="e_wo_entrp">    -10.80183816 </i>
    <i name="e_0_energy">    -10.80146612 </i>
   </energy>
  </scstep>
  <structure>
   <crystal>
    <varray name="basis" >
     <v>       0.00000000       2.73340864       2.73340864 </v>
     <v>       2.73340864       0.00000000       2.73340864 </v>
     <v>       2.73340864       2.73340864       0.00000000 </v>
    </varray>
    <i name="volume">     40.84544993 </i>
    <varray name="rec_basis" >
     <v>      -0.18292179       0.18292179       0.18292179 </v>
     <v>       0.18292179      -0.18292179       0.18292179 </v>
     <v>       0.18292179       0.18292179      -0.18292179 </v>
    </varray>
   </crystal>
   <varray name="positions" >
    <v>       0.12500000       0.12500000       0.12500000 </v>
    <v>       0.87500000       0.87500000       0.87500000 </v>
   </varray>
  </structure>
  <varray name="forces" >
   <v>      -0.00000000       0.00000000      -0.00000000 </v>
   <v>       0.00000000      -0.00000000       0.00000000 </v>
  </varray>
  <varray name="stress" >
   <v>      -0.42361248       0.00000000       0.00000000 </v>
   <v>      -0.00000000      -0.42361248      -0.00000000 </v>
   <v>       0.00000000       0.00000000      -0.42361248 </v>
  </varray>
  <energy>
   <i name="e_fr_energy">    -10.80128009 </i>
   <i name="e_wo_entrp">    -10.80146612 </i>
   <i name="e_0_energy">      0.00055806 </i>
  </energy>
  <time name="totalsc">   77.38    7.68</time>
  <eigenvalues>
   <array>
    <dimension dim="1">band</dimension>
    <dimension dim="2">kpoint</dimension>
    <dimension dim="3">spin</dimension>
    <field>eigene</field>
    <field>occ</field>
    <set>
     <set comment="spin 1">
      <set comment="kpoint 1">
       <r>   -6.1957    1.0000 </r>
       <r>    5.6514    0.6760 </r>
       <r>    5.6514    0.6758 </r>
       <r>    5.6514    0.6758 </r>
       <r>    8.2137   -0.0000 </r>
       <r>    8.2137   -0.0000 </r>
       <r>    8.2137   -0.0000 </r>
       <r>    8.7704   -0.0000 </r>
      </set>
      <set comment="kpoint 2">
       <r>   -6.0670    1.0000 </r>
       <r>    4.5013    1.0000 </r>
       <r>    5.4543    1.0353 </r>
       <r>    5.4544    1.0353 </r>
       <r>    8.1766   -0.0000 </r>
       <r>    8.5018   -0.0000 </r>
       <r>    8.5018   -0.0000 </r>
       <r>    9.7491   -0.0000 </r>
      </set>
      <set comment="kpoint 3">
       <r>   -5.6874    1.0000 </r>
       <r>    2.6508    1.0000 </r>
       <r>    5.0759    1.0001 </r>
       <r>    5.0759    1.0001 </r>
       <r>    7.8076   -0.0000 </r>
       <r>    9.0092   -0.0000 </r>
       <r>    9.0092   -0.0000 </r>
       <r>   11.5303    0.0000 </r>
      </set>
      <set comment="kpoint 4">
       <r>   -5.0830    1.0000 </r>
       <r>    0.8886    1.0000 </r>
       <r>    4.7429    1.0000 </r>
       <r>    4.7429    1.0000 </r>
       <r>    7.4440   -0.0000 </r>
       <r>    9.2008   -0.0000 </r>
       <r>    9.2008   -0.0000 </r>
       <r>   13.1543    0.0000 </r>
      </set>
      <set comment="kpoint 5">
       <r>   -4.3520    1.0000 </r>
       <r>   -0.5634    1.0000 </r>
       <r>    4.5302    1.0000 </r>
       <r>    4.5303    1.0000 </r>
       <r>    7.2040   -0.0000 </r>
       <r>    9.1014   -0.0000 </r>
       <r>    9.1015   -0.0000 </r>
       <r>   13.4578    0.0000 </r>
      </set>
      <set comment="kpoint 6">
       <r>   -3.9130    1.0000 </r>
       <r>   -1.2457    1.0000 </r>
       <r>    4.4565    1.0000 </r>
       <r>    4.4565    1.0000 </r>
       <r>    7.1203   -0.0000 </r>
       <r>    9.0214   -0.0000 </r>
       <r>    9.0215   -0.0000 </r>
       <r>   13.3551    0.0000 </r>
      </set>
      <set comment="kpoint 7">
       <r>   -6.0238    1.0000 </r>
       <r>    4.6901    1.0000 </r>
       <r>    5.0839    1.0001 </r>
       <r>    5.0840    1.0001 </r>
       <r>    7.8412   -0.0000 </r>
       <r>    8.9922   -0.0000 </r>
       <r>    8.9923   -0.0000 </r>
       <r>    9.6290   -0.0000 </r>
      </set>
      <set comment="kpoint 8">
       <r>   -5.7265    1.0000 </r>
       <r>    3.1959    1.0000 </r>
       <r>    4.6537    1.0000 </r>
       <r>    4.8133    1.0000 </r>
       <r>    7.8980   -0.0000 </r>
       <r>    8.9966   -0.0000 </r>
       <r>    9.6416   -0.0000 </r>
       <r>   10.5855   -0.0000 </r>
      </set>
      <set comment="kpoint 9">
       <r>   -5.1925    1.0000 </r>
       <r>    1.4581    1.0000 </r>
       <r>    4.3371    1.0000 </r>
       <r>    4.3824    1.0000 </r>
       <r>    8.0091   -0.0000 </r>
       <r>    9.0052   -0.0000 </r>
       <r>    9.9389   -0.0000 </r>
       <r>   11.0012   -0.0000 </r>
      </set>
      <set comment="kpoint 10">
       <r>   -4.4829    1.0000 </r>
       <r>   -0.0899    1.0000 </r>
       <r>    3.9734    1.0000 </r>
       <r>    4.1873    1.0000 </r>
       <r>    7.8511   -0.0000 </r>
       <r>    9.0043   -0.0000 </r>
       <r>    9.7821   -0.0000 </r>
       <r>   12.0468    0.0000 </r>
      </set>
      <set comment="kpoint 11">
       <r>   -3.8585    1.0000 </r>
       <r>   -1.1057    1.0000 </r>
       <r>    3.6869    1.0000 </r>
       <r>    4.2167    1.0000 </r>
       <r>    7.7547   -0.0000 </r>
       <r>    8.9857   -0.0000 </r>
       <r>    9.5242   -0.0000 </r>
       <r>   13.4190    0.0000 </r>
      </set>
      <set comment="kpoint 12">
       <r>   -4.0209    1.0000 </r>
       <r>   -0.8628    1.0000 </r>
       <r>    3.5627    1.0000 </r>
       <r>    4.4135    1.0000 </r>
       <r>    7.8111   -0.0000 </r>
       <r>    9.1257   -0.0000 </r>
       <r>    9.3698   -0.0000 </r>
       <r>   13.6556    0.0000 </r>
      </set>
      <set comment="kpoint 13">
       <r>   -4.7331    1.0000 </r>
       <r>    0.3956    1.0000 </r>
       <r>    3.6254    1.0000 </r>
       <r>    4.7440    1.0000 </r>
       <r>    8.0085   -0.0000 </r>
       <r>    9.2833   -0.0000 </r>
       <r>    9.3684   -0.0000 </r>
       <r>   12.6078    0.0000 </r>
      </set>
      <set comment="kpoint 14">
       <r>   -5.3963    1.0000 </r>
       <r>    2.0189    1.0000 </r>
       <r>    3.9022    1.0000 </r>
       <r>    5.1464    1.0004 </r>
       <r>    8.3162   -0.0000 </r>
       <r>    9.0212   -0.0000 </r>
       <r>    9.3549   -0.0000 </r>
       <r>   11.5394    0.0000 </r>
      </set>
      <set comment="kpoint 15">
       <r>   -5.8541    1.0000 </r>
       <r>    3.6132    1.0000 </r>
       <r>    4.5104    1.0000 </r>
       <r>    5.4720    1.0331 </r>
       <r>    8.5671   -0.0000 </r>
       <r>    8.5697   -0.0000 </r>
       <r>    8.7547   -0.0000 </r>
       <r>   10.7032   -0.0000 </r>
      </set>
      <set comment="kpoint 16">
       <r>   -5.5121    1.0000 </r>
       <r>    3.0041    1.0000 </r>
       <r>    4.1823    1.0000 </r>
       <r>    4.1823    1.0000 </r>
       <r>    7.1324   -0.0000 </r>
       <r>    9.5279   -0.0000 </r>
       <r>   10.5255   -0.0000 </r>
       <r>   10.5256   -0.0000 </r>
      </set>
      <set comment="kpoint 17">
       <r>   -5.0543    1.0000 </r>
       <r>    1.7751    1.0000 </r>
       <r>    3.6784    1.0000 </r>
       <r>    3.8388    1.0000 </r>
       <r>    7.2313   -0.0000 </r>
       <r>    9.1163   -0.0000 </r>
       <r>   10.7723   -0.0000 </r>
       <r>   11.1201   -0.0000 </r>
      </set>
      <set comment="kpoint 18">
       <r>   -4.3916    1.0000 </r>
       <r>    0.3646    1.0000 </r>
       <r>    3.0556    1.0000 </r>
       <r>    3.6785    1.0000 </r>
       <r>    7.4474   -0.0000 </r>
       <r>    9.7475   -0.0000 </r>
       <r>   10.5376   -0.0000 </r>
       <r>   11.0884   -0.0000 </r>
      </set>
      <set comment="kpoint 19">
       <r>   -3.6769    1.0000 </r>
       <r>   -0.7948    1.0000 </r>
       <r>    2.5527    1.0000 </r>
       <r>    3.7209    1.0000 </r>
       <r>    7.5151   -0.0000 </r>
       <r>   10.3196   -0.0000 </r>
       <r>   10.7737   -0.0000 </r>
       <r>   11.2816    0.0000 </r>
      </set>
      <set comment="kpoint 20">
       <r>   -3.5289    1.0000 </r>
       <r>   -0.9972    1.0000 </r>
       <r>    2.2604    1.0000 </r>
       <r>    3.9547    1.0000 </r>
       <r>    7.7203   -0.0000 </r>
       <r>   10.2234   -0.0000 </r>
       <r>   10.4702   -0.0000 </r>
       <r>   13.2022    0.0000 </r>
      </set>
      <set comment="kpoint 21">
       <r>   -4.1666    1.0000 </r>
       <r>   -0.0325    1.0000 </r>
       <r>    2.2455    1.0000 </r>
       <r>    4.3460    1.0000 </r>
       <r>    8.1055   -0.0000 </r>
       <r>   10.1843   -0.0000 </r>
       <r>   10.2433   -0.0000 </r>
       <r>   12.2931    0.0000 </r>
      </set>
      <set comment="kpoint 22">
       <r>   -4.8707    1.0000 </r>
       <r>    1.1833    1.0000 </r>
       <r>    2.6968    1.0000 </r>
       <r>    4.8087    1.0000 </r>
       <r>    8.5132   -0.0000 </r>
       <r>    9.6337   -0.0000 </r>
       <r>    9.9502   -0.0000 </r>
       <r>   11.3199    0.0000 </r>
      </set>
      <set comment="kpoint 23">
       <r>   -4.6727    1.0000 </r>
       <r>    1.2282    1.0000 </r>
       <r>    3.4503    1.0000 </r>
       <r>    3.4503    1.0000 </r>
       <r>    6.5468   -0.0000 </r>
       <r>    8.1084   -0.0000 </r>
       <r>   12.2683    0.0000 </r>
       <r>   12.2683    0.0000 </r>
      </set>
      <set comment="kpoint 24">
       <r>   -4.0707    1.0000 </r>
       <r>    0.2363    1.0000 </r>
       <r>    2.8363    1.0000 </r>
       <r>    3.2466    1.0000 </r>
       <r>    6.7364   -0.0000 </r>
       <r>    7.9346   -0.0000 </r>
       <r>   12.5510    0.0000 </r>
       <r>   12.7042    0.0000 </r>
      </set>
      <set comment="kpoint 25">
       <r>   -3.3354    1.0000 </r>
       <r>   -0.7519    1.0000 </r>
       <r>    2.0245    1.0000 </r>
       <r>    3.2528    1.0000 </r>
       <r>    6.9208   -0.0000 </r>
       <r>    9.0535   -0.0000 </r>
       <r>   12.3574    0.0000 </r>
       <r>   12.4637    0.0000 </r>
      </set>
      <set comment="kpoint 26">
       <r>   -2.9285    1.0000 </r>
       <r>   -1.2149    1.0000 </r>
       <r>    1.4826    1.0000 </r>
       <r>    3.4650    1.0000 </r>
       <r>    7.1470   -0.0000 </r>
       <r>   10.8567   -0.0000 </r>
       <r>   12.0595    0.0000 </r>
       <r>   12.1901    0.0000 </r>
      </set>
      <set comment="kpoint 27">
       <r>   -3.4549    1.0000 </r>
       <r>   -0.6360    1.0000 </r>
       <r>    1.4577    1.0000 </r>
       <r>    3.8555    1.0000 </r>
       <r>    7.5844   -0.0000 </r>
       <r>   11.3735    0.0000 </r>
       <r>   11.7219    0.0000 </r>
       <r>   12.3857    0.0000 </r>
      </set>
      <set comment="kpoint 28">
       <r>   -3.5298    1.0000 </r>
       <r>   -0.5095    1.0000 </r>
       <r>    2.9892    1.0000 </r>
       <r>    2.9892    1.0000 </r>
       <r>    6.2732   -0.0002 </r>
       <r>    7.0135   -0.0000 </r>
       <r>   14.1190    0.0000 </r>
       <r>   14.1190    0.0000 </r>
      </set>
      <set comment="kpoint 29">
       <r>   -2.8136    1.0000 </r>
       <r>   -1.3370    1.0000 </r>
       <r>    2.4201    1.0000 </r>
       <r>    2.9411    1.0000 </r>
       <r>    6.5121   -0.0000 </r>
       <r>    7.2690   -0.0000 </r>
       <r>   14.3700    0.0000 </r>
       <r>   14.4345    0.0000 </r>
      </set>
      <set comment="kpoint 30">
       <r>   -2.3519    1.0000 </r>
       <r>   -1.7485    1.0000 </r>
       <r>    1.6571    1.0000 </r>
       <r>    3.1064    1.0000 </r>
       <r>    6.7223   -0.0000 </r>
       <r>    8.8235   -0.0000 </r>
       <r>   13.6962    0.0000 </r>
       <r>   14.2408    0.0000 </r>
      </set>
      <set comment="kpoint 31">
       <r>   -2.1220    1.0000 </r>
       <r>   -2.1220    1.0000 </r>
       <r>    2.8335    1.0000 </r>
       <r>    2.8336    1.0000 </r>
       <r>    6.4088   -0.0000 </r>
       <r>    6.4088   -0.0000 </r>
       <r>   15.6191    0.0000 </r>
       <r>   15.6191    0.0000 </r>
      </set>
      <set comment="kpoint 32">
       <r>   -5.3497    1.0000 </r>
       <r>    2.2722    1.0000 </r>
       <r>    3.6020    1.0000 </r>
       <r>    4.6857    1.0000 </r>
       <r>    8.0075   -0.0000 </r>
       <r>    9.3081   -0.0000 </r>
       <r>   10.2888   -0.0000 </r>
       <r>   10.2980   -0.0000 </r>
      </set>
      <set comment="kpoint 33">
       <r>   -4.7494    1.0000 </r>
       <r>    0.8853    1.0000 </r>
       <r>    3.0159    1.0000 </r>
       <r>    4.3167    1.0000 </r>
       <r>    8.3499   -0.0000 </r>
       <r>    9.2331   -0.0000 </r>
       <r>   10.3722   -0.0000 </r>
       <r>   10.7767   -0.0000 </r>
      </set>
      <set comment="kpoint 34">
       <r>   -4.0181    1.0000 </r>
       <r>   -0.4512    1.0000 </r>
       <r>    2.7817    1.0000 </r>
       <r>    3.9732    1.0000 </r>
       <r>    8.3887   -0.0000 </r>
       <r>    8.9518   -0.0000 </r>
       <r>   10.6961   -0.0000 </r>
       <r>   11.7104    0.0000 </r>
      </set>
      <set comment="kpoint 35">
       <r>   -3.5714    1.0000 </r>
       <r>   -1.1124    1.0000 </r>
       <r>    2.7208    1.0000 </r>
       <r>    3.8390    1.0000 </r>
       <r>    8.4009   -0.0000 </r>
       <r>    8.7942   -0.0000 </r>
       <r>   10.6636   -0.0000 </r>
       <r>   13.4632    0.0000 </r>
      </set>
      <set comment="kpoint 36">
       <r>   -4.5261    1.0000 </r>
       <r>    0.8799    1.0000 </r>
       <r>    2.8847    1.0000 </r>
       <r>    3.5922    1.0000 </r>
       <r>    7.4471   -0.0000 </r>
       <r>    8.7389   -0.0000 </r>
       <r>   10.8256   -0.0000 </r>
       <r>   12.1659    0.0000 </r>
      </set>
      <set comment="kpoint 37">
       <r>   -3.8196    1.0000 </r>
       <r>   -0.2028    1.0000 </r>
       <r>    2.2747    1.0000 </r>
       <r>    3.2713    1.0000 </r>
       <r>    7.8336   -0.0000 </r>
       <r>    9.4343   -0.0000 </r>
       <r>   10.4471   -0.0000 </r>
       <r>   12.5633    0.0000 </r>
      </set>
      <set comment="kpoint 38">
       <r>   -3.1854    1.0000 </r>
       <r>   -1.0449    1.0000 </r>
       <r>    1.8720    1.0000 </r>
       <r>    3.2174    1.0000 </r>
       <r>    8.0159   -0.0000 </r>
       <r>   10.0243   -0.0000 </r>
       <r>   11.1493   -0.0000 </r>
       <r>   12.4862    0.0000 </r>
      </set>
      <set comment="kpoint 39">
       <r>   -3.3822    1.0000 </r>
       <r>   -0.7919    1.0000 </r>
       <r>    1.7266    1.0000 </r>
       <r>    3.4517    1.0000 </r>
       <r>    8.3472   -0.0000 </r>
       <r>    9.7620   -0.0000 </r>
       <r>   11.5775    0.0000 </r>
       <r>   12.3873    0.0000 </r>
      </set>
      <set comment="kpoint 40">
       <r>   -4.1016    1.0000 </r>
       <r>    0.1392    1.0000 </r>
       <r>    2.0249    1.0000 </r>
       <r>    3.8834    1.0000 </r>
       <r>    8.8262   -0.0000 </r>
       <r>    9.3105   -0.0000 </r>
       <r>   10.3655   -0.0000 </r>
       <r>   11.8938    0.0000 </r>
      </set>
      <set comment="kpoint 41">
       <r>   -3.4143    1.0000 </r>
       <r>   -0.5948    1.0000 </r>
       <r>    2.4801    1.0000 </r>
       <r>    2.8021    1.0000 </r>
       <r>    7.1659   -0.0000 </r>
       <r>    7.7673   -0.0000 </r>
       <r>   12.3696    0.0000 </r>
       <r>   14.1023    0.0000 </r>
      </set>
      <set comment="kpoint 42">
       <r>   -2.6916    1.0000 </r>
       <r>   -1.3573    1.0000 </r>
       <r>    1.7966    1.0000 </r>
       <r>    2.7127    1.0000 </r>
       <r>    7.5196   -0.0000 </r>
       <r>    8.9540   -0.0000 </r>
       <r>   11.9699    0.0000 </r>
       <r>   13.7316    0.0000 </r>
      </set>
      <set comment="kpoint 43">
       <r>   -2.7005    1.0000 </r>
       <r>   -1.3280    1.0000 </r>
       <r>    1.3904    1.0000 </r>
       <r>    2.9782    1.0000 </r>
       <r>    7.8420   -0.0000 </r>
       <r>   10.7931   -0.0000 </r>
       <r>   11.5534    0.0000 </r>
       <r>   11.9058    0.0000 </r>
      </set>
      <set comment="kpoint 44">
       <r>   -2.0712    1.0000 </r>
       <r>   -2.0712    1.0000 </r>
       <r>    2.4390    1.0000 </r>
       <r>    2.4391    1.0000 </r>
       <r>    7.2535   -0.0000 </r>
       <r>    7.2535   -0.0000 </r>
       <r>   14.0979    0.0000 </r>
       <r>   14.0980    0.0000 </r>
      </set>
      <set comment="kpoint 45">
       <r>   -3.1020    1.0000 </r>
       <r>   -0.8880    1.0000 </r>
       <r>    1.7377    1.0000 </r>
       <r>    2.7081    1.0000 </r>
       <r>    9.0572   -0.0000 </r>
       <r>    9.4674   -0.0000 </r>
       <r>   10.0443   -0.0000 </r>
       <r>   13.4036    0.0000 </r>
      </set>
      <set comment="kpoint 46">
       <r>   -2.6027    1.0000 </r>
       <r>   -1.3880    1.0000 </r>
       <r>    1.5842    1.0000 </r>
       <r>    2.4618    1.0000 </r>
       <r>    9.3610   -0.0000 </r>
       <r>    9.6258   -0.0000 </r>
       <r>   11.0513   -0.0000 </r>
       <r>   11.4446    0.0000 </r>
      </set>
      <set comment="kpoint 47">
       <r>   -1.9828    1.0000 </r>
       <r>   -1.9828    1.0000 </r>
       <r>    1.9409    1.0000 </r>
       <r>    1.9409    1.0000 </r>
       <r>    9.1020   -0.0000 </r>
       <r>    9.1020   -0.0000 </r>
       <r>   11.5478    0.0000 </r>
       <r>   11.5478    0.0000 </r>
      </set>
     </set>
    </set>
   </array>
  </eigenvalues>
  <separator name="orbital magnetization" >
   <v name="MAGDIPOLOUT">      0.00000000      0.00000000      0.00000000</v>
  </separator>
  <dos>
   <i name="efermi">      5.69401425 </i>
   <total>
    <array>
     <dimension dim="1">gridpoints</dimension>
     <dimension dim="2">spin</dimension>
     <field>energy</field>
     <field>total</field>
     <field>integrated</field>
     <set>
      <set comment="spin 1">
       <r>    -8.1957     0.0000     0.0000 </r>
       <r>    -8.1096     0.0000     0.0000 </r>
       <r>    -8.0236     0.0000     0.0000 </r>
       <r>    -7.9375     0.0000     0.0000 </r>
       <r>    -7.8515    -0.0000    -0.0000 </r>
       <r>    -7.7655    -0.0000    -0.0000 </r>
       <r>    -7.6794    -0.0000    -0.0000 </r>
       <r>    -7.5934    -0.0000    -0.0000 </r>
       <r>    -7.5073    -0.0000    -0.0000 </r>
       <r>    -7.4213    -0.0000    -0.0000 </r>
       <r>    -7.3352    -0.0000    -0.0000 </r>
       <r>    -7.2492    -0.0000    -0.0000 </r>
       <r>    -7.1631    -0.0000    -0.0000 </r>
       <r>    -7.0771    -0.0000    -0.0000 </r>
       <r>    -6.9910    -0.0000    -0.0000 </r>
       <r>    -6.9050    -0.0000    -0.0000 </r>
       <r>    -6.8189    -0.0000    -0.0000 </r>
       <r>    -6.7329    -0.0000    -0.0000 </r>
       <r>    -6.6468    -0.0001    -0.0000 </r>
       <r>    -6.5608    -0.0005    -0.0001 </r>
       <r>    -6.4747    -0.0019    -0.0002 </r>
       <r>    -6.3887    -0.0042    -0.0006 </r>
       <r>    -6.3026    -0.0027    -0.0008 </r>
       <r>    -6.2166     0.0159     0.0006 </r>
       <r>    -6.1305     0.0587     0.0056 </r>
       <r>    -6.0445     0.1045     0.0146 </r>
       <r>    -5.9584     0.1334     0.0261 </r>
       <r>    -5.8724     0.1759     0.0412 </r>
       <r>    -5.7863     0.2524     0.0629 </r>
       <r>    -5.7003     0.2929     0.0881 </r>
       <r>    -5.6142     0.2414     0.1089 </r>
       <r>    -5.5282     0.1963     0.1258 </r>
       <r>    -5.4421     0.2739     0.1494 </r>
       <r>    -5.3561     0.4008     0.1839 </r>
       <r>    -5.2700     0.4402     0.2217 </r>
       <r>    -5.1840     0.4102     0.2570 </r>
       <r>    -5.0979     0.3755     0.2894 </r>
       <r>    -5.0119     0.3169     0.3166 </r>
       <r>    -4.9258     0.2789     0.3406 </r>
       <r>    -4.8398     0.3926     0.3744 </r>
       <r>    -4.7537     0.6001     0.4260 </r>
       <r>    -4.6677     0.6665     0.4834 </r>
       <r>    -4.5816     0.5826     0.5335 </r>
       <r>    -4.4956     0.5321     0.5793 </r>
       <r>    -4.4095     0.5005     0.6224 </r>
       <r>    -4.3235     0.3901     0.6560 </r>
       <r>    -4.2374     0.3493     0.6860 </r>
       <r>    -4.1514     0.5814     0.7361 </r>
       <r>    -4.0653     0.9484     0.8177 </r>
       <r>    -3.9793     1.1063     0.9129 </r>
       <r>    -3.8932     0.9897     0.9980 </r>
       <r>    -3.8072     0.7900     1.0660 </r>
       <r>    -3.7211     0.6211     1.1195 </r>
       <r>    -3.6351     0.5540     1.1671 </r>
       <r>    -3.5490     0.6662     1.2245 </r>
       <r>    -3.4630     0.8884     1.3009 </r>
       <r>    -3.3769     1.0188     1.3886 </r>
       <r>    -3.2909     0.9458     1.4700 </r>
       <r>    -3.2048     0.7713     1.5363 </r>
       <r>    -3.1188     0.6041     1.5883 </r>
       <r>    -3.0327     0.4388     1.6261 </r>
       <r>    -2.9467     0.3312     1.6546 </r>
       <r>    -2.8606     0.3929     1.6884 </r>
       <r>    -2.7746     0.6186     1.7416 </r>
       <r>    -2.6885     0.8210     1.8123 </r>
       <r>    -2.6025     0.7609     1.8777 </r>
       <r>    -2.5164     0.4530     1.9167 </r>
       <r>    -2.4304     0.1681     1.9312 </r>
       <r>    -2.3443     0.0590     1.9363 </r>
       <r>    -2.2583     0.0677     1.9421 </r>
       <r>    -2.1722     0.1525     1.9552 </r>
       <r>    -2.0862     0.2993     1.9810 </r>
       <r>    -2.0001     0.3909     2.0146 </r>
       <r>    -1.9141     0.3286     2.0429 </r>
       <r>    -1.8280     0.1910     2.0593 </r>
       <r>    -1.7420     0.0902     2.0671 </r>
       <r>    -1.6559     0.0225     2.0690 </r>
       <r>    -1.5699     0.0167     2.0704 </r>
       <r>    -1.4838     0.2346     2.0906 </r>
       <r>    -1.3978     0.6897     2.1500 </r>
       <r>    -1.3117     1.0444     2.2398 </r>
       <r>    -1.2257     1.0636     2.3314 </r>
       <r>    -1.1396     0.9739     2.4152 </r>
       <r>    -1.0536     0.9868     2.5001 </r>
       <r>    -0.9675     1.0311     2.5888 </r>
       <r>    -0.8815     1.0899     2.6826 </r>
       <r>    -0.7954     1.1463     2.7812 </r>
       <r>    -0.7094     1.0398     2.8707 </r>
       <r>    -0.6233     0.8016     2.9397 </r>
       <r>    -0.5373     0.6450     2.9952 </r>
       <r>    -0.4512     0.5685     3.0441 </r>
       <r>    -0.3652     0.4571     3.0834 </r>
       <r>    -0.2791     0.3956     3.1175 </r>
       <r>    -0.1931     0.4860     3.1593 </r>
       <r>    -0.1070     0.5903     3.2101 </r>
       <r>    -0.0210     0.5475     3.2572 </r>
       <r>     0.0650     0.4221     3.2935 </r>
       <r>     0.1511     0.3712     3.3254 </r>
       <r>     0.2371     0.4286     3.3623 </r>
       <r>     0.3232     0.5052     3.4058 </r>
       <r>     0.4092     0.4829     3.4474 </r>
       <r>     0.4953     0.3082     3.4739 </r>
       <r>     0.5813     0.0827     3.4810 </r>
       <r>     0.6674    -0.0110     3.4800 </r>
       <r>     0.7534     0.1425     3.4923 </r>
       <r>     0.8395     0.4657     3.5324 </r>
       <r>     0.9255     0.6480     3.5881 </r>
       <r>     1.0116     0.4914     3.6304 </r>
       <r>     1.0976     0.2127     3.6487 </r>
       <r>     1.1837     0.0929     3.6567 </r>
       <r>     1.2697     0.1625     3.6707 </r>
       <r>     1.3558     0.3648     3.7021 </r>
       <r>     1.4418     0.6035     3.7540 </r>
       <r>     1.5279     0.7334     3.8171 </r>
       <r>     1.6139     0.8266     3.8883 </r>
       <r>     1.7000     1.1011     3.9830 </r>
       <r>     1.7860     1.4432     4.1072 </r>
       <r>     1.8721     1.5155     4.2376 </r>
       <r>     1.9581     1.2788     4.3476 </r>
       <r>     2.0442     0.9480     4.4292 </r>
       <r>     2.1302     0.7476     4.4936 </r>
       <r>     2.2163     0.8376     4.5656 </r>
       <r>     2.3023     1.0850     4.6590 </r>
       <r>     2.3884     1.1825     4.7607 </r>
       <r>     2.4744     1.0733     4.8531 </r>
       <r>     2.5605     0.9597     4.9357 </r>
       <r>     2.6465     1.1046     5.0307 </r>
       <r>     2.7326     1.4976     5.1596 </r>
       <r>     2.8186     1.7497     5.3102 </r>
       <r>     2.9047     1.6702     5.4539 </r>
       <r>     2.9907     1.4731     5.5806 </r>
       <r>     3.0768     1.3531     5.6971 </r>
       <r>     3.1628     1.3764     5.8155 </r>
       <r>     3.2489     1.4421     5.9396 </r>
       <r>     3.3349     1.3226     6.0534 </r>
       <r>     3.4210     1.1291     6.1506 </r>
       <r>     3.5070     1.1984     6.2537 </r>
       <r>     3.5931     1.4853     6.3815 </r>
       <r>     3.6791     1.6385     6.5225 </r>
       <r>     3.7652     1.5633     6.6570 </r>
       <r>     3.8512     1.5047     6.7865 </r>
       <r>     3.9373     1.4807     6.9139 </r>
       <r>     4.0233     1.2160     7.0185 </r>
       <r>     4.1094     0.8176     7.0889 </r>
       <r>     4.1954     0.7493     7.1534 </r>
       <r>     4.2815     1.0765     7.2460 </r>
       <r>     4.3675     1.3524     7.3624 </r>
       <r>     4.4536     1.2372     7.4688 </r>
       <r>     4.5396     0.9128     7.5474 </r>
       <r>     4.6257     0.7791     7.6144 </r>
       <r>     4.7117     0.8774     7.6899 </r>
       <r>     4.7978     0.8723     7.7650 </r>
       <r>     4.8838     0.6010     7.8167 </r>
       <r>     4.9699     0.3234     7.8445 </r>
       <r>     5.0559     0.2883     7.8693 </r>
       <r>     5.1420     0.3593     7.9003 </r>
       <r>     5.2280     0.3029     7.9263 </r>
       <r>     5.3141     0.1761     7.9415 </r>
       <r>     5.4001     0.1562     7.9549 </r>
       <r>     5.4862     0.2102     7.9730 </r>
       <r>     5.5722     0.1936     7.9897 </r>
       <r>     5.6583     0.1026     7.9985 </r>
       <r>     5.7443     0.0274     8.0008 </r>
       <r>     5.8304    -0.0012     8.0007 </r>
       <r>     5.9164    -0.0066     8.0002 </r>
       <r>     6.0025    -0.0068     7.9996 </r>
       <r>     6.0885    -0.0036     7.9993 </r>
       <r>     6.1746     0.0096     8.0001 </r>
       <r>     6.2606     0.0390     8.0035 </r>
       <r>     6.3467     0.0945     8.0116 </r>
       <r>     6.4327     0.1828     8.0273 </r>
       <r>     6.5188     0.2700     8.0506 </r>
       <r>     6.6048     0.3138     8.0776 </r>
       <r>     6.6909     0.3319     8.1061 </r>
       <r>     6.7769     0.3358     8.1350 </r>
       <r>     6.8630     0.3007     8.1609 </r>
       <r>     6.9490     0.2647     8.1837 </r>
       <r>     7.0351     0.3501     8.2138 </r>
       <r>     7.1211     0.6300     8.2680 </r>
       <r>     7.2072     0.9320     8.3482 </r>
       <r>     7.2932     1.0023     8.4344 </r>
       <r>     7.3793     0.9397     8.5153 </r>
       <r>     7.4653     0.9734     8.5991 </r>
       <r>     7.5514     0.9812     8.6835 </r>
       <r>     7.6374     0.9043     8.7613 </r>
       <r>     7.7235     1.0971     8.8557 </r>
       <r>     7.8095     1.6362     8.9965 </r>
       <r>     7.8955     2.0464     9.1726 </r>
       <r>     7.9816     1.9899     9.3438 </r>
       <r>     8.0676     1.5347     9.4759 </r>
       <r>     8.1537     0.9924     9.5613 </r>
       <r>     8.2397     0.8581     9.6351 </r>
       <r>     8.3258     1.2672     9.7442 </r>
       <r>     8.4118     1.6021     9.8820 </r>
       <r>     8.4979     1.3321     9.9966 </r>
       <r>     8.5839     0.7558    10.0617 </r>
       <r>     8.6700     0.4383    10.0994 </r>
       <r>     8.7560     0.5692    10.1484 </r>
       <r>     8.8421     1.1063    10.2436 </r>
       <r>     8.9281     1.9661    10.4128 </r>
       <r>     9.0142     2.7188    10.6467 </r>
       <r>     9.1002     2.7652    10.8847 </r>
       <r>     9.1863     2.2576    11.0789 </r>
       <r>     9.2723     1.9324    11.2452 </r>
       <r>     9.3584     1.9397    11.4121 </r>
       <r>     9.4444     1.8160    11.5684 </r>
       <r>     9.5305     1.4355    11.6919 </r>
       <r>     9.6165     1.1563    11.7914 </r>
       <r>     9.7026     1.1365    11.8892 </r>
       <r>     9.7886     1.1236    11.9859 </r>
       <r>     9.8747     0.9670    12.0691 </r>
       <r>     9.9607     0.8358    12.1410 </r>
       <r>    10.0468     0.8196    12.2115 </r>
       <r>    10.1328     0.8814    12.2874 </r>
       <r>    10.2189     1.1224    12.3840 </r>
       <r>    10.3049     1.5198    12.5147 </r>
       <r>    10.3910     1.7463    12.6650 </r>
       <r>    10.4770     1.6095    12.8035 </r>
       <r>    10.5631     1.3603    12.9206 </r>
       <r>    10.6491     1.4007    13.0411 </r>
       <r>    10.7352     1.7083    13.1881 </r>
       <r>    10.8212     1.7656    13.3400 </r>
       <r>    10.9073     1.3515    13.4563 </r>
       <r>    10.9933     0.9539    13.5384 </r>
       <r>    11.0794     0.9405    13.6193 </r>
       <r>    11.1654     1.0075    13.7060 </r>
       <r>    11.2515     0.8413    13.7784 </r>
       <r>    11.3375     0.6298    13.8326 </r>
       <r>    11.4236     0.6965    13.8925 </r>
       <r>    11.5096     1.0380    13.9818 </r>
       <r>    11.5957     1.2909    14.0929 </r>
       <r>    11.6817     1.1679    14.1934 </r>
       <r>    11.7678     0.8490    14.2665 </r>
       <r>    11.8538     0.7201    14.3284 </r>
       <r>    11.9399     0.8590    14.4024 </r>
       <r>    12.0259     0.9905    14.4876 </r>
       <r>    12.1120     0.9351    14.5680 </r>
       <r>    12.1980     0.8655    14.6425 </r>
       <r>    12.2841     1.0320    14.7313 </r>
       <r>    12.3701     1.4151    14.8531 </r>
       <r>    12.4562     1.7288    15.0019 </r>
       <r>    12.5422     1.7093    15.1489 </r>
       <r>    12.6283     1.3215    15.2627 </r>
       <r>    12.7143     0.7546    15.3276 </r>
       <r>    12.8004     0.2743    15.3512 </r>
       <r>    12.8864     0.0175    15.3527 </r>
       <r>    12.9725    -0.0433    15.3490 </r>
       <r>    13.0585     0.0205    15.3507 </r>
       <r>    13.1446     0.1463    15.3633 </r>
       <r>    13.2306     0.2790    15.3873 </r>
       <r>    13.3167     0.4306    15.4244 </r>
       <r>    13.4027     0.6020    15.4762 </r>
       <r>    13.4888     0.6659    15.5335 </r>
       <r>    13.5748     0.6132    15.5863 </r>
       <r>    13.6609     0.6191    15.6395 </r>
       <r>    13.7469     0.6310    15.6938 </r>
       <r>    13.8330     0.4479    15.7324 </r>
       <r>    13.9190     0.2031    15.7499 </r>
       <r>    14.0051     0.1985    15.7669 </r>
       <r>    14.0911     0.4021    15.8015 </r>
       <r>    14.1772     0.5180    15.8461 </r>
       <r>    14.2632     0.4653    15.8862 </r>
       <r>    14.3493     0.4139    15.9218 </r>
       <r>    14.4353     0.3939    15.9557 </r>
       <r>    14.5214     0.2871    15.9804 </r>
       <r>    14.6074     0.1162    15.9904 </r>
       <r>    14.6935     0.0054    15.9908 </r>
       <r>    14.7795    -0.0192    15.9892 </r>
       <r>    14.8656    -0.0104    15.9883 </r>
       <r>    14.9516    -0.0028    15.9880 </r>
       <r>    15.0377    -0.0005    15.9880 </r>
       <r>    15.1237    -0.0002    15.9880 </r>
       <r>    15.2098    -0.0008    15.9879 </r>
       <r>    15.2958    -0.0022    15.9877 </r>
       <r>    15.3819    -0.0018    15.9876 </r>
       <r>    15.4679     0.0080    15.9883 </r>
       <r>    15.5540     0.0304    15.9909 </r>
       <r>    15.6400     0.0485    15.9951 </r>
       <r>    15.7260     0.0419    15.9987 </r>
       <r>    15.8121     0.0185    16.0003 </r>
       <r>    15.8981     0.0015    16.0004 </r>
       <r>    15.9842    -0.0026    16.0002 </r>
       <r>    16.0702    -0.0014    16.0000 </r>
       <r>    16.1563    -0.0004    16.0000 </r>
       <r>    16.2423    -0.0001    16.0000 </r>
       <r>    16.3284    -0.0000    16.0000 </r>
       <r>    16.4144    -0.0000    16.0000 </r>
       <r>    16.5005    -0.0000    16.0000 </r>
       <r>    16.5865    -0.0000    16.0000 </r>
       <r>    16.6726    -0.0000    16.0000 </r>
       <r>    16.7586    -0.0000    16.0000 </r>
       <r>    16.8447    -0.0000    16.0000 </r>
       <r>    16.9307     0.0000    16.0000 </r>
       <r>    17.0168     0.0000    16.0000 </r>
       <r>    17.1028     0.0000    16.0000 </r>
       <r>    17.1889     0.0000    16.0000 </r>
       <r>    17.2749     0.0000    16.0000 </r>
       <r>    17.3610     0.0000    16.0000 </r>
       <r>    17.4470     0.0000    16.0000 </r>
       <r>    17.5331     0.0000    16.0000 </r>
       <r>    17.6191     0.0000    16.0000 </r>
      </set>
     </set>
    </array>
   </total>
  </dos>
 </calculation>
 <structure name="finalpos" >
  <crystal>
   <varray name="basis" >
    <v>       0.00000000       2.73340864       2.73340864 </v>
    <v>       2.73340864       0.00000000       2.73340864 </v>
    <v>       2.73340864       2.73340864       0.00000000 </v>
   </varray>
   <i name="volume">     40.84544993 </i>
   <varray name="rec_basis" >
    <v>      -0.18292179       0.18292179       0.18292179 </v>
    <v>       0.18292179      -0.18292179       0.18292179 </v>
    <v>       0.18292179       0.18292179      -0.18292179 </v>
   </varray>
  </crystal>
  <varray name="positions" >
   <v>       0.12500000       0.12500000       0.12500000 </v>
   <v>       0.87500000       0.87500000       0.87500000 </v>
  </varray>
 </structure>
</modeling>
