<?xml version="1.0" encoding="ISO-8859-1"?>
<modeling>
 <generator>
  <i name="program" type="string">vasp </i>
  <i name="version" type="string">5.4.4.18Apr17-6-g9f103f2a35  </i>
  <i name="subversion" type="string">(build Feb 04 2020 15:23:53) complex            parallel </i>
  <i name="platform" type="string">Magnus_2017U8_MOC </i>
  <i name="date" type="string">2020 11 17 </i>
  <i name="time" type="string">15:46:07 </i>
 </generator>
 <incar>
  <i type="string" name="PREC">normal</i>
  <i type="int" name="ICHARG">    11</i>
  <i name="ENCUT">    250.00000000</i>
  <i type="int" name="ISMEAR">     0</i>
  <i name="SIGMA">      0.01000000</i>
  <i type="logical" name="LWAVE"> F  </i>
  <v type="int" name="KPOINT_BSE">    -1     0     0     0</v>
 </incar>
 <structure name="primitive_cell" >
  <crystal>
   <varray name="basis" >
    <v>       0.00000000       2.73482640       2.73482640 </v>
    <v>       2.73482640       0.00000000       2.73482640 </v>
    <v>       2.73482640       2.73482640       0.00000000 </v>
   </varray>
   <i name="volume">     40.90903976 </i>
   <varray name="rec_basis" >
    <v>      -0.18282696       0.18282696       0.18282696 </v>
    <v>       0.18282696      -0.18282696       0.18282696 </v>
    <v>       0.18282696       0.18282696      -0.18282696 </v>
   </varray>
  </crystal>
  <varray name="positions" >
   <v>       0.00000000       0.00000000       0.00000000 </v>
   <v>       0.25000000       0.25000000       0.25000000 </v>
  </varray>
 </structure>
 <varray name="primitive_index" >
  <v type="int" >        1 </v>
  <v type="int" >        2 </v>
 </varray>
 <kpoints>
  <varray name="kpointlist" >
   <v>       0.00000000       0.01000000       0.01000000 </v>
   <v>       0.00000000       0.00000000       0.00000000 </v>
   <v>       0.00000000      -0.01000000      -0.01000000 </v>
   <v>       0.00000000       0.41300000       0.41300000 </v>
   <v>       0.00000000       0.42300000       0.42300000 </v>
   <v>       0.00000000       0.43300000       0.43300000 </v>
   <v>      -0.01000000       0.42300000       0.41300000 </v>
   <v>       0.00000000       0.42300000       0.42300000 </v>
   <v>       0.01000000       0.42300000       0.43300000 </v>
   <v>      -0.01000000       0.41300000       0.42300000 </v>
   <v>       0.00000000       0.42300000       0.42300000 </v>
   <v>       0.01000000       0.43300000       0.42300000 </v>
  </varray>
  <varray name="weights" >
   <v>       0.08333333 </v>
   <v>       0.08333333 </v>
   <v>       0.08333333 </v>
   <v>       0.08333333 </v>
   <v>       0.08333333 </v>
   <v>       0.08333333 </v>
   <v>       0.08333333 </v>
   <v>       0.08333333 </v>
   <v>       0.08333333 </v>
   <v>       0.08333333 </v>
   <v>       0.08333333 </v>
   <v>       0.08333333 </v>
  </varray>
 </kpoints>
 <parameters>
  <separator name="general" >
   <i type="string" name="SYSTEM">unknown system</i>
   <i type="logical" name="LCOMPAT"> F  </i>
  </separator>
  <separator name="electronic" >
   <i type="string" name="PREC">normal</i>
   <i name="ENMAX">    250.00000000</i>
   <i name="ENAUG">    322.06900000</i>
   <i name="EDIFF">      0.00010000</i>
   <i type="int" name="IALGO">    38</i>
   <i type="int" name="IWAVPR">    10</i>
   <i type="int" name="NBANDS">     8</i>
   <i name="NELECT">      8.00000000</i>
   <i type="int" name="TURBO">     0</i>
   <i type="int" name="IRESTART">     0</i>
   <i type="int" name="NREBOOT">     0</i>
   <i type="int" name="NMIN">     0</i>
   <i name="EREF">      0.00000000</i>
   <separator name="electronic smearing" >
    <i type="int" name="ISMEAR">     0</i>
    <i name="SIGMA">      0.01000000</i>
    <i name="KSPACING">      0.50000000</i>
    <i type="logical" name="KGAMMA"> T  </i>
   </separator>
   <separator name="electronic projectors" >
    <i type="logical" name="LREAL"> F  </i>
    <v name="ROPT">      0.00000000</v>
    <i type="int" name="LMAXPAW">  -100</i>
    <i type="int" name="LMAXMIX">     2</i>
    <i type="logical" name="NLSPLINE"> F  </i>
   </separator>
   <separator name="electronic startup" >
    <i type="int" name="ISTART">     1</i>
    <i type="int" name="ICHARG">    11</i>
    <i type="int" name="INIWAV">     1</i>
   </separator>
   <separator name="electronic spin" >
    <i type="int" name="ISPIN">     1</i>
    <i type="logical" name="LNONCOLLINEAR"> F  </i>
    <v name="MAGMOM">      1.00000000      1.00000000</v>
    <i name="NUPDOWN">     -1.00000000</i>
    <i type="logical" name="LSORBIT"> F  </i>
    <v name="SAXIS">      0.00000000      0.00000000      1.00000000</v>
    <i type="logical" name="LSPIRAL"> F  </i>
    <v name="QSPIRAL">      0.00000000      0.00000000      0.00000000</v>
    <i type="logical" name="LZEROZ"> F  </i>
   </separator>
   <separator name="electronic exchange-correlation" >
    <i type="logical" name="LASPH"> F  </i>
    <i type="logical" name="LMETAGGA"> F  </i>
   </separator>
   <separator name="electronic convergence" >
    <i type="int" name="NELM">    60</i>
    <i type="int" name="NELMDL">     0</i>
    <i type="int" name="NELMIN">     2</i>
    <i name="ENINI">    250.00000000</i>
    <separator name="electronic convergence detail" >
     <i type="logical" name="LDIAG"> T  </i>
     <i type="logical" name="LSUBROT"> F  </i>
     <i name="WEIMIN">      0.00000000</i>
     <i name="EBREAK">      0.00000313</i>
     <i name="DEPER">      0.30000000</i>
     <i type="int" name="NRMM">     4</i>
     <i name="TIME">      0.40000000</i>
    </separator>
   </separator>
   <separator name="electronic mixer" >
    <i name="AMIX">      0.40000000</i>
    <i name="BMIX">      1.00000000</i>
    <i name="AMIN">      0.10000000</i>
    <i name="AMIX_MAG">      1.60000000</i>
    <i name="BMIX_MAG">      1.00000000</i>
    <separator name="electronic mixer details" >
     <i type="int" name="IMIX">     4</i>
     <i type="logical" name="MIXFIRST"> F  </i>
     <i type="int" name="MAXMIX">   -45</i>
     <i name="WC">    100.00000000</i>
     <i type="int" name="INIMIX">     1</i>
     <i type="int" name="MIXPRE">     1</i>
     <i type="int" name="MREMOVE">     5</i>
    </separator>
   </separator>
   <separator name="electronic dipolcorrection" >
    <i type="logical" name="LDIPOL"> F  </i>
    <i type="logical" name="LMONO"> F  </i>
    <i type="int" name="IDIPOL">     0</i>
    <i name="EPSILON">      1.00000000</i>
    <v name="DIPOL">   -100.00000000   -100.00000000   -100.00000000</v>
    <i name="EFIELD">      0.00000000</i>
   </separator>
  </separator>
  <separator name="grids" >
   <i type="int" name="NGX">    16</i>
   <i type="int" name="NGY">    16</i>
   <i type="int" name="NGZ">    16</i>
   <i type="int" name="NGXF">    32</i>
   <i type="int" name="NGYF">    32</i>
   <i type="int" name="NGZF">    32</i>
   <i type="logical" name="ADDGRID"> F  </i>
  </separator>
  <separator name="ionic" >
   <i type="int" name="NSW">     0</i>
   <i type="int" name="IBRION">    -1</i>
   <i type="int" name="MDALGO">     0</i>
   <i type="int" name="ISIF">     2</i>
   <i name="PSTRESS">      0.00000000</i>
   <i name="EDIFFG">      0.00100000</i>
   <i type="int" name="NFREE">     0</i>
   <i name="POTIM">      0.50000000</i>
   <i name="SMASS">     -3.00000000</i>
   <i name="SCALEE">      1.00000000</i>
  </separator>
  <separator name="ionic md" >
   <i name="TEBEG">      0.00010000</i>
   <i name="TEEND">      0.00010000</i>
   <i type="int" name="NBLOCK">     1</i>
   <i type="int" name="KBLOCK">     1</i>
   <i type="int" name="NPACO">   256</i>
   <i name="APACO">     16.00000000</i>
  </separator>
  <separator name="symmetry" >
   <i type="int" name="ISYM">     2</i>
   <i name="SYMPREC">      0.00001000</i>
  </separator>
  <separator name="dos" >
   <i type="int" name="LORBIT">     0</i>
   <v name="RWIGS">     -1.00000000</v>
   <i type="int" name="NEDOS">   301</i>
   <i name="EMIN">     10.00000000</i>
   <i name="EMAX">    -10.00000000</i>
   <i name="EFERMI">      0.00000000</i>
  </separator>
  <separator name="writing" >
   <i type="int" name="NWRITE">     2</i>
   <i type="logical" name="LWAVE"> F  </i>
   <i type="logical" name="LDOWNSAMPLE"> F  </i>
   <i type="logical" name="LCHARG"> T  </i>
   <i type="logical" name="LPARD"> F  </i>
   <i type="logical" name="LVTOT"> F  </i>
   <i type="logical" name="LVHAR"> F  </i>
   <i type="logical" name="LELF"> F  </i>
   <i type="logical" name="LOPTICS"> F  </i>
   <v name="STM">      0.00000000      0.00000000      0.00000000      0.00000000      0.00000000      0.00000000      0.00000000</v>
  </separator>
  <separator name="performance" >
   <i type="int" name="NPAR">     1</i>
   <i type="int" name="NSIM">     4</i>
   <i type="int" name="NBLK">    -1</i>
   <i type="logical" name="LPLANE"> T  </i>
   <i type="logical" name="LSCALAPACK"> T  </i>
   <i type="logical" name="LSCAAWARE"> F  </i>
   <i type="logical" name="LSCALU"> F  </i>
   <i type="logical" name="LASYNC"> F  </i>
   <i type="logical" name="LORBITALREAL"> F  </i>
  </separator>
  <separator name="miscellaneous" >
   <i type="int" name="IDIOT">     3</i>
   <i type="int" name="ISPECIAL">     0</i>
   <i type="logical" name="LMUSIC"> F  </i>
   <v name="POMASS">     28.08500000</v>
   <v name="DARWINR">      0.00000000</v>
   <v name="DARWINV">      1.00000000</v>
   <i type="logical" name="LCORR"> T  </i>
  </separator>
  <i type="logical" name="GGA_COMPAT"> T  </i>
  <i type="logical" name="LBERRY"> F  </i>
  <i type="int" name="ICORELEVEL">     0</i>
  <i type="logical" name="LDAU"> F  </i>
  <i type="int" name="I_CONSTRAINED_M">     0</i>
  <separator name="electronic exchange-correlation" >
   <i type="string" name="GGA">--</i>
   <i type="int" name="VOSKOWN">     0</i>
   <i type="logical" name="LHFCALC"> F  </i>
   <i type="string" name="PRECFOCK"></i>
   <i type="logical" name="LSYMGRAD"> F  </i>
   <i type="logical" name="LHFONE"> F  </i>
   <i type="logical" name="LRHFCALC"> F  </i>
   <i type="logical" name="LTHOMAS"> F  </i>
   <i type="logical" name="LMODELHF"> F  </i>
   <i name="ENCUT4O">     -1.00000000</i>
   <i type="int" name="EXXOEP">     0</i>
   <i type="int" name="FOURORBIT">     0</i>
   <i name="AEXX">      0.00000000</i>
   <i name="HFALPHA">      0.00000000</i>
   <i name="MCALPHA">      0.00000000</i>
   <i name="ALDAX">      1.00000000</i>
   <i name="AGGAX">      1.00000000</i>
   <i name="ALDAC">      1.00000000</i>
   <i name="AGGAC">      1.00000000</i>
   <i type="int" name="NKREDX">     1</i>
   <i type="int" name="NKREDY">     1</i>
   <i type="int" name="NKREDZ">     1</i>
   <i type="logical" name="SHIFTRED"> F  </i>
   <i type="logical" name="ODDONLY"> F  </i>
   <i type="logical" name="EVENONLY"> F  </i>
   <i type="int" name="LMAXFOCK">     0</i>
   <i type="int" name="NMAXFOCKAE">     0</i>
   <i type="logical" name="LFOCKAEDFT"> F  </i>
   <i name="HFSCREEN">      0.00000000</i>
   <i name="HFSCREENC">      0.00000000</i>
   <i type="int" name="NBANDSGWLOW">     0</i>
  </separator>
  <separator name="vdW DFT" >
   <i type="logical" name="LUSE_VDW"> F  </i>
   <i name="Zab_VDW">     -0.84910000</i>
   <i name="PARAM1">      0.12340000</i>
   <i name="PARAM2">      1.00000000</i>
   <i name="PARAM3">      0.00000000</i>
  </separator>
  <separator name="model GW" >
   <i type="int" name="MODEL_GW">     0</i>
   <i name="MODEL_EPS0">     12.27271193</i>
   <i name="MODEL_ALPHA">      1.00000000</i>
  </separator>
  <separator name="linear response parameters" >
   <i type="logical" name="LEPSILON"> F  </i>
   <i type="logical" name="LRPA"> F  </i>
   <i type="logical" name="LNABLA"> F  </i>
   <i type="logical" name="LVEL"> F  </i>
   <i type="int" name="KINTER">     0</i>
   <i name="CSHIFT">      0.10000000</i>
   <i name="OMEGAMAX">     -1.00000000</i>
   <i name="DEG_THRESHOLD">      0.00200000</i>
   <i name="RTIME">     -0.10000000</i>
   <i name="WPLASMAI">      0.00000000</i>
   <v name="DFIELD">      0.00000000      0.00000000      0.00000000</v>
   <v name="WPLASMA">      0.00000000      0.00000000      0.00000000      0.00000000      0.00000000      0.00000000      0.00000000      0.00000000      0.00000000</v>
  </separator>
  <separator name="orbital magnetization" >
   <i type="logical" name="NUCIND"> F  </i>
   <v name="MAGPOS">      0.00000000      0.00000000      0.00000000</v>
   <i type="logical" name="LNICSALL"> T  </i>
   <i type="logical" name="ORBITALMAG"> F  </i>
   <i type="logical" name="LMAGBLOCH"> F  </i>
   <i type="logical" name="LCHIMAG"> F  </i>
   <i type="logical" name="LGAUGE"> T  </i>
   <i type="int" name="MAGATOM">     0</i>
   <v name="MAGDIPOL">      0.00000000      0.00000000      0.00000000</v>
   <v name="AVECCONST">      0.00000000      0.00000000      0.00000000</v>
  </separator>
  <separator name="response functions" >
   <i type="logical" name="LADDER"> F  </i>
   <i type="logical" name="LRPAFORCE"> F  </i>
   <i type="logical" name="LFXC"> F  </i>
   <i type="logical" name="LHARTREE"> T  </i>
   <i type="int" name="IBSE">     0</i>
   <v type="int" name="KPOINT">    -1     0     0     0</v>
   <i type="logical" name="LTCTE"> F  </i>
   <i type="logical" name="LTETE"> F  </i>
   <i type="logical" name="LTRIPLET"> F  </i>
   <i type="logical" name="LFXCEPS"> F  </i>
   <i type="logical" name="LFXHEG"> F  </i>
   <i type="int" name="NATURALO">     2</i>
   <i type="logical" name="L2ORDER"> F  </i>
   <i type="logical" name="LMP2LT"> F  </i>
   <i type="logical" name="LUSEW"> F  </i>
   <i name="ENCUTGW">     -2.00000000</i>
   <i name="ENCUTGWSOFT">     -2.00000000</i>
   <i name="ENCUTLF">     -1.00000000</i>
   <i type="int" name="LMAXMP2">    -1</i>
   <i name="SCISSOR">      0.00000000</i>
   <i type="int" name="NOMEGA">     0</i>
   <i type="int" name="NOMEGAR">     0</i>
   <i type="int" name="NBANDSGW">    -1</i>
   <i type="int" name="NBANDSO">    -1</i>
   <i type="int" name="NBANDSV">    -1</i>
   <i type="int" name="NELM">     1</i>
   <i type="int" name="NELMHF">     1</i>
   <i type="int" name="DIM">     3</i>
   <i type="int" name="ANTIRES">     0</i>
   <i name="OMEGAMAX">    -30.00000000</i>
   <i name="OMEGAMIN">    -30.00000000</i>
   <i name="OMEGATL">   -200.00000000</i>
   <i type="int" name="OMEGAGRID">   140</i>
   <i name="CSHIFT">     -0.10000000</i>
   <i type="logical" name="SELFENERGY"> F  </i>
   <i type="logical" name="LSPECTRAL"> F  </i>
   <i type="logical" name="LSPECTRALGW"> F  </i>
   <i type="logical" name="LSINGLES"> F  </i>
   <i type="logical" name="LFERMIGW"> F  </i>
   <i type="logical" name="ODDONLYGW"> F  </i>
   <i type="logical" name="EVENONLYGW"> F  </i>
   <i type="int" name="NKREDLFX">     1</i>
   <i type="int" name="NKREDLFY">     1</i>
   <i type="int" name="NKREDLFZ">     1</i>
   <i type="int" name="MAXMEM">  2800</i>
   <i type="int" name="TELESCOPE">     0</i>
   <i type="int" name="TAUPAR">     1</i>
   <i type="int" name="OMEGAPAR">    -1</i>
   <i name="LAMBDA">      1.00000000</i>
  </separator>
  <separator name="External order field" >
   <i name="OFIELD_KAPPA">      0.00000000</i>
   <v name="OFIELD_K">      0.00000000      0.00000000      0.00000000</v>
   <i name="OFIELD_Q6_NEAR">      0.00000000</i>
   <i name="OFIELD_Q6_FAR">      0.00000000</i>
   <i name="OFIELD_A">      0.00000000</i>
  </separator>
 </parameters>
 <atominfo>
  <atoms>       2 </atoms>
  <types>       1 </types>
  <array name="atoms" >
   <dimension dim="1">ion</dimension>
   <field type="string">element</field>
   <field type="int">atomtype</field>
   <set>
    <rc><c>Si</c><c>   1</c></rc>
    <rc><c>Si</c><c>   1</c></rc>
   </set>
  </array>
  <array name="atomtypes" >
   <dimension dim="1">type</dimension>
   <field type="int">atomspertype</field>
   <field type="string">element</field>
   <field>mass</field>
   <field>valence</field>
   <field type="string">pseudopotential</field>
   <set>
    <rc><c>   2</c><c>Si</c><c>     28.08500000</c><c>      4.00000000</c><c>  PAW_PBE Si 05Jan2001                  </c></rc>
   </set>
  </array>
 </atominfo>
 <structure name="initialpos" >
  <crystal>
   <varray name="basis" >
    <v>       0.00000000       2.73482640       2.73482640 </v>
    <v>       2.73482640       0.00000000       2.73482640 </v>
    <v>       2.73482640       2.73482640       0.00000000 </v>
   </varray>
   <i name="volume">     40.90903976 </i>
   <varray name="rec_basis" >
    <v>      -0.18282696       0.18282696       0.18282696 </v>
    <v>       0.18282696      -0.18282696       0.18282696 </v>
    <v>       0.18282696       0.18282696      -0.18282696 </v>
   </varray>
  </crystal>
  <varray name="positions" >
   <v>       0.00000000       0.00000000       0.00000000 </v>
   <v>       0.25000000       0.25000000       0.25000000 </v>
  </varray>
 </structure>
 <calculation>
  <scstep>
   <time name="dav">    0.03    0.03</time>
   <time name="total">    0.05    0.05</time>
   <energy>
    <i name="alphaZ">      3.29151024 </i>
    <i name="ewald">   -226.90653073 </i>
    <i name="hartreedc">    -15.16924157 </i>
    <i name="XCdc">    -18.05459148 </i>
    <i name="pawpsdc">    964.17217464 </i>
    <i name="pawaedc">   -929.19692472 </i>
    <i name="eentropy">     -0.00000000 </i>
    <i name="bandstr">      8.13302544 </i>
    <i name="atom">    206.12349923 </i>
    <i name="e_fr_energy">     -7.60707896 </i>
    <i name="e_wo_entrp">     -7.60707896 </i>
    <i name="e_0_energy">     -7.60707896 </i>
   </energy>
  </scstep>
  <scstep>
   <time name="dav">    0.03    0.03</time>
   <time name="total">    0.03    0.03</time>
   <energy>
    <i name="e_fr_energy">     -7.89766505 </i>
    <i name="e_wo_entrp">     -7.89766505 </i>
    <i name="e_0_energy">     -7.89766505 </i>
   </energy>
  </scstep>
  <scstep>
   <time name="dav">    0.03    0.03</time>
   <time name="total">    0.03    0.03</time>
   <energy>
    <i name="e_fr_energy">     -7.89802887 </i>
    <i name="e_wo_entrp">     -7.89802887 </i>
    <i name="e_0_energy">     -7.89802887 </i>
   </energy>
  </scstep>
  <scstep>
   <time name="dav">    0.04    0.04</time>
   <time name="total">    0.04    0.04</time>
   <energy>
    <i name="alphaZ">      3.29151024 </i>
    <i name="ewald">   -226.90653073 </i>
    <i name="hartreedc">    -15.16924157 </i>
    <i name="XCdc">    -18.05459148 </i>
    <i name="pawpsdc">    964.17217464 </i>
    <i name="pawaedc">   -929.19692472 </i>
    <i name="eentropy">     -0.00000000 </i>
    <i name="bandstr">      7.84207363 </i>
    <i name="atom">    206.12349923 </i>
    <i name="e_fr_energy">     -7.89803076 </i>
    <i name="e_wo_entrp">     -7.89803076 </i>
    <i name="e_0_energy">     -7.89803076 </i>
   </energy>
  </scstep>
  <structure>
   <crystal>
    <varray name="basis" >
     <v>       0.00000000       2.73482640       2.73482640 </v>
     <v>       2.73482640       0.00000000       2.73482640 </v>
     <v>       2.73482640       2.73482640       0.00000000 </v>
    </varray>
    <i name="volume">     40.90903976 </i>
    <varray name="rec_basis" >
     <v>      -0.18282696       0.18282696       0.18282696 </v>
     <v>       0.18282696      -0.18282696       0.18282696 </v>
     <v>       0.18282696       0.18282696      -0.18282696 </v>
    </varray>
   </crystal>
   <varray name="positions" >
    <v>       0.00000000       0.00000000       0.00000000 </v>
    <v>       0.25000000       0.25000000       0.25000000 </v>
   </varray>
  </structure>
  <varray name="forces" >
   <v>      -0.00000000      -0.00000000      -0.00000000 </v>
   <v>       0.00000000       0.00000000       0.00000000 </v>
  </varray>
  <varray name="stress" >
   <v>     151.12868011      -0.00000000       0.00000000 </v>
   <v>      -0.00000000     151.12868011      -0.00000000 </v>
   <v>       0.00000000      -0.00000000     151.12868011 </v>
  </varray>
  <energy>
   <i name="e_fr_energy">     -7.89803076 </i>
   <i name="e_wo_entrp">     -7.89803076 </i>
   <i name="e_0_energy">     -0.00000000 </i>
  </energy>
  <time name="totalsc">    0.25    0.26</time>
  <eigenvalues>
   <array>
    <dimension dim="1">band</dimension>
    <dimension dim="2">kpoint</dimension>
    <dimension dim="3">spin</dimension>
    <field>eigene</field>
    <field>occ</field>
    <set>
     <set comment="spin 1">
      <set comment="kpoint 1">
       <r>   -6.1986    1.0000 </r>
       <r>    5.6103    1.0000 </r>
       <r>    5.6155    1.0000 </r>
       <r>    5.6155    1.0000 </r>
       <r>    8.1775    0.0000 </r>
       <r>    8.1914    0.0000 </r>
       <r>    8.1914    0.0000 </r>
       <r>    8.7518    0.0000 </r>
      </set>
      <set comment="kpoint 2">
       <r>   -6.2003    1.0000 </r>
       <r>    5.6230    1.0000 </r>
       <r>    5.6230    1.0000 </r>
       <r>    5.6230    1.0000 </r>
       <r>    8.1818    0.0000 </r>
       <r>    8.1818    0.0000 </r>
       <r>    8.1818    0.0000 </r>
       <r>    8.7394    0.0000 </r>
      </set>
      <set comment="kpoint 3">
       <r>   -6.1986    1.0000 </r>
       <r>    5.6103    1.0000 </r>
       <r>    5.6155    1.0000 </r>
       <r>    5.6155    1.0000 </r>
       <r>    8.1775    0.0000 </r>
       <r>    8.1914    0.0000 </r>
       <r>    8.1914    0.0000 </r>
       <r>    8.7518    0.0000 </r>
      </set>
      <set comment="kpoint 4">
       <r>   -3.3691    1.0000 </r>
       <r>   -0.7418    1.0000 </r>
       <r>    2.9378    1.0000 </r>
       <r>    2.9378    1.0000 </r>
       <r>    6.2399    0.0000 </r>
       <r>    6.8760    0.0000 </r>
       <r>   14.2795    0.0000 </r>
       <r>   14.2795    0.0000 </r>
      </set>
      <set comment="kpoint 5">
       <r>   -3.2362    1.0000 </r>
       <r>   -0.9080    1.0000 </r>
       <r>    2.9124    1.0000 </r>
       <r>    2.9124    1.0000 </r>
       <r>    6.2395    0.0000 </r>
       <r>    6.8005    0.0000 </r>
       <r>   14.4639    0.0000 </r>
       <r>   14.4639    0.0000 </r>
      </set>
      <set comment="kpoint 6">
       <r>   -3.1009    1.0000 </r>
       <r>   -1.0727    1.0000 </r>
       <r>    2.8901    1.0000 </r>
       <r>    2.8901    1.0000 </r>
       <r>    6.2433    0.0000 </r>
       <r>    6.7299    0.0000 </r>
       <r>   14.6468    0.0000 </r>
       <r>   14.6468    0.0000 </r>
      </set>
      <set comment="kpoint 7">
       <r>   -3.2352    1.0000 </r>
       <r>   -0.9084    1.0000 </r>
       <r>    2.9058    1.0000 </r>
       <r>    2.9091    1.0000 </r>
       <r>    6.2496    0.0000 </r>
       <r>    6.8088    0.0000 </r>
       <r>   14.4332    0.0000 </r>
       <r>   14.4638    0.0000 </r>
      </set>
      <set comment="kpoint 8">
       <r>   -3.2362    1.0000 </r>
       <r>   -0.9080    1.0000 </r>
       <r>    2.9124    1.0000 </r>
       <r>    2.9124    1.0000 </r>
       <r>    6.2395    0.0000 </r>
       <r>    6.8005    0.0000 </r>
       <r>   14.4639    0.0000 </r>
       <r>   14.4639    0.0000 </r>
      </set>
      <set comment="kpoint 9">
       <r>   -3.2352    1.0000 </r>
       <r>   -0.9084    1.0000 </r>
       <r>    2.9058    1.0000 </r>
       <r>    2.9091    1.0000 </r>
       <r>    6.2496    0.0000 </r>
       <r>    6.8088    0.0000 </r>
       <r>   14.4332    0.0000 </r>
       <r>   14.4638    0.0000 </r>
      </set>
      <set comment="kpoint 10">
       <r>   -3.2352    1.0000 </r>
       <r>   -0.9084    1.0000 </r>
       <r>    2.9058    1.0000 </r>
       <r>    2.9091    1.0000 </r>
       <r>    6.2496    0.0000 </r>
       <r>    6.8088    0.0000 </r>
       <r>   14.4332    0.0000 </r>
       <r>   14.4638    0.0000 </r>
      </set>
      <set comment="kpoint 11">
       <r>   -3.2362    1.0000 </r>
       <r>   -0.9080    1.0000 </r>
       <r>    2.9124    1.0000 </r>
       <r>    2.9124    1.0000 </r>
       <r>    6.2395    0.0000 </r>
       <r>    6.8005    0.0000 </r>
       <r>   14.4639    0.0000 </r>
       <r>   14.4639    0.0000 </r>
      </set>
      <set comment="kpoint 12">
       <r>   -3.2352    1.0000 </r>
       <r>   -0.9084    1.0000 </r>
       <r>    2.9058    1.0000 </r>
       <r>    2.9091    1.0000 </r>
       <r>    6.2496    0.0000 </r>
       <r>    6.8088    0.0000 </r>
       <r>   14.4332    0.0000 </r>
       <r>   14.4638    0.0000 </r>
      </set>
     </set>
    </set>
   </array>
  </eigenvalues>
  <separator name="orbital magnetization" >
   <v name="MAGDIPOLOUT">      0.00000000      0.00000000      0.00000000</v>
  </separator>
  <dos>
   <i name="efermi">      5.69473271 </i>
   <total>
    <array>
     <dimension dim="1">gridpoints</dimension>
     <dimension dim="2">spin</dimension>
     <field>energy</field>
     <field>total</field>
     <field>integrated</field>
     <set>
      <set comment="spin 1">
       <r>    -7.2427     0.0000     0.0000 </r>
       <r>    -7.1662     0.0000     0.0000 </r>
       <r>    -7.0898     0.0000     0.0000 </r>
       <r>    -7.0133     0.0000     0.0000 </r>
       <r>    -6.9369     0.0000     0.0000 </r>
       <r>    -6.8605     0.0000     0.0000 </r>
       <r>    -6.7840     0.0000     0.0000 </r>
       <r>    -6.7076     0.0000     0.0000 </r>
       <r>    -6.6311     0.0000     0.0000 </r>
       <r>    -6.5547     0.0000     0.0000 </r>
       <r>    -6.4783     0.0000     0.0000 </r>
       <r>    -6.4018     0.0000     0.0000 </r>
       <r>    -6.3254     0.0000     0.0000 </r>
       <r>    -6.2490     0.0000     0.0000 </r>
       <r>    -6.1725     6.5405     0.5000 </r>
       <r>    -6.0961     0.0000     0.5000 </r>
       <r>    -6.0196     0.0000     0.5000 </r>
       <r>    -5.9432     0.0000     0.5000 </r>
       <r>    -5.8668     0.0000     0.5000 </r>
       <r>    -5.7903     0.0000     0.5000 </r>
       <r>    -5.7139     0.0000     0.5000 </r>
       <r>    -5.6374     0.0000     0.5000 </r>
       <r>    -5.5610     0.0000     0.5000 </r>
       <r>    -5.4846     0.0000     0.5000 </r>
       <r>    -5.4081     0.0000     0.5000 </r>
       <r>    -5.3317     0.0000     0.5000 </r>
       <r>    -5.2552     0.0000     0.5000 </r>
       <r>    -5.1788     0.0000     0.5000 </r>
       <r>    -5.1024     0.0000     0.5000 </r>
       <r>    -5.0259     0.0000     0.5000 </r>
       <r>    -4.9495     0.0000     0.5000 </r>
       <r>    -4.8730     0.0000     0.5000 </r>
       <r>    -4.7966     0.0000     0.5000 </r>
       <r>    -4.7202     0.0000     0.5000 </r>
       <r>    -4.6437     0.0000     0.5000 </r>
       <r>    -4.5673     0.0000     0.5000 </r>
       <r>    -4.4908     0.0000     0.5000 </r>
       <r>    -4.4144     0.0000     0.5000 </r>
       <r>    -4.3380     0.0000     0.5000 </r>
       <r>    -4.2615     0.0000     0.5000 </r>
       <r>    -4.1851     0.0000     0.5000 </r>
       <r>    -4.1086     0.0000     0.5000 </r>
       <r>    -4.0322     0.0000     0.5000 </r>
       <r>    -3.9558     0.0000     0.5000 </r>
       <r>    -3.8793     0.0000     0.5000 </r>
       <r>    -3.8029     0.0000     0.5000 </r>
       <r>    -3.7264     0.0000     0.5000 </r>
       <r>    -3.6500     0.0000     0.5000 </r>
       <r>    -3.5736     0.0000     0.5000 </r>
       <r>    -3.4971     0.0000     0.5000 </r>
       <r>    -3.4207     0.0000     0.5000 </r>
       <r>    -3.3442     2.1799     0.6666 </r>
       <r>    -3.2678     0.0000     0.6667 </r>
       <r>    -3.1914    15.2626     1.8333 </r>
       <r>    -3.1149     0.0510     1.8372 </r>
       <r>    -3.0385     2.1293     2.0000 </r>
       <r>    -2.9620     0.0000     2.0000 </r>
       <r>    -2.8856     0.0000     2.0000 </r>
       <r>    -2.8092     0.0000     2.0000 </r>
       <r>    -2.7327     0.0000     2.0000 </r>
       <r>    -2.6563     0.0000     2.0000 </r>
       <r>    -2.5799     0.0000     2.0000 </r>
       <r>    -2.5034     0.0000     2.0000 </r>
       <r>    -2.4270     0.0000     2.0000 </r>
       <r>    -2.3505     0.0000     2.0000 </r>
       <r>    -2.2741     0.0000     2.0000 </r>
       <r>    -2.1977     0.0000     2.0000 </r>
       <r>    -2.1212     0.0000     2.0000 </r>
       <r>    -2.0448     0.0000     2.0000 </r>
       <r>    -1.9683     0.0000     2.0000 </r>
       <r>    -1.8919     0.0000     2.0000 </r>
       <r>    -1.8155     0.0000     2.0000 </r>
       <r>    -1.7390     0.0000     2.0000 </r>
       <r>    -1.6626     0.0000     2.0000 </r>
       <r>    -1.5861     0.0000     2.0000 </r>
       <r>    -1.5097     0.0000     2.0000 </r>
       <r>    -1.4333     0.0000     2.0000 </r>
       <r>    -1.3568     0.0000     2.0000 </r>
       <r>    -1.2804     0.0000     2.0000 </r>
       <r>    -1.2039     0.0000     2.0000 </r>
       <r>    -1.1275     0.0000     2.0000 </r>
       <r>    -1.0511     2.1779     2.1665 </r>
       <r>    -0.9746     0.0000     2.1667 </r>
       <r>    -0.8982    14.0641     3.2417 </r>
       <r>    -0.8217     0.0000     3.3333 </r>
       <r>    -0.7453     0.6754     3.3850 </r>
       <r>    -0.6689     1.5049     3.5000 </r>
       <r>    -0.5924     0.0000     3.5000 </r>
       <r>    -0.5160     0.0000     3.5000 </r>
       <r>    -0.4395     0.0000     3.5000 </r>
       <r>    -0.3631     0.0000     3.5000 </r>
       <r>    -0.2867     0.0000     3.5000 </r>
       <r>    -0.2102     0.0000     3.5000 </r>
       <r>    -0.1338     0.0000     3.5000 </r>
       <r>    -0.0573     0.0000     3.5000 </r>
       <r>     0.0191     0.0000     3.5000 </r>
       <r>     0.0955     0.0000     3.5000 </r>
       <r>     0.1720     0.0000     3.5000 </r>
       <r>     0.2484     0.0000     3.5000 </r>
       <r>     0.3249     0.0000     3.5000 </r>
       <r>     0.4013     0.0000     3.5000 </r>
       <r>     0.4777     0.0000     3.5000 </r>
       <r>     0.5542     0.0000     3.5000 </r>
       <r>     0.6306     0.0000     3.5000 </r>
       <r>     0.7071     0.0000     3.5000 </r>
       <r>     0.7835     0.0000     3.5000 </r>
       <r>     0.8599     0.0000     3.5000 </r>
       <r>     0.9364     0.0000     3.5000 </r>
       <r>     1.0128     0.0000     3.5000 </r>
       <r>     1.0892     0.0000     3.5000 </r>
       <r>     1.1657     0.0000     3.5000 </r>
       <r>     1.2421     0.0000     3.5000 </r>
       <r>     1.3186     0.0000     3.5000 </r>
       <r>     1.3950     0.0000     3.5000 </r>
       <r>     1.4714     0.0000     3.5000 </r>
       <r>     1.5479     0.0000     3.5000 </r>
       <r>     1.6243     0.0000     3.5000 </r>
       <r>     1.7008     0.0000     3.5000 </r>
       <r>     1.7772     0.0000     3.5000 </r>
       <r>     1.8536     0.0000     3.5000 </r>
       <r>     1.9301     0.0000     3.5000 </r>
       <r>     2.0065     0.0000     3.5000 </r>
       <r>     2.0830     0.0000     3.5000 </r>
       <r>     2.1594     0.0000     3.5000 </r>
       <r>     2.2358     0.0000     3.5000 </r>
       <r>     2.3123     0.0000     3.5000 </r>
       <r>     2.3887     0.0000     3.5000 </r>
       <r>     2.4652     0.0000     3.5000 </r>
       <r>     2.5416     0.0000     3.5000 </r>
       <r>     2.6180     0.0000     3.5000 </r>
       <r>     2.6945     0.0000     3.5000 </r>
       <r>     2.7709     0.0000     3.5000 </r>
       <r>     2.8474     0.0000     3.5000 </r>
       <r>     2.9238    34.0782     6.1049 </r>
       <r>     3.0002     4.2574     6.5000 </r>
       <r>     3.0767     0.0000     6.5000 </r>
       <r>     3.1531     0.0000     6.5000 </r>
       <r>     3.2296     0.0000     6.5000 </r>
       <r>     3.3060     0.0000     6.5000 </r>
       <r>     3.3824     0.0000     6.5000 </r>
       <r>     3.4589     0.0000     6.5000 </r>
       <r>     3.5353     0.0000     6.5000 </r>
       <r>     3.6118     0.0000     6.5000 </r>
       <r>     3.6882     0.0000     6.5000 </r>
       <r>     3.7646     0.0000     6.5000 </r>
       <r>     3.8411     0.0000     6.5000 </r>
       <r>     3.9175     0.0000     6.5000 </r>
       <r>     3.9940     0.0000     6.5000 </r>
       <r>     4.0704     0.0000     6.5000 </r>
       <r>     4.1468     0.0000     6.5000 </r>
       <r>     4.2233     0.0000     6.5000 </r>
       <r>     4.2997     0.0000     6.5000 </r>
       <r>     4.3762     0.0000     6.5000 </r>
       <r>     4.4526     0.0000     6.5000 </r>
       <r>     4.5290     0.0000     6.5000 </r>
       <r>     4.6055     0.0000     6.5000 </r>
       <r>     4.6819     0.0000     6.5000 </r>
       <r>     4.7583     0.0000     6.5000 </r>
       <r>     4.8348     0.0000     6.5000 </r>
       <r>     4.9112     0.0000     6.5000 </r>
       <r>     4.9877     0.0000     6.5000 </r>
       <r>     5.0641     0.0000     6.5000 </r>
       <r>     5.1405     0.0000     6.5000 </r>
       <r>     5.2170     0.0000     6.5000 </r>
       <r>     5.2934     0.0000     6.5000 </r>
       <r>     5.3699     0.0000     6.5000 </r>
       <r>     5.4463     0.0000     6.5000 </r>
       <r>     5.5227     0.0000     6.5000 </r>
       <r>     5.5992     0.3464     6.5265 </r>
       <r>     5.6756    19.2769     8.0000 </r>
       <r>     5.7521     0.0000     8.0000 </r>
       <r>     5.8285     0.0000     8.0000 </r>
       <r>     5.9049     0.0000     8.0000 </r>
       <r>     5.9814     0.0000     8.0000 </r>
       <r>     6.0578     0.0000     8.0000 </r>
       <r>     6.1343     0.0000     8.0000 </r>
       <r>     6.2107     0.0002     8.0000 </r>
       <r>     6.2871    19.6231     9.5000 </r>
       <r>     6.3636     0.0000     9.5000 </r>
       <r>     6.4400     0.0000     9.5000 </r>
       <r>     6.5165     0.0000     9.5000 </r>
       <r>     6.5929     0.0000     9.5000 </r>
       <r>     6.6693     0.0000     9.5000 </r>
       <r>     6.7458     2.1534     9.6646 </r>
       <r>     6.8222    15.0013    10.8134 </r>
       <r>     6.8987     2.1789    10.9999 </r>
       <r>     6.9751     0.0000    11.0000 </r>
       <r>     7.0515     0.0000    11.0000 </r>
       <r>     7.1280     0.0000    11.0000 </r>
       <r>     7.2044     0.0000    11.0000 </r>
       <r>     7.2809     0.0000    11.0000 </r>
       <r>     7.3573     0.0000    11.0000 </r>
       <r>     7.4337     0.0000    11.0000 </r>
       <r>     7.5102     0.0000    11.0000 </r>
       <r>     7.5866     0.0000    11.0000 </r>
       <r>     7.6631     0.0000    11.0000 </r>
       <r>     7.7395     0.0000    11.0000 </r>
       <r>     7.8159     0.0000    11.0000 </r>
       <r>     7.8924     0.0000    11.0000 </r>
       <r>     7.9688     0.0000    11.0000 </r>
       <r>     8.0452     0.0000    11.0000 </r>
       <r>     8.1217     0.0000    11.0000 </r>
       <r>     8.1981    18.0500    12.3797 </r>
       <r>     8.2746     0.0000    12.5000 </r>
       <r>     8.3510     0.0000    12.5000 </r>
       <r>     8.4274     0.0000    12.5000 </r>
       <r>     8.5039     0.0000    12.5000 </r>
       <r>     8.5803     0.0000    12.5000 </r>
       <r>     8.6568     0.0000    12.5000 </r>
       <r>     8.7332     0.4382    12.5335 </r>
       <r>     8.8096     6.1030    13.0000 </r>
       <r>     8.8861     0.0000    13.0000 </r>
       <r>     8.9625     0.0000    13.0000 </r>
       <r>     9.0390     0.0000    13.0000 </r>
       <r>     9.1154     0.0000    13.0000 </r>
       <r>     9.1918     0.0000    13.0000 </r>
       <r>     9.2683     0.0000    13.0000 </r>
       <r>     9.3447     0.0000    13.0000 </r>
       <r>     9.4212     0.0000    13.0000 </r>
       <r>     9.4976     0.0000    13.0000 </r>
       <r>     9.5740     0.0000    13.0000 </r>
       <r>     9.6505     0.0000    13.0000 </r>
       <r>     9.7269     0.0000    13.0000 </r>
       <r>     9.8034     0.0000    13.0000 </r>
       <r>     9.8798     0.0000    13.0000 </r>
       <r>     9.9562     0.0000    13.0000 </r>
       <r>    10.0327     0.0000    13.0000 </r>
       <r>    10.1091     0.0000    13.0000 </r>
       <r>    10.1856     0.0000    13.0000 </r>
       <r>    10.2620     0.0000    13.0000 </r>
       <r>    10.3384     0.0000    13.0000 </r>
       <r>    10.4149     0.0000    13.0000 </r>
       <r>    10.4913     0.0000    13.0000 </r>
       <r>    10.5678     0.0000    13.0000 </r>
       <r>    10.6442     0.0000    13.0000 </r>
       <r>    10.7206     0.0000    13.0000 </r>
       <r>    10.7971     0.0000    13.0000 </r>
       <r>    10.8735     0.0000    13.0000 </r>
       <r>    10.9500     0.0000    13.0000 </r>
       <r>    11.0264     0.0000    13.0000 </r>
       <r>    11.1028     0.0000    13.0000 </r>
       <r>    11.1793     0.0000    13.0000 </r>
       <r>    11.2557     0.0000    13.0000 </r>
       <r>    11.3322     0.0000    13.0000 </r>
       <r>    11.4086     0.0000    13.0000 </r>
       <r>    11.4850     0.0000    13.0000 </r>
       <r>    11.5615     0.0000    13.0000 </r>
       <r>    11.6379     0.0000    13.0000 </r>
       <r>    11.7143     0.0000    13.0000 </r>
       <r>    11.7908     0.0000    13.0000 </r>
       <r>    11.8672     0.0000    13.0000 </r>
       <r>    11.9437     0.0000    13.0000 </r>
       <r>    12.0201     0.0000    13.0000 </r>
       <r>    12.0965     0.0000    13.0000 </r>
       <r>    12.1730     0.0000    13.0000 </r>
       <r>    12.2494     0.0000    13.0000 </r>
       <r>    12.3259     0.0000    13.0000 </r>
       <r>    12.4023     0.0000    13.0000 </r>
       <r>    12.4787     0.0000    13.0000 </r>
       <r>    12.5552     0.0000    13.0000 </r>
       <r>    12.6316     0.0000    13.0000 </r>
       <r>    12.7081     0.0000    13.0000 </r>
       <r>    12.7845     0.0000    13.0000 </r>
       <r>    12.8609     0.0000    13.0000 </r>
       <r>    12.9374     0.0000    13.0000 </r>
       <r>    13.0138     0.0000    13.0000 </r>
       <r>    13.0903     0.0000    13.0000 </r>
       <r>    13.1667     0.0000    13.0000 </r>
       <r>    13.2431     0.0000    13.0000 </r>
       <r>    13.3196     0.0000    13.0000 </r>
       <r>    13.3960     0.0000    13.0000 </r>
       <r>    13.4725     0.0000    13.0000 </r>
       <r>    13.5489     0.0000    13.0000 </r>
       <r>    13.6253     0.0000    13.0000 </r>
       <r>    13.7018     0.0000    13.0000 </r>
       <r>    13.7782     0.0000    13.0000 </r>
       <r>    13.8547     0.0000    13.0000 </r>
       <r>    13.9311     0.0000    13.0000 </r>
       <r>    14.0075     0.0000    13.0000 </r>
       <r>    14.0840     0.0000    13.0000 </r>
       <r>    14.1604     0.0000    13.0000 </r>
       <r>    14.2369     0.0000    13.0000 </r>
       <r>    14.3133     4.3607    13.3333 </r>
       <r>    14.3897     0.0000    13.3333 </r>
       <r>    14.4662    22.4335    15.0481 </r>
       <r>    14.5426     8.0917    15.6667 </r>
       <r>    14.6191     0.0002    15.6667 </r>
       <r>    14.6955     4.3606    16.0000 </r>
       <r>    14.7719     0.0000    16.0000 </r>
       <r>    14.8484     0.0000    16.0000 </r>
       <r>    14.9248     0.0000    16.0000 </r>
       <r>    15.0013     0.0000    16.0000 </r>
       <r>    15.0777     0.0000    16.0000 </r>
       <r>    15.1541     0.0000    16.0000 </r>
       <r>    15.2306     0.0000    16.0000 </r>
       <r>    15.3070     0.0000    16.0000 </r>
       <r>    15.3834     0.0000    16.0000 </r>
       <r>    15.4599     0.0000    16.0000 </r>
       <r>    15.5363     0.0000    16.0000 </r>
       <r>    15.6128     0.0000    16.0000 </r>
       <r>    15.6892     0.0000    16.0000 </r>
      </set>
     </set>
    </array>
   </total>
  </dos>
 </calculation>
 <structure name="finalpos" >
  <crystal>
   <varray name="basis" >
    <v>       0.00000000       2.73482640       2.73482640 </v>
    <v>       2.73482640       0.00000000       2.73482640 </v>
    <v>       2.73482640       2.73482640       0.00000000 </v>
   </varray>
   <i name="volume">     40.90903976 </i>
   <varray name="rec_basis" >
    <v>      -0.18282696       0.18282696       0.18282696 </v>
    <v>       0.18282696      -0.18282696       0.18282696 </v>
    <v>       0.18282696       0.18282696      -0.18282696 </v>
   </varray>
  </crystal>
  <varray name="positions" >
   <v>       0.00000000       0.00000000       0.00000000 </v>
   <v>       0.25000000       0.25000000       0.25000000 </v>
  </varray>
 </structure>
</modeling>
