<?xml version="1.0" encoding="ISO-8859-1"?>
<modeling>
 <generator>
  <i name="program" type="string">vasp </i>
  <i name="version" type="string">5.4.4.18Apr17-6-g9f103f2a35  </i>
  <i name="subversion" type="string">(build Feb 04 2020 15:23:53) complex            parallel </i>
  <i name="platform" type="string">Magnus_2017U8_MOC </i>
  <i name="date" type="string">2020 11 07 </i>
  <i name="time" type="string">17:34:26 </i>
 </generator>
 <incar>
  <i type="string" name="PREC">normal</i>
  <i name="EDIFF">      0.00000001</i>
  <i type="int" name="NSW">     0</i>
  <i name="ENCUT">    250.00000000</i>
  <i type="int" name="ISMEAR">     0</i>
  <i name="SIGMA">      0.01000000</i>
  <v type="int" name="KPOINT_BSE">    -1     0     0     0</v>
 </incar>
 <structure name="primitive_cell" >
  <crystal>
   <varray name="basis" >
    <v>       0.00000000       2.73479515       2.73479515 </v>
    <v>       2.73479515       0.00000000       2.73479515 </v>
    <v>       2.73479515       2.73479515       0.00000000 </v>
   </varray>
   <i name="volume">     40.90763743 </i>
   <varray name="rec_basis" >
    <v>      -0.18282905       0.18282905       0.18282905 </v>
    <v>       0.18282905      -0.18282905       0.18282905 </v>
    <v>       0.18282905       0.18282905      -0.18282905 </v>
   </varray>
  </crystal>
  <varray name="positions" >
   <v>       0.00000000       0.00000000       0.00000000 </v>
   <v>       0.25000000       0.25000000       0.25000000 </v>
  </varray>
 </structure>
 <varray name="primitive_index" >
  <v type="int" >        1 </v>
  <v type="int" >        2 </v>
 </varray>
 <kpoints>
  <generation param="Gamma">
   <v type="int" name="divisions">      11       11       11 </v>
   <v name="usershift">      0.00000000       0.00000000       0.00000000 </v>
   <v name="genvec1">      0.09090909       0.00000000       0.00000000 </v>
   <v name="genvec2">     -0.00000000       0.09090909      -0.00000000 </v>
   <v name="genvec3">      0.00000000      -0.00000000       0.09090909 </v>
   <v name="shift">      0.00000000       0.00000000       0.00000000 </v>
  </generation>
  <varray name="kpointlist" >
   <v>       0.00000000       0.00000000       0.00000000 </v>
   <v>       0.09090909       0.00000000      -0.00000000 </v>
   <v>       0.18181818       0.00000000      -0.00000000 </v>
   <v>       0.27272727      -0.00000000       0.00000000 </v>
   <v>       0.36363636       0.00000000      -0.00000000 </v>
   <v>       0.45454545       0.00000000       0.00000000 </v>
   <v>       0.09090909       0.09090909       0.00000000 </v>
   <v>       0.18181818       0.09090909       0.00000000 </v>
   <v>       0.27272727       0.09090909      -0.00000000 </v>
   <v>       0.36363636       0.09090909       0.00000000 </v>
   <v>       0.45454545       0.09090909       0.00000000 </v>
   <v>      -0.45454545       0.09090909      -0.00000000 </v>
   <v>      -0.36363636       0.09090909      -0.00000000 </v>
   <v>      -0.27272727       0.09090909       0.00000000 </v>
   <v>      -0.18181818       0.09090909      -0.00000000 </v>
   <v>      -0.09090909       0.09090909       0.00000000 </v>
   <v>       0.18181818       0.18181818       0.00000000 </v>
   <v>       0.27272727       0.18181818       0.00000000 </v>
   <v>       0.36363636       0.18181818       0.00000000 </v>
   <v>       0.45454545       0.18181818       0.00000000 </v>
   <v>      -0.45454545       0.18181818      -0.00000000 </v>
   <v>      -0.36363636       0.18181818      -0.00000000 </v>
   <v>      -0.27272727       0.18181818      -0.00000000 </v>
   <v>      -0.18181818       0.18181818       0.00000000 </v>
   <v>       0.27272727       0.27272727       0.00000000 </v>
   <v>       0.36363636       0.27272727       0.00000000 </v>
   <v>       0.45454545       0.27272727      -0.00000000 </v>
   <v>      -0.45454545       0.27272727       0.00000000 </v>
   <v>      -0.36363636       0.27272727      -0.00000000 </v>
   <v>      -0.27272727       0.27272727      -0.00000000 </v>
   <v>       0.36363636       0.36363636       0.00000000 </v>
   <v>       0.45454545       0.36363636       0.00000000 </v>
   <v>      -0.45454545       0.36363636      -0.00000000 </v>
   <v>      -0.36363636       0.36363636       0.00000000 </v>
   <v>       0.45454545       0.45454545       0.00000000 </v>
   <v>      -0.45454545       0.45454545       0.00000000 </v>
   <v>       0.27272727       0.18181818       0.09090909 </v>
   <v>       0.36363636       0.18181818       0.09090909 </v>
   <v>       0.45454545       0.18181818       0.09090909 </v>
   <v>      -0.45454545       0.18181818       0.09090909 </v>
   <v>       0.36363636       0.27272727       0.09090909 </v>
   <v>       0.45454545       0.27272727       0.09090909 </v>
   <v>      -0.45454545       0.27272727       0.09090909 </v>
   <v>      -0.36363636       0.27272727       0.09090909 </v>
   <v>      -0.27272727       0.27272727       0.09090909 </v>
   <v>      -0.18181818       0.27272727       0.09090909 </v>
   <v>       0.45454545       0.36363636       0.09090909 </v>
   <v>      -0.45454545       0.36363636       0.09090909 </v>
   <v>      -0.36363636       0.36363636       0.09090909 </v>
   <v>      -0.27272727       0.36363636       0.09090909 </v>
   <v>      -0.45454545       0.45454545       0.09090909 </v>
   <v>      -0.36363636       0.45454545       0.09090909 </v>
   <v>      -0.45454545       0.36363636       0.18181818 </v>
   <v>      -0.36363636       0.36363636       0.18181818 </v>
   <v>      -0.36363636       0.45454545       0.18181818 </v>
   <v>      -0.27272727       0.45454545       0.18181818 </v>
  </varray>
  <varray name="weights" >
   <v>       0.00075131 </v>
   <v>       0.00601052 </v>
   <v>       0.00601052 </v>
   <v>       0.00601052 </v>
   <v>       0.00601052 </v>
   <v>       0.00601052 </v>
   <v>       0.00450789 </v>
   <v>       0.01803156 </v>
   <v>       0.01803156 </v>
   <v>       0.01803156 </v>
   <v>       0.01803156 </v>
   <v>       0.01803156 </v>
   <v>       0.01803156 </v>
   <v>       0.01803156 </v>
   <v>       0.01803156 </v>
   <v>       0.00901578 </v>
   <v>       0.00450789 </v>
   <v>       0.01803156 </v>
   <v>       0.01803156 </v>
   <v>       0.01803156 </v>
   <v>       0.01803156 </v>
   <v>       0.01803156 </v>
   <v>       0.01803156 </v>
   <v>       0.00901578 </v>
   <v>       0.00450789 </v>
   <v>       0.01803156 </v>
   <v>       0.01803156 </v>
   <v>       0.01803156 </v>
   <v>       0.01803156 </v>
   <v>       0.00901578 </v>
   <v>       0.00450789 </v>
   <v>       0.01803156 </v>
   <v>       0.01803156 </v>
   <v>       0.00901578 </v>
   <v>       0.00450789 </v>
   <v>       0.00901578 </v>
   <v>       0.01803156 </v>
   <v>       0.03606311 </v>
   <v>       0.03606311 </v>
   <v>       0.03606311 </v>
   <v>       0.01803156 </v>
   <v>       0.03606311 </v>
   <v>       0.03606311 </v>
   <v>       0.03606311 </v>
   <v>       0.03606311 </v>
   <v>       0.01803156 </v>
   <v>       0.01803156 </v>
   <v>       0.03606311 </v>
   <v>       0.03606311 </v>
   <v>       0.01803156 </v>
   <v>       0.01803156 </v>
   <v>       0.01803156 </v>
   <v>       0.01803156 </v>
   <v>       0.03606311 </v>
   <v>       0.01803156 </v>
   <v>       0.01803156 </v>
  </varray>
 </kpoints>
 <parameters>
  <separator name="general" >
   <i type="string" name="SYSTEM">unknown system</i>
   <i type="logical" name="LCOMPAT"> F  </i>
  </separator>
  <separator name="electronic" >
   <i type="string" name="PREC">normal</i>
   <i name="ENMAX">    250.00000000</i>
   <i name="ENAUG">    322.06900000</i>
   <i name="EDIFF">      0.00000001</i>
   <i type="int" name="IALGO">    38</i>
   <i type="int" name="IWAVPR">    10</i>
   <i type="int" name="NBANDS">     8</i>
   <i name="NELECT">      8.00000000</i>
   <i type="int" name="TURBO">     0</i>
   <i type="int" name="IRESTART">     0</i>
   <i type="int" name="NREBOOT">     0</i>
   <i type="int" name="NMIN">     0</i>
   <i name="EREF">      0.00000000</i>
   <separator name="electronic smearing" >
    <i type="int" name="ISMEAR">     0</i>
    <i name="SIGMA">      0.01000000</i>
    <i name="KSPACING">      0.50000000</i>
    <i type="logical" name="KGAMMA"> T  </i>
   </separator>
   <separator name="electronic projectors" >
    <i type="logical" name="LREAL"> F  </i>
    <v name="ROPT">      0.00000000</v>
    <i type="int" name="LMAXPAW">  -100</i>
    <i type="int" name="LMAXMIX">     2</i>
    <i type="logical" name="NLSPLINE"> F  </i>
   </separator>
   <separator name="electronic startup" >
    <i type="int" name="ISTART">     0</i>
    <i type="int" name="ICHARG">     2</i>
    <i type="int" name="INIWAV">     1</i>
   </separator>
   <separator name="electronic spin" >
    <i type="int" name="ISPIN">     1</i>
    <i type="logical" name="LNONCOLLINEAR"> F  </i>
    <v name="MAGMOM">      1.00000000      1.00000000</v>
    <i name="NUPDOWN">     -1.00000000</i>
    <i type="logical" name="LSORBIT"> F  </i>
    <v name="SAXIS">      0.00000000      0.00000000      1.00000000</v>
    <i type="logical" name="LSPIRAL"> F  </i>
    <v name="QSPIRAL">      0.00000000      0.00000000      0.00000000</v>
    <i type="logical" name="LZEROZ"> F  </i>
   </separator>
   <separator name="electronic exchange-correlation" >
    <i type="logical" name="LASPH"> F  </i>
    <i type="logical" name="LMETAGGA"> F  </i>
   </separator>
   <separator name="electronic convergence" >
    <i type="int" name="NELM">    60</i>
    <i type="int" name="NELMDL">     0</i>
    <i type="int" name="NELMIN">     2</i>
    <i name="ENINI">    250.00000000</i>
    <separator name="electronic convergence detail" >
     <i type="logical" name="LDIAG"> T  </i>
     <i type="logical" name="LSUBROT"> F  </i>
     <i name="WEIMIN">      0.00000000</i>
     <i name="EBREAK">      0.00000000</i>
     <i name="DEPER">      0.30000000</i>
     <i type="int" name="NRMM">     4</i>
     <i name="TIME">      0.40000000</i>
    </separator>
   </separator>
   <separator name="electronic mixer" >
    <i name="AMIX">      0.40000000</i>
    <i name="BMIX">      1.00000000</i>
    <i name="AMIN">      0.10000000</i>
    <i name="AMIX_MAG">      1.60000000</i>
    <i name="BMIX_MAG">      1.00000000</i>
    <separator name="electronic mixer details" >
     <i type="int" name="IMIX">     4</i>
     <i type="logical" name="MIXFIRST"> F  </i>
     <i type="int" name="MAXMIX">   -45</i>
     <i name="WC">    100.00000000</i>
     <i type="int" name="INIMIX">     1</i>
     <i type="int" name="MIXPRE">     1</i>
     <i type="int" name="MREMOVE">     5</i>
    </separator>
   </separator>
   <separator name="electronic dipolcorrection" >
    <i type="logical" name="LDIPOL"> F  </i>
    <i type="logical" name="LMONO"> F  </i>
    <i type="int" name="IDIPOL">     0</i>
    <i name="EPSILON">      1.00000000</i>
    <v name="DIPOL">   -100.00000000   -100.00000000   -100.00000000</v>
    <i name="EFIELD">      0.00000000</i>
   </separator>
  </separator>
  <separator name="grids" >
   <i type="int" name="NGX">    16</i>
   <i type="int" name="NGY">    16</i>
   <i type="int" name="NGZ">    16</i>
   <i type="int" name="NGXF">    32</i>
   <i type="int" name="NGYF">    32</i>
   <i type="int" name="NGZF">    32</i>
   <i type="logical" name="ADDGRID"> F  </i>
  </separator>
  <separator name="ionic" >
   <i type="int" name="NSW">     0</i>
   <i type="int" name="IBRION">    -1</i>
   <i type="int" name="MDALGO">     0</i>
   <i type="int" name="ISIF">     2</i>
   <i name="PSTRESS">      0.00000000</i>
   <i name="EDIFFG">      0.00000010</i>
   <i type="int" name="NFREE">     0</i>
   <i name="POTIM">      0.50000000</i>
   <i name="SMASS">     -3.00000000</i>
   <i name="SCALEE">      1.00000000</i>
  </separator>
  <separator name="ionic md" >
   <i name="TEBEG">      0.00010000</i>
   <i name="TEEND">      0.00010000</i>
   <i type="int" name="NBLOCK">     1</i>
   <i type="int" name="KBLOCK">     1</i>
   <i type="int" name="NPACO">   256</i>
   <i name="APACO">     16.00000000</i>
  </separator>
  <separator name="symmetry" >
   <i type="int" name="ISYM">     2</i>
   <i name="SYMPREC">      0.00001000</i>
  </separator>
  <separator name="dos" >
   <i type="int" name="LORBIT">     0</i>
   <v name="RWIGS">     -1.00000000</v>
   <i type="int" name="NEDOS">   301</i>
   <i name="EMIN">     10.00000000</i>
   <i name="EMAX">    -10.00000000</i>
   <i name="EFERMI">      0.00000000</i>
  </separator>
  <separator name="writing" >
   <i type="int" name="NWRITE">     2</i>
   <i type="logical" name="LWAVE"> T  </i>
   <i type="logical" name="LDOWNSAMPLE"> F  </i>
   <i type="logical" name="LCHARG"> T  </i>
   <i type="logical" name="LPARD"> F  </i>
   <i type="logical" name="LVTOT"> F  </i>
   <i type="logical" name="LVHAR"> F  </i>
   <i type="logical" name="LELF"> F  </i>
   <i type="logical" name="LOPTICS"> F  </i>
   <v name="STM">      0.00000000      0.00000000      0.00000000      0.00000000      0.00000000      0.00000000      0.00000000</v>
  </separator>
  <separator name="performance" >
   <i type="int" name="NPAR">     1</i>
   <i type="int" name="NSIM">     4</i>
   <i type="int" name="NBLK">    -1</i>
   <i type="logical" name="LPLANE"> T  </i>
   <i type="logical" name="LSCALAPACK"> T  </i>
   <i type="logical" name="LSCAAWARE"> F  </i>
   <i type="logical" name="LSCALU"> F  </i>
   <i type="logical" name="LASYNC"> F  </i>
   <i type="logical" name="LORBITALREAL"> F  </i>
  </separator>
  <separator name="miscellaneous" >
   <i type="int" name="IDIOT">     3</i>
   <i type="int" name="ISPECIAL">     0</i>
   <i type="logical" name="LMUSIC"> F  </i>
   <v name="POMASS">     28.08500000</v>
   <v name="DARWINR">      0.00000000</v>
   <v name="DARWINV">      1.00000000</v>
   <i type="logical" name="LCORR"> T  </i>
  </separator>
  <i type="logical" name="GGA_COMPAT"> T  </i>
  <i type="logical" name="LBERRY"> F  </i>
  <i type="int" name="ICORELEVEL">     0</i>
  <i type="logical" name="LDAU"> F  </i>
  <i type="int" name="I_CONSTRAINED_M">     0</i>
  <separator name="electronic exchange-correlation" >
   <i type="string" name="GGA">--</i>
   <i type="int" name="VOSKOWN">     0</i>
   <i type="logical" name="LHFCALC"> F  </i>
   <i type="string" name="PRECFOCK"></i>
   <i type="logical" name="LSYMGRAD"> F  </i>
   <i type="logical" name="LHFONE"> F  </i>
   <i type="logical" name="LRHFCALC"> F  </i>
   <i type="logical" name="LTHOMAS"> F  </i>
   <i type="logical" name="LMODELHF"> F  </i>
   <i name="ENCUT4O">     -1.00000000</i>
   <i type="int" name="EXXOEP">     0</i>
   <i type="int" name="FOURORBIT">     0</i>
   <i name="AEXX">      0.00000000</i>
   <i name="HFALPHA">      0.00000000</i>
   <i name="MCALPHA">      0.00000000</i>
   <i name="ALDAX">      1.00000000</i>
   <i name="AGGAX">      1.00000000</i>
   <i name="ALDAC">      1.00000000</i>
   <i name="AGGAC">      1.00000000</i>
   <i type="int" name="NKREDX">     1</i>
   <i type="int" name="NKREDY">     1</i>
   <i type="int" name="NKREDZ">     1</i>
   <i type="logical" name="SHIFTRED"> F  </i>
   <i type="logical" name="ODDONLY"> F  </i>
   <i type="logical" name="EVENONLY"> F  </i>
   <i type="int" name="LMAXFOCK">     0</i>
   <i type="int" name="NMAXFOCKAE">     0</i>
   <i type="logical" name="LFOCKAEDFT"> F  </i>
   <i name="HFSCREEN">      0.00000000</i>
   <i name="HFSCREENC">      0.00000000</i>
   <i type="int" name="NBANDSGWLOW">     0</i>
  </separator>
  <separator name="vdW DFT" >
   <i type="logical" name="LUSE_VDW"> F  </i>
   <i name="Zab_VDW">     -0.84910000</i>
   <i name="PARAM1">      0.12340000</i>
   <i name="PARAM2">      1.00000000</i>
   <i name="PARAM3">      0.00000000</i>
  </separator>
  <separator name="model GW" >
   <i type="int" name="MODEL_GW">     0</i>
   <i name="MODEL_EPS0">     12.27229123</i>
   <i name="MODEL_ALPHA">      1.00000000</i>
  </separator>
  <separator name="linear response parameters" >
   <i type="logical" name="LEPSILON"> F  </i>
   <i type="logical" name="LRPA"> F  </i>
   <i type="logical" name="LNABLA"> F  </i>
   <i type="logical" name="LVEL"> F  </i>
   <i type="int" name="KINTER">     0</i>
   <i name="CSHIFT">      0.10000000</i>
   <i name="OMEGAMAX">     -1.00000000</i>
   <i name="DEG_THRESHOLD">      0.00200000</i>
   <i name="RTIME">     -0.10000000</i>
   <i name="WPLASMAI">      0.00000000</i>
   <v name="DFIELD">      0.00000000      0.00000000      0.00000000</v>
   <v name="WPLASMA">      0.00000000      0.00000000      0.00000000      0.00000000      0.00000000      0.00000000      0.00000000      0.00000000      0.00000000</v>
  </separator>
  <separator name="orbital magnetization" >
   <i type="logical" name="NUCIND"> F  </i>
   <v name="MAGPOS">      0.00000000      0.00000000      0.00000000</v>
   <i type="logical" name="LNICSALL"> T  </i>
   <i type="logical" name="ORBITALMAG"> F  </i>
   <i type="logical" name="LMAGBLOCH"> F  </i>
   <i type="logical" name="LCHIMAG"> F  </i>
   <i type="logical" name="LGAUGE"> T  </i>
   <i type="int" name="MAGATOM">     0</i>
   <v name="MAGDIPOL">      0.00000000      0.00000000      0.00000000</v>
   <v name="AVECCONST">      0.00000000      0.00000000      0.00000000</v>
  </separator>
  <separator name="response functions" >
   <i type="logical" name="LADDER"> F  </i>
   <i type="logical" name="LRPAFORCE"> F  </i>
   <i type="logical" name="LFXC"> F  </i>
   <i type="logical" name="LHARTREE"> T  </i>
   <i type="int" name="IBSE">     0</i>
   <v type="int" name="KPOINT">    -1     0     0     0</v>
   <i type="logical" name="LTCTE"> F  </i>
   <i type="logical" name="LTETE"> F  </i>
   <i type="logical" name="LTRIPLET"> F  </i>
   <i type="logical" name="LFXCEPS"> F  </i>
   <i type="logical" name="LFXHEG"> F  </i>
   <i type="int" name="NATURALO">     2</i>
   <i type="logical" name="L2ORDER"> F  </i>
   <i type="logical" name="LMP2LT"> F  </i>
   <i type="logical" name="LUSEW"> F  </i>
   <i name="ENCUTGW">     -2.00000000</i>
   <i name="ENCUTGWSOFT">     -2.00000000</i>
   <i name="ENCUTLF">     -1.00000000</i>
   <i type="int" name="LMAXMP2">    -1</i>
   <i name="SCISSOR">      0.00000000</i>
   <i type="int" name="NOMEGA">     0</i>
   <i type="int" name="NOMEGAR">     0</i>
   <i type="int" name="NBANDSGW">    -1</i>
   <i type="int" name="NBANDSO">    -1</i>
   <i type="int" name="NBANDSV">    -1</i>
   <i type="int" name="NELM">     1</i>
   <i type="int" name="NELMHF">     1</i>
   <i type="int" name="DIM">     3</i>
   <i type="int" name="ANTIRES">     0</i>
   <i name="OMEGAMAX">    -30.00000000</i>
   <i name="OMEGAMIN">    -30.00000000</i>
   <i name="OMEGATL">   -200.00000000</i>
   <i type="int" name="OMEGAGRID">   140</i>
   <i name="CSHIFT">     -0.10000000</i>
   <i type="logical" name="SELFENERGY"> F  </i>
   <i type="logical" name="LSPECTRAL"> F  </i>
   <i type="logical" name="LSPECTRALGW"> F  </i>
   <i type="logical" name="LSINGLES"> F  </i>
   <i type="logical" name="LFERMIGW"> F  </i>
   <i type="logical" name="ODDONLYGW"> F  </i>
   <i type="logical" name="EVENONLYGW"> F  </i>
   <i type="int" name="NKREDLFX">     1</i>
   <i type="int" name="NKREDLFY">     1</i>
   <i type="int" name="NKREDLFZ">     1</i>
   <i type="int" name="MAXMEM">  2800</i>
   <i type="int" name="TELESCOPE">     0</i>
   <i type="int" name="TAUPAR">     1</i>
   <i type="int" name="OMEGAPAR">    -1</i>
   <i name="LAMBDA">      1.00000000</i>
  </separator>
  <separator name="External order field" >
   <i name="OFIELD_KAPPA">      0.00000000</i>
   <v name="OFIELD_K">      0.00000000      0.00000000      0.00000000</v>
   <i name="OFIELD_Q6_NEAR">      0.00000000</i>
   <i name="OFIELD_Q6_FAR">      0.00000000</i>
   <i name="OFIELD_A">      0.00000000</i>
  </separator>
 </parameters>
 <atominfo>
  <atoms>       2 </atoms>
  <types>       1 </types>
  <array name="atoms" >
   <dimension dim="1">ion</dimension>
   <field type="string">element</field>
   <field type="int">atomtype</field>
   <set>
    <rc><c>Si</c><c>   1</c></rc>
    <rc><c>Si</c><c>   1</c></rc>
   </set>
  </array>
  <array name="atomtypes" >
   <dimension dim="1">type</dimension>
   <field type="int">atomspertype</field>
   <field type="string">element</field>
   <field>mass</field>
   <field>valence</field>
   <field type="string">pseudopotential</field>
   <set>
    <rc><c>   2</c><c>Si</c><c>     28.08500000</c><c>      4.00000000</c><c>  PAW_PBE Si 05Jan2001                  </c></rc>
   </set>
  </array>
 </atominfo>
 <structure name="initialpos" >
  <crystal>
   <varray name="basis" >
    <v>       0.00000000       2.73479515       2.73479515 </v>
    <v>       2.73479515       0.00000000       2.73479515 </v>
    <v>       2.73479515       2.73479515       0.00000000 </v>
   </varray>
   <i name="volume">     40.90763743 </i>
   <varray name="rec_basis" >
    <v>      -0.18282905       0.18282905       0.18282905 </v>
    <v>       0.18282905      -0.18282905       0.18282905 </v>
    <v>       0.18282905       0.18282905      -0.18282905 </v>
   </varray>
  </crystal>
  <varray name="positions" >
   <v>       0.00000000       0.00000000       0.00000000 </v>
   <v>       0.25000000       0.25000000       0.25000000 </v>
  </varray>
 </structure>
 <calculation>
  <scstep>
   <time name="dav">    0.12    0.12</time>
   <time name="total">    0.14    0.14</time>
   <energy>
    <i name="alphaZ">      3.29162307 </i>
    <i name="ewald">   -226.90912352 </i>
    <i name="hartreedc">    -11.33059228 </i>
    <i name="XCdc">    -18.68695526 </i>
    <i name="pawpsdc">    176.24759923 </i>
    <i name="pawaedc">   -141.06103558 </i>
    <i name="eentropy">     -0.00009478 </i>
    <i name="bandstr">     13.05657315 </i>
    <i name="atom">    206.12349923 </i>
    <i name="e_fr_energy">      0.73149325 </i>
    <i name="e_wo_entrp">      0.73158804 </i>
    <i name="e_0_energy">      0.73154064 </i>
   </energy>
  </scstep>
  <scstep>
   <time name="dav">    0.18    0.18</time>
   <time name="total">    0.18    0.18</time>
   <energy>
    <i name="e_fr_energy">    -10.86186856 </i>
    <i name="e_wo_entrp">    -10.86186856 </i>
    <i name="e_0_energy">    -10.86186856 </i>
   </energy>
  </scstep>
  <scstep>
   <time name="dav">    0.14    0.15</time>
   <time name="total">    0.14    0.15</time>
   <energy>
    <i name="e_fr_energy">    -10.99622824 </i>
    <i name="e_wo_entrp">    -10.99622824 </i>
    <i name="e_0_energy">    -10.99622824 </i>
   </energy>
  </scstep>
  <scstep>
   <time name="dav">    0.19    0.19</time>
   <time name="total">    0.19    0.19</time>
   <energy>
    <i name="e_fr_energy">    -10.99667507 </i>
    <i name="e_wo_entrp">    -10.99667507 </i>
    <i name="e_0_energy">    -10.99667507 </i>
   </energy>
  </scstep>
  <scstep>
   <time name="dav">    0.15    0.15</time>
   <time name="total">    0.16    0.16</time>
   <energy>
    <i name="e_fr_energy">    -10.99667518 </i>
    <i name="e_wo_entrp">    -10.99667518 </i>
    <i name="e_0_energy">    -10.99667518 </i>
   </energy>
  </scstep>
  <scstep>
   <time name="dav">    0.13    0.13</time>
   <time name="total">    0.16    0.16</time>
   <energy>
    <i name="e_fr_energy">    -10.88155152 </i>
    <i name="e_wo_entrp">    -10.88155152 </i>
    <i name="e_0_energy">    -10.88155152 </i>
   </energy>
  </scstep>
  <scstep>
   <time name="dav">    0.14    0.14</time>
   <time name="total">    0.16    0.16</time>
   <energy>
    <i name="e_fr_energy">    -10.82857695 </i>
    <i name="e_wo_entrp">    -10.82857695 </i>
    <i name="e_0_energy">    -10.82857695 </i>
   </energy>
  </scstep>
  <scstep>
   <time name="dav">    0.14    0.14</time>
   <time name="total">    0.16    0.16</time>
   <energy>
    <i name="e_fr_energy">    -10.82960115 </i>
    <i name="e_wo_entrp">    -10.82960115 </i>
    <i name="e_0_energy">    -10.82960115 </i>
   </energy>
  </scstep>
  <scstep>
   <time name="dav">    0.16    0.16</time>
   <time name="total">    0.18    0.18</time>
   <energy>
    <i name="e_fr_energy">    -10.82980544 </i>
    <i name="e_wo_entrp">    -10.82980544 </i>
    <i name="e_0_energy">    -10.82980544 </i>
   </energy>
  </scstep>
  <scstep>
   <time name="dav">    0.14    0.14</time>
   <time name="total">    0.16    0.16</time>
   <energy>
    <i name="e_fr_energy">    -10.82982986 </i>
    <i name="e_wo_entrp">    -10.82982986 </i>
    <i name="e_0_energy">    -10.82982986 </i>
   </energy>
  </scstep>
  <scstep>
   <time name="dav">    0.18    0.18</time>
   <time name="total">    0.20    0.20</time>
   <energy>
    <i name="e_fr_energy">    -10.82982972 </i>
    <i name="e_wo_entrp">    -10.82982972 </i>
    <i name="e_0_energy">    -10.82982972 </i>
   </energy>
  </scstep>
  <scstep>
   <time name="dav">    0.13    0.13</time>
   <time name="total">    0.16    0.16</time>
   <energy>
    <i name="e_fr_energy">    -10.82983007 </i>
    <i name="e_wo_entrp">    -10.82983007 </i>
    <i name="e_0_energy">    -10.82983007 </i>
   </energy>
  </scstep>
  <scstep>
   <time name="dav">    0.16    0.16</time>
   <time name="total">    0.19    0.19</time>
   <energy>
    <i name="e_fr_energy">    -10.82983008 </i>
    <i name="e_wo_entrp">    -10.82983008 </i>
    <i name="e_0_energy">    -10.82983008 </i>
   </energy>
  </scstep>
  <scstep>
   <time name="dav">    0.08    0.08</time>
   <time name="total">    0.10    0.10</time>
   <energy>
    <i name="alphaZ">      3.29162307 </i>
    <i name="ewald">   -226.90912352 </i>
    <i name="hartreedc">    -15.16884238 </i>
    <i name="XCdc">    -18.05443675 </i>
    <i name="pawpsdc">    964.23003535 </i>
    <i name="pawaedc">   -929.25481456 </i>
    <i name="eentropy">     -0.00000000 </i>
    <i name="bandstr">      4.91222948 </i>
    <i name="atom">    206.12349923 </i>
    <i name="e_fr_energy">    -10.82983008 </i>
    <i name="e_wo_entrp">    -10.82983008 </i>
    <i name="e_0_energy">    -10.82983008 </i>
   </energy>
  </scstep>
  <structure>
   <crystal>
    <varray name="basis" >
     <v>       0.00000000       2.73479515       2.73479515 </v>
     <v>       2.73479515       0.00000000       2.73479515 </v>
     <v>       2.73479515       2.73479515       0.00000000 </v>
    </varray>
    <i name="volume">     40.90763743 </i>
    <varray name="rec_basis" >
     <v>      -0.18282905       0.18282905       0.18282905 </v>
     <v>       0.18282905      -0.18282905       0.18282905 </v>
     <v>       0.18282905       0.18282905      -0.18282905 </v>
    </varray>
   </crystal>
   <varray name="positions" >
    <v>       0.00000000       0.00000000       0.00000000 </v>
    <v>       0.25000000       0.25000000       0.25000000 </v>
   </varray>
  </structure>
  <varray name="forces" >
   <v>       0.00000000       0.00000000      -0.00000000 </v>
   <v>      -0.00000000      -0.00000000       0.00000000 </v>
  </varray>
  <varray name="stress" >
   <v>      -2.19741372      -0.00000000      -0.00000000 </v>
   <v>      -0.00000000      -2.19741372       0.00000000 </v>
   <v>       0.00000000      -0.00000000      -2.19741372 </v>
  </varray>
  <energy>
   <i name="e_fr_energy">    -10.82983008 </i>
   <i name="e_wo_entrp">    -10.82983008 </i>
   <i name="e_0_energy">     -0.00000000 </i>
  </energy>
  <time name="totalsc">    2.46    2.49</time>
  <eigenvalues>
   <array>
    <dimension dim="1">band</dimension>
    <dimension dim="2">kpoint</dimension>
    <dimension dim="3">spin</dimension>
    <field>eigene</field>
    <field>occ</field>
    <set>
     <set comment="spin 1">
      <set comment="kpoint 1">
       <r>   -6.2002    1.0000 </r>
       <r>    5.6233    1.0000 </r>
       <r>    5.6233    1.0000 </r>
       <r>    5.6233    1.0000 </r>
       <r>    8.1822    0.0000 </r>
       <r>    8.1822    0.0000 </r>
       <r>    8.1822    0.0000 </r>
       <r>    8.7401    0.0000 </r>
      </set>
      <set comment="kpoint 2">
       <r>   -6.0940    1.0000 </r>
       <r>    4.6345    1.0000 </r>
       <r>    5.4577    1.0000 </r>
       <r>    5.4577    1.0000 </r>
       <r>    8.1688    0.0000 </r>
       <r>    8.4240    0.0000 </r>
       <r>    8.4241    0.0000 </r>
       <r>    9.5677    0.0000 </r>
      </set>
      <set comment="kpoint 3">
       <r>   -5.7793    1.0000 </r>
       <r>    2.9713    1.0000 </r>
       <r>    5.1209    1.0000 </r>
       <r>    5.1209    1.0000 </r>
       <r>    7.8456    0.0000 </r>
       <r>    8.8921    0.0000 </r>
       <r>    8.8922    0.0000 </r>
       <r>   11.1662    0.0000 </r>
      </set>
      <set comment="kpoint 4">
       <r>   -5.2730    1.0000 </r>
       <r>    1.3324    1.0000 </r>
       <r>    4.8007    1.0000 </r>
       <r>    4.8008    1.0000 </r>
       <r>    7.4991    0.0000 </r>
       <r>    9.1486    0.0000 </r>
       <r>    9.1486    0.0000 </r>
       <r>   12.7337    0.0000 </r>
      </set>
      <set comment="kpoint 5">
       <r>   -4.6260    1.0000 </r>
       <r>   -0.1003    1.0000 </r>
       <r>    4.5709    1.0000 </r>
       <r>    4.5709    1.0000 </r>
       <r>    7.2423    0.0000 </r>
       <r>    9.1013    0.0000 </r>
       <r>    9.1014    0.0000 </r>
       <r>   13.4617    0.0000 </r>
      </set>
      <set comment="kpoint 6">
       <r>   -4.0313    1.0000 </r>
       <r>   -1.0962    1.0000 </r>
       <r>    4.4528    1.0000 </r>
       <r>    4.4528    1.0000 </r>
       <r>    7.1058    0.0000 </r>
       <r>    9.0012    0.0000 </r>
       <r>    9.0013    0.0000 </r>
       <r>   13.3460    0.0000 </r>
      </set>
      <set comment="kpoint 7">
       <r>   -6.0584    1.0000 </r>
       <r>    4.8005    1.0000 </r>
       <r>    5.1377    1.0000 </r>
       <r>    5.1377    1.0000 </r>
       <r>    7.8669    0.0000 </r>
       <r>    8.8400    0.0000 </r>
       <r>    8.8400    0.0000 </r>
       <r>    9.4924    0.0000 </r>
      </set>
      <set comment="kpoint 8">
       <r>   -5.8123    1.0000 </r>
       <r>    3.4580    1.0000 </r>
       <r>    4.7467    1.0000 </r>
       <r>    4.9198    1.0000 </r>
       <r>    7.9000    0.0000 </r>
       <r>    8.8604    0.0000 </r>
       <r>    9.4253    0.0000 </r>
       <r>   10.4885    0.0000 </r>
      </set>
      <set comment="kpoint 9">
       <r>   -5.3673    1.0000 </r>
       <r>    1.8583    1.0000 </r>
       <r>    4.4309    1.0000 </r>
       <r>    4.5502    1.0000 </r>
       <r>    8.0049    0.0000 </r>
       <r>    8.8696    0.0000 </r>
       <r>    9.7800    0.0000 </r>
       <r>   10.9644    0.0000 </r>
      </set>
      <set comment="kpoint 10">
       <r>   -4.7575    1.0000 </r>
       <r>    0.3724    1.0000 </r>
       <r>    4.1725    1.0000 </r>
       <r>    4.2452    1.0000 </r>
       <r>    7.8412    0.0000 </r>
       <r>    8.9308    0.0000 </r>
       <r>    9.7232    0.0000 </r>
       <r>   11.7329    0.0000 </r>
      </set>
      <set comment="kpoint 11">
       <r>   -4.1032    1.0000 </r>
       <r>   -0.7989    1.0000 </r>
       <r>    3.8782    1.0000 </r>
       <r>    4.2031    1.0000 </r>
       <r>    7.6956    0.0000 </r>
       <r>    8.9018    0.0000 </r>
       <r>    9.4950    0.0000 </r>
       <r>   12.9559    0.0000 </r>
      </set>
      <set comment="kpoint 12">
       <r>   -3.8411    1.0000 </r>
       <r>   -1.1910    1.0000 </r>
       <r>    3.7035    1.0000 </r>
       <r>    4.3025    1.0000 </r>
       <r>    7.6663    0.0000 </r>
       <r>    8.9616    0.0000 </r>
       <r>    9.3129    0.0000 </r>
       <r>   13.6499    0.0000 </r>
      </set>
      <set comment="kpoint 13">
       <r>   -4.3114    1.0000 </r>
       <r>   -0.4581    1.0000 </r>
       <r>    3.6697    1.0000 </r>
       <r>    4.5264    1.0000 </r>
       <r>    7.7646    0.0000 </r>
       <r>    9.1491    0.0000 </r>
       <r>    9.2333    0.0000 </r>
       <r>   13.3295    0.0000 </r>
      </set>
      <set comment="kpoint 14">
       <r>   -4.9765    1.0000 </r>
       <r>    0.8478    1.0000 </r>
       <r>    3.7924    1.0000 </r>
       <r>    4.8463    1.0000 </r>
       <r>    7.9796    0.0000 </r>
       <r>    9.1576    0.0000 </r>
       <r>    9.3547    0.0000 </r>
       <r>   12.2703    0.0000 </r>
      </set>
      <set comment="kpoint 15">
       <r>   -5.5376    1.0000 </r>
       <r>    2.3761    1.0000 </r>
       <r>    4.0886    1.0000 </r>
       <r>    5.2060    1.0000 </r>
       <r>    8.2744    0.0000 </r>
       <r>    8.8709    0.0000 </r>
       <r>    9.2205    0.0000 </r>
       <r>   11.3721    0.0000 </r>
      </set>
      <set comment="kpoint 16">
       <r>   -5.9179    1.0000 </r>
       <r>    3.8291    1.0000 </r>
       <r>    4.6488    1.0000 </r>
       <r>    5.4783    1.0000 </r>
       <r>    8.4736    0.0000 </r>
       <r>    8.5063    0.0000 </r>
       <r>    8.6377    0.0000 </r>
       <r>   10.4632    0.0000 </r>
      </set>
      <set comment="kpoint 17">
       <r>   -5.6352    1.0000 </r>
       <r>    3.3001    1.0000 </r>
       <r>    4.3197    1.0000 </r>
       <r>    4.3197    1.0000 </r>
       <r>    7.2297    0.0000 </r>
       <r>    9.7000    0.0000 </r>
       <r>   10.1721    0.0000 </r>
       <r>   10.1722    0.0000 </r>
      </set>
      <set comment="kpoint 18">
       <r>   -5.2550    1.0000 </r>
       <r>    2.1580    1.0000 </r>
       <r>    3.9033    1.0000 </r>
       <r>    3.9807    1.0000 </r>
       <r>    7.2815    0.0000 </r>
       <r>    9.3092    0.0000 </r>
       <r>   10.4581    0.0000 </r>
       <r>   10.7530    0.0000 </r>
      </set>
      <set comment="kpoint 19">
       <r>   -4.6946    1.0000 </r>
       <r>    0.8081    1.0000 </r>
       <r>    3.3763    1.0000 </r>
       <r>    3.7854    1.0000 </r>
       <r>    7.5171    0.0000 </r>
       <r>    9.6650    0.0000 </r>
       <r>   10.2581    0.0000 </r>
       <r>   10.8426    0.0000 </r>
      </set>
      <set comment="kpoint 20">
       <r>   -4.0286    1.0000 </r>
       <r>   -0.4077    1.0000 </r>
       <r>    2.9053    1.0000 </r>
       <r>    3.7524    1.0000 </r>
       <r>    7.5558    0.0000 </r>
       <r>   10.0235    0.0000 </r>
       <r>   10.5974    0.0000 </r>
       <r>   10.8755    0.0000 </r>
      </set>
      <set comment="kpoint 21">
       <r>   -3.5585    1.0000 </r>
       <r>   -1.1015    1.0000 </r>
       <r>    2.5751    1.0000 </r>
       <r>    3.8803    1.0000 </r>
       <r>    7.6520    0.0000 </r>
       <r>    9.8998    0.0000 </r>
       <r>   10.3108    0.0000 </r>
       <r>   12.4842    0.0000 </r>
      </set>
      <set comment="kpoint 22">
       <r>   -3.8363    1.0000 </r>
       <r>   -0.6994    1.0000 </r>
       <r>    2.4264    1.0000 </r>
       <r>    4.1536    1.0000 </r>
       <r>    7.8950    0.0000 </r>
       <r>    9.8947    0.0000 </r>
       <r>   10.0857    0.0000 </r>
       <r>   13.2884    0.0000 </r>
      </set>
      <set comment="kpoint 23">
       <r>   -4.4932    1.0000 </r>
       <r>    0.3962    1.0000 </r>
       <r>    2.5114    1.0000 </r>
       <r>    4.5346    1.0000 </r>
       <r>    8.2500    0.0000 </r>
       <r>    9.8363    0.0000 </r>
       <r>    9.9535    0.0000 </r>
       <r>   11.8999    0.0000 </r>
      </set>
      <set comment="kpoint 24">
       <r>   -5.0981    1.0000 </r>
       <r>    1.5691    1.0000 </r>
       <r>    2.9907    1.0000 </r>
       <r>    4.9420    1.0000 </r>
       <r>    8.5616    0.0000 </r>
       <r>    9.3459    0.0000 </r>
       <r>    9.6420    0.0000 </r>
       <r>   11.2291    0.0000 </r>
      </set>
      <set comment="kpoint 25">
       <r>   -4.9393    1.0000 </r>
       <r>    1.6938    1.0000 </r>
       <r>    3.6085    1.0000 </r>
       <r>    3.6085    1.0000 </r>
       <r>    6.6490    0.0000 </r>
       <r>    8.4440    0.0000 </r>
       <r>   11.7202    0.0000 </r>
       <r>   11.7202    0.0000 </r>
      </set>
      <set comment="kpoint 26">
       <r>   -4.4349    1.0000 </r>
       <r>    0.7522    1.0000 </r>
       <r>    3.0803    1.0000 </r>
       <r>    3.3790    1.0000 </r>
       <r>    6.7815    0.0000 </r>
       <r>    8.1574    0.0000 </r>
       <r>   11.9979    0.0000 </r>
       <r>   12.1899    0.0000 </r>
      </set>
      <set comment="kpoint 27">
       <r>   -3.7879    1.0000 </r>
       <r>   -0.2602    1.0000 </r>
       <r>    2.3657    1.0000 </r>
       <r>    3.3177    1.0000 </r>
       <r>    6.9837    0.0000 </r>
       <r>    8.8960    0.0000 </r>
       <r>   11.8325    0.0000 </r>
       <r>   12.0624    0.0000 </r>
      </set>
      <set comment="kpoint 28">
       <r>   -3.1879    1.0000 </r>
       <r>   -1.0458    1.0000 </r>
       <r>    1.8027    1.0000 </r>
       <r>    3.4281    1.0000 </r>
       <r>    7.1168    0.0000 </r>
       <r>   10.3616    0.0000 </r>
       <r>   11.6594    0.0000 </r>
       <r>   11.7381    0.0000 </r>
      </set>
      <set comment="kpoint 29">
       <r>   -3.2437    1.0000 </r>
       <r>   -0.9672    1.0000 </r>
       <r>    1.5240    1.0000 </r>
       <r>    3.6978    1.0000 </r>
       <r>    7.4001    0.0000 </r>
       <r>   11.3841    0.0000 </r>
       <r>   11.4111    0.0000 </r>
       <r>   12.2833    0.0000 </r>
      </set>
      <set comment="kpoint 30">
       <r>   -3.8649    1.0000 </r>
       <r>   -0.2210    1.0000 </r>
       <r>    1.6836    1.0000 </r>
       <r>    4.0934    1.0000 </r>
       <r>    7.8328    0.0000 </r>
       <r>   10.7838    0.0000 </r>
       <r>   11.1416    0.0000 </r>
       <r>   11.9416    0.0000 </r>
      </set>
      <set comment="kpoint 31">
       <r>   -3.9861    1.0000 </r>
       <r>    0.0970    1.0000 </r>
       <r>    3.1080    1.0000 </r>
       <r>    3.1080    1.0000 </r>
       <r>    6.3008    0.0000 </r>
       <r>    7.3221    0.0000 </r>
       <r>   13.3661    0.0000 </r>
       <r>   13.3661    0.0000 </r>
      </set>
      <set comment="kpoint 32">
       <r>   -3.3749    1.0000 </r>
       <r>   -0.7057    1.0000 </r>
       <r>    2.5852    1.0000 </r>
       <r>    3.0039    1.0000 </r>
       <r>    6.5103    0.0000 </r>
       <r>    7.3304    0.0000 </r>
       <r>   13.6851    0.0000 </r>
       <r>   13.6974    0.0000 </r>
      </set>
      <set comment="kpoint 33">
       <r>   -2.7146    1.0000 </r>
       <r>   -1.4111    1.0000 </r>
       <r>    1.8245    1.0000 </r>
       <r>    3.0759    1.0000 </r>
       <r>    6.6807    0.0000 </r>
       <r>    8.4966    0.0000 </r>
       <r>   13.4166    0.0000 </r>
       <r>   13.5479    0.0000 </r>
      </set>
      <set comment="kpoint 34">
       <r>   -2.6550    1.0000 </r>
       <r>   -1.4401    1.0000 </r>
       <r>    1.3501    1.0000 </r>
       <r>    3.3160    1.0000 </r>
       <r>    6.9531    0.0000 </r>
       <r>   10.2024    0.0000 </r>
       <r>   12.7372    0.0000 </r>
       <r>   13.2787    0.0000 </r>
      </set>
      <set comment="kpoint 35">
       <r>   -2.8007    1.0000 </r>
       <r>   -1.4221    1.0000 </r>
       <r>    2.8522    1.0000 </r>
       <r>    2.8522    1.0000 </r>
       <r>    6.2658    0.0000 </r>
       <r>    6.5940    0.0000 </r>
       <r>   15.0301    0.0000 </r>
       <r>   15.0301    0.0000 </r>
      </set>
      <set comment="kpoint 36">
       <r>   -2.1674    1.0000 </r>
       <r>   -2.0553    1.0000 </r>
       <r>    2.4224    1.0000 </r>
       <r>    2.8773    1.0000 </r>
       <r>    6.4477    0.0000 </r>
       <r>    7.0211    0.0000 </r>
       <r>   14.9491    0.0000 </r>
       <r>   15.1740    0.0000 </r>
      </set>
      <set comment="kpoint 37">
       <r>   -5.4998    1.0000 </r>
       <r>    2.6006    1.0000 </r>
       <r>    3.8221    1.0000 </r>
       <r>    4.8081    1.0000 </r>
       <r>    7.9590    0.0000 </r>
       <r>    9.1745    0.0000 </r>
       <r>    9.9680    0.0000 </r>
       <r>   10.3945    0.0000 </r>
      </set>
      <set comment="kpoint 38">
       <r>   -4.9962    1.0000 </r>
       <r>    1.2999    1.0000 </r>
       <r>    3.2640    1.0000 </r>
       <r>    4.4942    1.0000 </r>
       <r>    8.2635    0.0000 </r>
       <r>    9.1405    0.0000 </r>
       <r>   10.3004    0.0000 </r>
       <r>   10.5131    0.0000 </r>
      </set>
      <set comment="kpoint 39">
       <r>   -4.3508    1.0000 </r>
       <r>   -0.0207    1.0000 </r>
       <r>    3.0063    1.0000 </r>
       <r>    4.1568    1.0000 </r>
       <r>    8.2868    0.0000 </r>
       <r>    8.9681    0.0000 </r>
       <r>   10.3953    0.0000 </r>
       <r>   11.3451    0.0000 </r>
      </set>
      <set comment="kpoint 40">
       <r>   -3.7509    1.0000 </r>
       <r>   -0.9821    1.0000 </r>
       <r>    2.9055    1.0000 </r>
       <r>    3.9503    1.0000 </r>
       <r>    8.2533    0.0000 </r>
       <r>    8.7813    0.0000 </r>
       <r>   10.3329    0.0000 </r>
       <r>   12.7908    0.0000 </r>
      </set>
      <set comment="kpoint 41">
       <r>   -4.8138    1.0000 </r>
       <r>    1.3187    1.0000 </r>
       <r>    3.1172    1.0000 </r>
       <r>    3.8199    1.0000 </r>
       <r>    7.4067    0.0000 </r>
       <r>    8.9330    0.0000 </r>
       <r>   10.5686    0.0000 </r>
       <r>   11.6062    0.0000 </r>
      </set>
      <set comment="kpoint 42">
       <r>   -4.2077    1.0000 </r>
       <r>    0.2551    1.0000 </r>
       <r>    2.5487    1.0000 </r>
       <r>    3.5130    1.0000 </r>
       <r>    7.7663    0.0000 </r>
       <r>    9.3410    0.0000 </r>
       <r>   10.2539    0.0000 </r>
       <r>   11.9959    0.0000 </r>
      </set>
      <set comment="kpoint 43">
       <r>   -3.5489    1.0000 </r>
       <r>   -0.7344    1.0000 </r>
       <r>    2.1672    1.0000 </r>
       <r>    3.3610    1.0000 </r>
       <r>    7.8997    0.0000 </r>
       <r>    9.8758    0.0000 </r>
       <r>   10.6831    0.0000 </r>
       <r>   11.9524    0.0000 </r>
      </set>
      <set comment="kpoint 44">
       <r>   -3.2894    1.0000 </r>
       <r>   -1.0752    1.0000 </r>
       <r>    1.9411    1.0000 </r>
       <r>    3.4482    1.0000 </r>
       <r>    8.1071    0.0000 </r>
       <r>    9.6112    0.0000 </r>
       <r>   11.8355    0.0000 </r>
       <r>   12.3578    0.0000 </r>
      </set>
      <set comment="kpoint 45">
       <r>   -3.7838    1.0000 </r>
       <r>   -0.4013    1.0000 </r>
       <r>    1.9339    1.0000 </r>
       <r>    3.7381    1.0000 </r>
       <r>    8.4609    0.0000 </r>
       <r>    9.4245    0.0000 </r>
       <r>   11.1346    0.0000 </r>
       <r>   11.7769    0.0000 </r>
      </set>
      <set comment="kpoint 46">
       <r>   -4.4458    1.0000 </r>
       <r>    0.5643    1.0000 </r>
       <r>    2.3081    1.0000 </r>
       <r>    4.1445    1.0000 </r>
       <r>    8.8839    0.0000 </r>
       <r>    9.0083    0.0000 </r>
       <r>   10.2671    0.0000 </r>
       <r>   11.3179    0.0000 </r>
      </set>
      <set comment="kpoint 47">
       <r>   -3.8792    1.0000 </r>
       <r>   -0.0377    1.0000 </r>
       <r>    2.6486    1.0000 </r>
       <r>    3.0342    1.0000 </r>
       <r>    7.0574    0.0000 </r>
       <r>    7.9134    0.0000 </r>
       <r>   11.9356    0.0000 </r>
       <r>   13.3343    0.0000 </r>
      </set>
      <set comment="kpoint 48">
       <r>   -3.2116    1.0000 </r>
       <r>   -0.8481    1.0000 </r>
       <r>    2.0191    1.0000 </r>
       <r>    2.8593    1.0000 </r>
       <r>    7.4027    0.0000 </r>
       <r>    8.7139    0.0000 </r>
       <r>   11.5867    0.0000 </r>
       <r>   13.6897    0.0000 </r>
      </set>
      <set comment="kpoint 49">
       <r>   -2.7541    1.0000 </r>
       <r>   -1.3366    1.0000 </r>
       <r>    1.5088    1.0000 </r>
       <r>    2.9731    1.0000 </r>
       <r>    7.6144    0.0000 </r>
       <r>   10.2723    0.0000 </r>
       <r>   11.2853    0.0000 </r>
       <r>   12.8708    0.0000 </r>
      </set>
      <set comment="kpoint 50">
       <r>   -3.1332    1.0000 </r>
       <r>   -0.9421    1.0000 </r>
       <r>    1.4065    1.0000 </r>
       <r>    3.2905    1.0000 </r>
       <r>    7.9793    0.0000 </r>
       <r>   10.6780    0.0000 </r>
       <r>   11.3990    0.0000 </r>
       <r>   12.2888    0.0000 </r>
      </set>
      <set comment="kpoint 51">
       <r>   -2.7295    1.0000 </r>
       <r>   -1.4206    1.0000 </r>
       <r>    2.4605    1.0000 </r>
       <r>    2.5806    1.0000 </r>
       <r>    6.9935    0.0000 </r>
       <r>    7.2653    0.0000 </r>
       <r>   13.4533    0.0000 </r>
       <r>   14.8312    0.0000 </r>
      </set>
      <set comment="kpoint 52">
       <r>   -2.2361    1.0000 </r>
       <r>   -1.8596    1.0000 </r>
       <r>    1.8164    1.0000 </r>
       <r>    2.6515    1.0000 </r>
       <r>    7.2726    0.0000 </r>
       <r>    8.5078    0.0000 </r>
       <r>   13.0047    0.0000 </r>
       <r>   13.2329    0.0000 </r>
      </set>
      <set comment="kpoint 53">
       <r>   -3.5758    1.0000 </r>
       <r>   -0.4249    1.0000 </r>
       <r>    1.9070    1.0000 </r>
       <r>    3.0584    1.0000 </r>
       <r>    8.6946    0.0000 </r>
       <r>    9.3509    0.0000 </r>
       <r>    9.8793    0.0000 </r>
       <r>   13.2341    0.0000 </r>
      </set>
      <set comment="kpoint 54">
       <r>   -2.9543    1.0000 </r>
       <r>   -1.1140    1.0000 </r>
       <r>    1.6314    1.0000 </r>
       <r>    2.7450    1.0000 </r>
       <r>    9.0718    0.0000 </r>
       <r>    9.4154    0.0000 </r>
       <r>   10.6745    0.0000 </r>
       <r>   12.5217    0.0000 </r>
      </set>
      <set comment="kpoint 55">
       <r>   -2.5492    1.0000 </r>
       <r>   -1.4653    1.0000 </r>
       <r>    1.8599    1.0000 </r>
       <r>    2.2363    1.0000 </r>
       <r>    8.6177    0.0000 </r>
       <r>    8.8280    0.0000 </r>
       <r>   11.1809    0.0000 </r>
       <r>   12.7564    0.0000 </r>
      </set>
      <set comment="kpoint 56">
       <r>   -2.3547    1.0000 </r>
       <r>   -1.6270    1.0000 </r>
       <r>    1.5871    1.0000 </r>
       <r>    2.2719    1.0000 </r>
       <r>    8.9656    0.0000 </r>
       <r>   10.2471    0.0000 </r>
       <r>   10.9456    0.0000 </r>
       <r>   10.9591    0.0000 </r>
      </set>
     </set>
    </set>
   </array>
  </eigenvalues>
  <separator name="orbital magnetization" >
   <v name="MAGDIPOLOUT">      0.00000000      0.00000000      0.00000000</v>
  </separator>
  <dos>
   <i name="efermi">      5.66737497 </i>
   <total>
    <array>
     <dimension dim="1">gridpoints</dimension>
     <dimension dim="2">spin</dimension>
     <field>energy</field>
     <field>total</field>
     <field>integrated</field>
     <set>
      <set comment="spin 1">
       <r>    -7.2689     0.0000     0.0000 </r>
       <r>    -7.1905     0.0000     0.0000 </r>
       <r>    -7.1122     0.0000     0.0000 </r>
       <r>    -7.0338     0.0000     0.0000 </r>
       <r>    -6.9554     0.0000     0.0000 </r>
       <r>    -6.8770     0.0000     0.0000 </r>
       <r>    -6.7987     0.0000     0.0000 </r>
       <r>    -6.7203     0.0000     0.0000 </r>
       <r>    -6.6419     0.0000     0.0000 </r>
       <r>    -6.5636     0.0000     0.0000 </r>
       <r>    -6.4852     0.0000     0.0000 </r>
       <r>    -6.4068     0.0000     0.0000 </r>
       <r>    -6.3284     0.0000     0.0000 </r>
       <r>    -6.2501     0.0000     0.0000 </r>
       <r>    -6.1717     0.0192     0.0015 </r>
       <r>    -6.0933     0.0822     0.0079 </r>
       <r>    -6.0150     0.1862     0.0225 </r>
       <r>    -5.9366     0.0010     0.0226 </r>
       <r>    -5.8582     0.2291     0.0406 </r>
       <r>    -5.7798     0.5325     0.0823 </r>
       <r>    -5.7015     0.0810     0.0887 </r>
       <r>    -5.6231     0.1100     0.0973 </r>
       <r>    -5.5447     0.0714     0.1033 </r>
       <r>    -5.4663     0.8489     0.1698 </r>
       <r>    -5.3880     0.0008     0.1699 </r>
       <r>    -5.3096     0.4593     0.2059 </r>
       <r>    -5.2312     0.6134     0.2539 </r>
       <r>    -5.1529     0.0000     0.2539 </r>
       <r>    -5.0745     0.2300     0.2720 </r>
       <r>    -4.9961     0.4653     0.3084 </r>
       <r>    -4.9177     1.0301     0.3892 </r>
       <r>    -4.8394     0.0001     0.3892 </r>
       <r>    -4.7610     0.6028     0.4364 </r>
       <r>    -4.6826     0.7568     0.4957 </r>
       <r>    -4.6043     0.1532     0.5094 </r>
       <r>    -4.5259     0.0000     0.5094 </r>
       <r>    -4.4475     0.6634     0.5614 </r>
       <r>    -4.3691     0.7214     0.6179 </r>
       <r>    -4.2908     1.3753     0.7257 </r>
       <r>    -4.2124     0.2344     0.7441 </r>
       <r>    -4.1340     0.6859     0.7979 </r>
       <r>    -4.0557     0.4602     0.8340 </r>
       <r>    -3.9773     0.7164     0.8901 </r>
       <r>    -3.8989     0.0012     0.8912 </r>
       <r>    -3.8205     1.6026     1.0168 </r>
       <r>    -3.7422     2.2004     1.1897 </r>
       <r>    -3.6638     0.0000     1.1976 </r>
       <r>    -3.5854     0.0403     1.2008 </r>
       <r>    -3.5070     1.8003     1.3418 </r>
       <r>    -3.4287     0.0000     1.3418 </r>
       <r>    -3.3503     0.4600     1.3779 </r>
       <r>    -3.2719     0.9142     1.4496 </r>
       <r>    -3.1936     1.4734     1.5655 </r>
       <r>    -3.1152     0.8200     1.6302 </r>
       <r>    -3.0368     0.0000     1.6304 </r>
       <r>    -2.9584     0.2552     1.6504 </r>
       <r>    -2.8801     0.6651     1.7025 </r>
       <r>    -2.8017     0.0509     1.7065 </r>
       <r>    -2.7233     1.4063     1.8167 </r>
       <r>    -2.6450     0.6219     1.8724 </r>
       <r>    -2.5666     0.0032     1.8740 </r>
       <r>    -2.4882     0.4569     1.9098 </r>
       <r>    -2.4098     0.0000     1.9098 </r>
       <r>    -2.3315     0.4599     1.9459 </r>
       <r>    -2.2531     0.0038     1.9462 </r>
       <r>    -2.1747     0.4908     1.9847 </r>
       <r>    -2.0964     0.1957     2.0000 </r>
       <r>    -2.0180     0.2301     2.0180 </r>
       <r>    -1.9396     0.0000     2.0180 </r>
       <r>    -1.8612     0.1870     2.0327 </r>
       <r>    -1.7829     0.2731     2.0541 </r>
       <r>    -1.7045     0.0000     2.0541 </r>
       <r>    -1.6261     0.2517     2.0738 </r>
       <r>    -1.5477     0.2085     2.0902 </r>
       <r>    -1.4694     0.1308     2.1004 </r>
       <r>    -1.3910     1.5937     2.2253 </r>
       <r>    -1.3126     0.9200     2.2975 </r>
       <r>    -1.2343     0.0000     2.2975 </r>
       <r>    -1.1559     0.4602     2.3336 </r>
       <r>    -1.0775     1.8766     2.4807 </r>
       <r>    -0.9991     1.0443     2.5626 </r>
       <r>    -0.9208     1.8327     2.7062 </r>
       <r>    -0.8424     0.7281     2.7633 </r>
       <r>    -0.7640     0.4602     2.8144 </r>
       <r>    -0.6857     1.8277     2.9577 </r>
       <r>    -0.6073     0.0000     2.9587 </r>
       <r>    -0.5289     0.0000     2.9587 </r>
       <r>    -0.4505     0.3954     2.9897 </r>
       <r>    -0.3722     1.8405     3.1390 </r>
       <r>    -0.2938     0.0000     3.1390 </r>
       <r>    -0.2154     0.6410     3.1892 </r>
       <r>    -0.1371     0.0000     3.1931 </r>
       <r>    -0.0587     0.1541     3.2052 </r>
       <r>     0.0197     1.3798     3.3133 </r>
       <r>     0.0981     0.0641     3.3183 </r>
       <r>     0.1764     0.0509     3.3223 </r>
       <r>     0.2548     0.4445     3.3572 </r>
       <r>     0.3332     0.4758     3.3944 </r>
       <r>     0.4116     0.9134     3.4660 </r>
       <r>     0.4899     0.0000     3.4666 </r>
       <r>     0.5683     0.3284     3.4923 </r>
       <r>     0.6467     0.0000     3.5026 </r>
       <r>     0.7250     0.0000     3.5026 </r>
       <r>     0.8034     0.5773     3.5479 </r>
       <r>     0.8818     0.8031     3.6108 </r>
       <r>     0.9602     0.0000     3.6108 </r>
       <r>     1.0385     0.0000     3.6108 </r>
       <r>     1.1169     0.0000     3.6108 </r>
       <r>     1.1953     0.0000     3.6108 </r>
       <r>     1.2736     0.0001     3.6108 </r>
       <r>     1.3520     1.6724     3.7419 </r>
       <r>     1.4304     0.4600     3.7851 </r>
       <r>     1.5088     0.4631     3.8214 </r>
       <r>     1.5871     1.3762     3.9293 </r>
       <r>     1.6655     1.1517     4.0196 </r>
       <r>     1.7439     0.3439     4.0466 </r>
       <r>     1.8222     0.9966     4.1247 </r>
       <r>     1.9006     1.2927     4.2335 </r>
       <r>     1.9790     2.2163     4.4072 </r>
       <r>     2.0574     0.9203     4.4793 </r>
       <r>     2.1357     0.0004     4.4794 </r>
       <r>     2.2141     1.3805     4.5876 </r>
       <r>     2.2925     0.9253     4.6601 </r>
       <r>     2.3709     0.9124     4.7316 </r>
       <r>     2.4492     1.0691     4.8239 </r>
       <r>     2.5276     0.8912     4.8938 </r>
       <r>     2.6060     2.6553     5.1023 </r>
       <r>     2.6843     0.9203     5.1826 </r>
       <r>     2.7627     0.9147     5.2543 </r>
       <r>     2.8411     0.0179     5.2561 </r>
       <r>     2.9195     2.7102     5.4685 </r>
       <r>     2.9978     1.4640     5.5858 </r>
       <r>     3.0762     2.4698     5.7822 </r>
       <r>     3.1546     1.2422     5.8798 </r>
       <r>     3.2329     0.0000     5.8798 </r>
       <r>     3.3113     1.6310     6.0076 </r>
       <r>     3.3897     2.3445     6.1919 </r>
       <r>     3.4681     1.8025     6.3366 </r>
       <r>     3.5464     0.9203     6.4117 </r>
       <r>     3.6248     0.2276     6.4296 </r>
       <r>     3.7032     1.0387     6.5112 </r>
       <r>     3.7815     1.7817     6.6589 </r>
       <r>     3.8599     1.9108     6.8087 </r>
       <r>     3.9383     1.4189     6.9199 </r>
       <r>     4.0167     1.3389     7.0248 </r>
       <r>     4.0950     0.5137     7.0651 </r>
       <r>     4.1734     2.0830     7.2421 </r>
       <r>     4.2518     1.0477     7.3250 </r>
       <r>     4.3302     0.6743     7.3842 </r>
       <r>     4.4085     0.0004     7.3855 </r>
       <r>     4.4869     0.9059     7.4565 </r>
       <r>     4.5653     2.2193     7.6304 </r>
       <r>     4.6436     0.4329     7.6649 </r>
       <r>     4.7220     0.1769     7.6799 </r>
       <r>     4.8004     0.7273     7.7370 </r>
       <r>     4.8788     1.0748     7.8212 </r>
       <r>     4.9571     0.6865     7.8750 </r>
       <r>     5.0355     0.0000     7.8753 </r>
       <r>     5.1139     0.0495     7.8792 </r>
       <r>     5.1922     0.4991     7.9183 </r>
       <r>     5.2706     0.4484     7.9534 </r>
       <r>     5.3490     0.0000     7.9534 </r>
       <r>     5.4274     0.0000     7.9534 </r>
       <r>     5.5057     0.5368     7.9955 </r>
       <r>     5.5841     0.0000     7.9955 </r>
       <r>     5.6625     0.0575     8.0000 </r>
       <r>     5.7408     0.0000     8.0000 </r>
       <r>     5.8192     0.0000     8.0000 </r>
       <r>     5.8976     0.0000     8.0000 </r>
       <r>     5.9760     0.0000     8.0000 </r>
       <r>     6.0543     0.0000     8.0000 </r>
       <r>     6.1327     0.0000     8.0000 </r>
       <r>     6.2111     0.0000     8.0000 </r>
       <r>     6.2895     0.1212     8.0095 </r>
       <r>     6.3678     0.1088     8.0180 </r>
       <r>     6.4462     0.0962     8.0256 </r>
       <r>     6.5246     0.5838     8.0713 </r>
       <r>     6.6029     0.1033     8.0802 </r>
       <r>     6.6813     0.3622     8.1095 </r>
       <r>     6.7597     0.2135     8.1263 </r>
       <r>     6.8381     0.4597     8.1623 </r>
       <r>     6.9164     0.0000     8.1623 </r>
       <r>     6.9948     0.9273     8.2350 </r>
       <r>     7.0732     0.8810     8.3061 </r>
       <r>     7.1515     0.6135     8.3546 </r>
       <r>     7.2299     0.0653     8.3597 </r>
       <r>     7.3083     1.5869     8.4841 </r>
       <r>     7.3867     0.5970     8.5309 </r>
       <r>     7.4650     1.8155     8.6732 </r>
       <r>     7.5434     0.6318     8.7227 </r>
       <r>     7.6218     1.2250     8.8187 </r>
       <r>     7.7001     1.2613     8.9283 </r>
       <r>     7.7785     1.3302     9.0419 </r>
       <r>     7.8569     0.8380     9.1115 </r>
       <r>     7.9353     2.4065     9.3013 </r>
       <r>     8.0136     1.7902     9.4416 </r>
       <r>     8.0920     0.0152     9.4467 </r>
       <r>     8.1704     1.4431     9.5598 </r>
       <r>     8.2488     0.5745     9.6060 </r>
       <r>     8.3271     3.2248     9.8588 </r>
       <r>     8.4055     0.0013     9.8589 </r>
       <r>     8.4839     1.5705     9.9819 </r>
       <r>     8.5622     1.2564    10.0818 </r>
       <r>     8.6406     0.7188    10.1381 </r>
       <r>     8.7190     1.1634    10.2354 </r>
       <r>     8.7974     0.9289    10.3252 </r>
       <r>     8.8757     1.9225    10.4767 </r>
       <r>     8.9541     2.6575    10.7014 </r>
       <r>     9.0325     2.4953    10.8971 </r>
       <r>     9.1108     1.1996    10.9911 </r>
       <r>     9.1892     2.5991    11.1969 </r>
       <r>     9.2676     0.9203    11.2697 </r>
       <r>     9.3460     1.8971    11.4184 </r>
       <r>     9.4243     2.3544    11.6202 </r>
       <r>     9.5027     1.2282    11.7240 </r>
       <r>     9.5811     0.1489    11.7412 </r>
       <r>     9.6594     1.2489    11.8394 </r>
       <r>     9.7378     0.9265    11.9122 </r>
       <r>     9.8162     0.4612    11.9490 </r>
       <r>     9.8946     2.1618    12.1184 </r>
       <r>     9.9729     1.3941    12.2285 </r>
       <r>    10.0513     0.4601    12.2735 </r>
       <r>    10.1297     0.4602    12.3095 </r>
       <r>    10.2081     0.4112    12.3418 </r>
       <r>    10.2864     3.2209    12.5980 </r>
       <r>    10.3648     2.5878    12.8026 </r>
       <r>    10.4432     1.3890    12.9233 </r>
       <r>    10.5215     1.9545    13.0765 </r>
       <r>    10.5999     0.7531    13.1439 </r>
       <r>    10.6783     1.1139    13.2443 </r>
       <r>    10.7567     1.2337    13.3624 </r>
       <r>    10.8350     0.2961    13.3966 </r>
       <r>    10.9134     0.8542    13.4636 </r>
       <r>    10.9918     1.3804    13.5717 </r>
       <r>    11.0701     0.0000    13.5718 </r>
       <r>    11.1485     1.0911    13.6573 </r>
       <r>    11.2269     0.6989    13.7168 </r>
       <r>    11.3053     1.0788    13.8013 </r>
       <r>    11.3836     2.0250    13.9602 </r>
       <r>    11.4620     1.1554    14.0526 </r>
       <r>    11.5404     0.0000    14.0526 </r>
       <r>    11.6188     1.3632    14.1594 </r>
       <r>    11.6971     0.4603    14.1969 </r>
       <r>    11.7755     1.5376    14.3174 </r>
       <r>    11.8539     1.9085    14.4669 </r>
       <r>    11.9322     0.6283    14.5166 </r>
       <r>    12.0106     2.7887    14.7351 </r>
       <r>    12.0890     0.4601    14.7739 </r>
       <r>    12.1674     0.0003    14.7739 </r>
       <r>    12.2457     0.4599    14.8099 </r>
       <r>    12.3241     1.3803    14.9181 </r>
       <r>    12.4025     0.9203    14.9902 </r>
       <r>    12.4808     0.1456    15.0016 </r>
       <r>    12.5592     1.2348    15.0984 </r>
       <r>    12.6376     0.0000    15.0984 </r>
       <r>    12.7160     0.0012    15.0985 </r>
       <r>    12.7943     1.4770    15.2143 </r>
       <r>    12.8727     0.5572    15.2803 </r>
       <r>    12.9511     0.1134    15.3177 </r>
       <r>    13.0294     0.8068    15.3809 </r>
       <r>    13.1078     0.0000    15.3809 </r>
       <r>    13.1862     0.0000    15.3809 </r>
       <r>    13.2646     0.9256    15.4535 </r>
       <r>    13.3429     1.5922    15.5782 </r>
       <r>    13.4213     0.6755    15.6362 </r>
       <r>    13.4997     0.6135    15.6935 </r>
       <r>    13.5781     0.4601    15.7295 </r>
       <r>    13.6564     0.3778    15.7591 </r>
       <r>    13.7348     1.8406    15.9098 </r>
       <r>    13.8132     0.0000    15.9098 </r>
       <r>    13.8915     0.0000    15.9098 </r>
       <r>    13.9699     0.0000    15.9098 </r>
       <r>    14.0483     0.0000    15.9098 </r>
       <r>    14.1267     0.0000    15.9098 </r>
       <r>    14.2050     0.0000    15.9098 </r>
       <r>    14.2834     0.0000    15.9098 </r>
       <r>    14.3618     0.0000    15.9098 </r>
       <r>    14.4401     0.0000    15.9098 </r>
       <r>    14.5185     0.0000    15.9098 </r>
       <r>    14.5969     0.0000    15.9098 </r>
       <r>    14.6753     0.0000    15.9098 </r>
       <r>    14.7536     0.0000    15.9098 </r>
       <r>    14.8320     0.2502    15.9295 </r>
       <r>    14.9104     0.2100    15.9459 </r>
       <r>    14.9887     0.2301    15.9639 </r>
       <r>    15.0671     0.2301    15.9820 </r>
       <r>    15.1455     0.0000    15.9820 </r>
       <r>    15.2239     0.2301    16.0000 </r>
       <r>    15.3022     0.0000    16.0000 </r>
       <r>    15.3806     0.0000    16.0000 </r>
       <r>    15.4590     0.0000    16.0000 </r>
       <r>    15.5374     0.0000    16.0000 </r>
       <r>    15.6157     0.0000    16.0000 </r>
       <r>    15.6941     0.0000    16.0000 </r>
       <r>    15.7725     0.0000    16.0000 </r>
       <r>    15.8508     0.0000    16.0000 </r>
       <r>    15.9292     0.0000    16.0000 </r>
       <r>    16.0076     0.0000    16.0000 </r>
       <r>    16.0860     0.0000    16.0000 </r>
       <r>    16.1643     0.0000    16.0000 </r>
       <r>    16.2427     0.0000    16.0000 </r>
      </set>
     </set>
    </array>
   </total>
  </dos>
 </calculation>
 <structure name="finalpos" >
  <crystal>
   <varray name="basis" >
    <v>       0.00000000       2.73479515       2.73479515 </v>
    <v>       2.73479515       0.00000000       2.73479515 </v>
    <v>       2.73479515       2.73479515       0.00000000 </v>
   </varray>
   <i name="volume">     40.90763743 </i>
   <varray name="rec_basis" >
    <v>      -0.18282905       0.18282905       0.18282905 </v>
    <v>       0.18282905      -0.18282905       0.18282905 </v>
    <v>       0.18282905       0.18282905      -0.18282905 </v>
   </varray>
  </crystal>
  <varray name="positions" >
   <v>       0.00000000       0.00000000       0.00000000 </v>
   <v>       0.25000000       0.25000000       0.25000000 </v>
  </varray>
 </structure>
</modeling>
