<?xml version="1.0" encoding="ISO-8859-1"?>
<modeling>
 <generator>
  <i name="program" type="string">vasp </i>
  <i name="version" type="string">5.4.4.18Apr17-6-g9f103f2a35  </i>
  <i name="subversion" type="string">(build Feb 04 2020 15:23:53) complex            parallel </i>
  <i name="platform" type="string">Magnus_2017U8_MOC </i>
  <i name="date" type="string">2020 11 17 </i>
  <i name="time" type="string">15:46:06 </i>
 </generator>
 <incar>
  <i type="string" name="PREC">normal</i>
  <i type="int" name="NSW">     0</i>
  <i name="ENCUT">    250.00000000</i>
  <i type="int" name="ISMEAR">     0</i>
  <i name="SIGMA">      0.10000000</i>
  <v type="int" name="KPOINT_BSE">    -1     0     0     0</v>
 </incar>
 <structure name="primitive_cell" >
  <crystal>
   <varray name="basis" >
    <v>       0.00000000       2.73482640       2.73482640 </v>
    <v>       2.73482640       0.00000000       2.73482640 </v>
    <v>       2.73482640       2.73482640       0.00000000 </v>
   </varray>
   <i name="volume">     40.90903976 </i>
   <varray name="rec_basis" >
    <v>      -0.18282696       0.18282696       0.18282696 </v>
    <v>       0.18282696      -0.18282696       0.18282696 </v>
    <v>       0.18282696       0.18282696      -0.18282696 </v>
   </varray>
  </crystal>
  <varray name="positions" >
   <v>       0.00000000       0.00000000       0.00000000 </v>
   <v>       0.25000000       0.25000000       0.25000000 </v>
  </varray>
 </structure>
 <varray name="primitive_index" >
  <v type="int" >        1 </v>
  <v type="int" >        2 </v>
 </varray>
 <kpoints>
  <generation param="Gamma">
   <v type="int" name="divisions">      11       11       11 </v>
   <v name="usershift">      0.00000000       0.00000000       0.00000000 </v>
   <v name="genvec1">      0.09090909       0.00000000       0.00000000 </v>
   <v name="genvec2">     -0.00000000       0.09090909      -0.00000000 </v>
   <v name="genvec3">      0.00000000      -0.00000000       0.09090909 </v>
   <v name="shift">      0.00000000       0.00000000       0.00000000 </v>
  </generation>
  <varray name="kpointlist" >
   <v>       0.00000000       0.00000000       0.00000000 </v>
   <v>       0.09090909       0.00000000       0.00000000 </v>
   <v>       0.18181818       0.00000000       0.00000000 </v>
   <v>       0.27272727       0.00000000       0.00000000 </v>
   <v>       0.36363636       0.00000000       0.00000000 </v>
   <v>       0.45454545      -0.00000000       0.00000000 </v>
   <v>       0.09090909       0.09090909       0.00000000 </v>
   <v>       0.18181818       0.09090909       0.00000000 </v>
   <v>       0.27272727       0.09090909       0.00000000 </v>
   <v>       0.36363636       0.09090909       0.00000000 </v>
   <v>       0.45454545       0.09090909       0.00000000 </v>
   <v>      -0.45454545       0.09090909       0.00000000 </v>
   <v>      -0.36363636       0.09090909      -0.00000000 </v>
   <v>      -0.27272727       0.09090909       0.00000000 </v>
   <v>      -0.18181818       0.09090909      -0.00000000 </v>
   <v>      -0.09090909       0.09090909       0.00000000 </v>
   <v>       0.18181818       0.18181818       0.00000000 </v>
   <v>       0.27272727       0.18181818       0.00000000 </v>
   <v>       0.36363636       0.18181818       0.00000000 </v>
   <v>       0.45454545       0.18181818       0.00000000 </v>
   <v>      -0.45454545       0.18181818       0.00000000 </v>
   <v>      -0.36363636       0.18181818      -0.00000000 </v>
   <v>      -0.27272727       0.18181818      -0.00000000 </v>
   <v>      -0.18181818       0.18181818       0.00000000 </v>
   <v>       0.27272727       0.27272727       0.00000000 </v>
   <v>       0.36363636       0.27272727       0.00000000 </v>
   <v>       0.45454545       0.27272727       0.00000000 </v>
   <v>      -0.45454545       0.27272727       0.00000000 </v>
   <v>      -0.36363636       0.27272727      -0.00000000 </v>
   <v>      -0.27272727       0.27272727      -0.00000000 </v>
   <v>       0.36363636       0.36363636       0.00000000 </v>
   <v>       0.45454545       0.36363636       0.00000000 </v>
   <v>      -0.45454545       0.36363636      -0.00000000 </v>
   <v>      -0.36363636       0.36363636       0.00000000 </v>
   <v>       0.45454545       0.45454545       0.00000000 </v>
   <v>      -0.45454545       0.45454545      -0.00000000 </v>
   <v>       0.27272727       0.18181818       0.09090909 </v>
   <v>       0.36363636       0.18181818       0.09090909 </v>
   <v>       0.45454545       0.18181818       0.09090909 </v>
   <v>      -0.45454545       0.18181818       0.09090909 </v>
   <v>       0.36363636       0.27272727       0.09090909 </v>
   <v>       0.45454545       0.27272727       0.09090909 </v>
   <v>      -0.45454545       0.27272727       0.09090909 </v>
   <v>      -0.36363636       0.27272727       0.09090909 </v>
   <v>      -0.27272727       0.27272727       0.09090909 </v>
   <v>      -0.18181818       0.27272727       0.09090909 </v>
   <v>       0.45454545       0.36363636       0.09090909 </v>
   <v>      -0.45454545       0.36363636       0.09090909 </v>
   <v>      -0.36363636       0.36363636       0.09090909 </v>
   <v>      -0.27272727       0.36363636       0.09090909 </v>
   <v>      -0.45454545       0.45454545       0.09090909 </v>
   <v>      -0.36363636       0.45454545       0.09090909 </v>
   <v>      -0.45454545       0.36363636       0.18181818 </v>
   <v>      -0.36363636       0.36363636       0.18181818 </v>
   <v>      -0.36363636       0.45454545       0.18181818 </v>
   <v>      -0.27272727       0.45454545       0.18181818 </v>
  </varray>
  <varray name="weights" >
   <v>       0.00075131 </v>
   <v>       0.00601052 </v>
   <v>       0.00601052 </v>
   <v>       0.00601052 </v>
   <v>       0.00601052 </v>
   <v>       0.00601052 </v>
   <v>       0.00450789 </v>
   <v>       0.01803156 </v>
   <v>       0.01803156 </v>
   <v>       0.01803156 </v>
   <v>       0.01803156 </v>
   <v>       0.01803156 </v>
   <v>       0.01803156 </v>
   <v>       0.01803156 </v>
   <v>       0.01803156 </v>
   <v>       0.00901578 </v>
   <v>       0.00450789 </v>
   <v>       0.01803156 </v>
   <v>       0.01803156 </v>
   <v>       0.01803156 </v>
   <v>       0.01803156 </v>
   <v>       0.01803156 </v>
   <v>       0.01803156 </v>
   <v>       0.00901578 </v>
   <v>       0.00450789 </v>
   <v>       0.01803156 </v>
   <v>       0.01803156 </v>
   <v>       0.01803156 </v>
   <v>       0.01803156 </v>
   <v>       0.00901578 </v>
   <v>       0.00450789 </v>
   <v>       0.01803156 </v>
   <v>       0.01803156 </v>
   <v>       0.00901578 </v>
   <v>       0.00450789 </v>
   <v>       0.00901578 </v>
   <v>       0.01803156 </v>
   <v>       0.03606311 </v>
   <v>       0.03606311 </v>
   <v>       0.03606311 </v>
   <v>       0.01803156 </v>
   <v>       0.03606311 </v>
   <v>       0.03606311 </v>
   <v>       0.03606311 </v>
   <v>       0.03606311 </v>
   <v>       0.01803156 </v>
   <v>       0.01803156 </v>
   <v>       0.03606311 </v>
   <v>       0.03606311 </v>
   <v>       0.01803156 </v>
   <v>       0.01803156 </v>
   <v>       0.01803156 </v>
   <v>       0.01803156 </v>
   <v>       0.03606311 </v>
   <v>       0.01803156 </v>
   <v>       0.01803156 </v>
  </varray>
 </kpoints>
 <parameters>
  <separator name="general" >
   <i type="string" name="SYSTEM">unknown system</i>
   <i type="logical" name="LCOMPAT"> F  </i>
  </separator>
  <separator name="electronic" >
   <i type="string" name="PREC">normal</i>
   <i name="ENMAX">    250.00000000</i>
   <i name="ENAUG">    322.06900000</i>
   <i name="EDIFF">      0.00010000</i>
   <i type="int" name="IALGO">    38</i>
   <i type="int" name="IWAVPR">    10</i>
   <i type="int" name="NBANDS">     8</i>
   <i name="NELECT">      8.00000000</i>
   <i type="int" name="TURBO">     0</i>
   <i type="int" name="IRESTART">     0</i>
   <i type="int" name="NREBOOT">     0</i>
   <i type="int" name="NMIN">     0</i>
   <i name="EREF">      0.00000000</i>
   <separator name="electronic smearing" >
    <i type="int" name="ISMEAR">     0</i>
    <i name="SIGMA">      0.10000000</i>
    <i name="KSPACING">      0.50000000</i>
    <i type="logical" name="KGAMMA"> T  </i>
   </separator>
   <separator name="electronic projectors" >
    <i type="logical" name="LREAL"> F  </i>
    <v name="ROPT">      0.00000000</v>
    <i type="int" name="LMAXPAW">  -100</i>
    <i type="int" name="LMAXMIX">     2</i>
    <i type="logical" name="NLSPLINE"> F  </i>
   </separator>
   <separator name="electronic startup" >
    <i type="int" name="ISTART">     1</i>
    <i type="int" name="ICHARG">     0</i>
    <i type="int" name="INIWAV">     1</i>
   </separator>
   <separator name="electronic spin" >
    <i type="int" name="ISPIN">     1</i>
    <i type="logical" name="LNONCOLLINEAR"> F  </i>
    <v name="MAGMOM">      1.00000000      1.00000000</v>
    <i name="NUPDOWN">     -1.00000000</i>
    <i type="logical" name="LSORBIT"> F  </i>
    <v name="SAXIS">      0.00000000      0.00000000      1.00000000</v>
    <i type="logical" name="LSPIRAL"> F  </i>
    <v name="QSPIRAL">      0.00000000      0.00000000      0.00000000</v>
    <i type="logical" name="LZEROZ"> F  </i>
   </separator>
   <separator name="electronic exchange-correlation" >
    <i type="logical" name="LASPH"> F  </i>
    <i type="logical" name="LMETAGGA"> F  </i>
   </separator>
   <separator name="electronic convergence" >
    <i type="int" name="NELM">    60</i>
    <i type="int" name="NELMDL">     0</i>
    <i type="int" name="NELMIN">     2</i>
    <i name="ENINI">    250.00000000</i>
    <separator name="electronic convergence detail" >
     <i type="logical" name="LDIAG"> T  </i>
     <i type="logical" name="LSUBROT"> F  </i>
     <i name="WEIMIN">      0.00000000</i>
     <i name="EBREAK">      0.00000313</i>
     <i name="DEPER">      0.30000000</i>
     <i type="int" name="NRMM">     4</i>
     <i name="TIME">      0.40000000</i>
    </separator>
   </separator>
   <separator name="electronic mixer" >
    <i name="AMIX">      0.40000000</i>
    <i name="BMIX">      1.00000000</i>
    <i name="AMIN">      0.10000000</i>
    <i name="AMIX_MAG">      1.60000000</i>
    <i name="BMIX_MAG">      1.00000000</i>
    <separator name="electronic mixer details" >
     <i type="int" name="IMIX">     4</i>
     <i type="logical" name="MIXFIRST"> F  </i>
     <i type="int" name="MAXMIX">   -45</i>
     <i name="WC">    100.00000000</i>
     <i type="int" name="INIMIX">     1</i>
     <i type="int" name="MIXPRE">     1</i>
     <i type="int" name="MREMOVE">     5</i>
    </separator>
   </separator>
   <separator name="electronic dipolcorrection" >
    <i type="logical" name="LDIPOL"> F  </i>
    <i type="logical" name="LMONO"> F  </i>
    <i type="int" name="IDIPOL">     0</i>
    <i name="EPSILON">      1.00000000</i>
    <v name="DIPOL">   -100.00000000   -100.00000000   -100.00000000</v>
    <i name="EFIELD">      0.00000000</i>
   </separator>
  </separator>
  <separator name="grids" >
   <i type="int" name="NGX">    16</i>
   <i type="int" name="NGY">    16</i>
   <i type="int" name="NGZ">    16</i>
   <i type="int" name="NGXF">    32</i>
   <i type="int" name="NGYF">    32</i>
   <i type="int" name="NGZF">    32</i>
   <i type="logical" name="ADDGRID"> F  </i>
  </separator>
  <separator name="ionic" >
   <i type="int" name="NSW">     0</i>
   <i type="int" name="IBRION">    -1</i>
   <i type="int" name="MDALGO">     0</i>
   <i type="int" name="ISIF">     2</i>
   <i name="PSTRESS">      0.00000000</i>
   <i name="EDIFFG">      0.00100000</i>
   <i type="int" name="NFREE">     0</i>
   <i name="POTIM">      0.50000000</i>
   <i name="SMASS">     -3.00000000</i>
   <i name="SCALEE">      1.00000000</i>
  </separator>
  <separator name="ionic md" >
   <i name="TEBEG">      0.00010000</i>
   <i name="TEEND">      0.00010000</i>
   <i type="int" name="NBLOCK">     1</i>
   <i type="int" name="KBLOCK">     1</i>
   <i type="int" name="NPACO">   256</i>
   <i name="APACO">     16.00000000</i>
  </separator>
  <separator name="symmetry" >
   <i type="int" name="ISYM">     2</i>
   <i name="SYMPREC">      0.00001000</i>
  </separator>
  <separator name="dos" >
   <i type="int" name="LORBIT">     0</i>
   <v name="RWIGS">     -1.00000000</v>
   <i type="int" name="NEDOS">   301</i>
   <i name="EMIN">     10.00000000</i>
   <i name="EMAX">    -10.00000000</i>
   <i name="EFERMI">      0.00000000</i>
  </separator>
  <separator name="writing" >
   <i type="int" name="NWRITE">     2</i>
   <i type="logical" name="LWAVE"> T  </i>
   <i type="logical" name="LDOWNSAMPLE"> F  </i>
   <i type="logical" name="LCHARG"> T  </i>
   <i type="logical" name="LPARD"> F  </i>
   <i type="logical" name="LVTOT"> F  </i>
   <i type="logical" name="LVHAR"> F  </i>
   <i type="logical" name="LELF"> F  </i>
   <i type="logical" name="LOPTICS"> F  </i>
   <v name="STM">      0.00000000      0.00000000      0.00000000      0.00000000      0.00000000      0.00000000      0.00000000</v>
  </separator>
  <separator name="performance" >
   <i type="int" name="NPAR">     1</i>
   <i type="int" name="NSIM">     4</i>
   <i type="int" name="NBLK">    -1</i>
   <i type="logical" name="LPLANE"> T  </i>
   <i type="logical" name="LSCALAPACK"> T  </i>
   <i type="logical" name="LSCAAWARE"> F  </i>
   <i type="logical" name="LSCALU"> F  </i>
   <i type="logical" name="LASYNC"> F  </i>
   <i type="logical" name="LORBITALREAL"> F  </i>
  </separator>
  <separator name="miscellaneous" >
   <i type="int" name="IDIOT">     3</i>
   <i type="int" name="ISPECIAL">     0</i>
   <i type="logical" name="LMUSIC"> F  </i>
   <v name="POMASS">     28.08500000</v>
   <v name="DARWINR">      0.00000000</v>
   <v name="DARWINV">      1.00000000</v>
   <i type="logical" name="LCORR"> T  </i>
  </separator>
  <i type="logical" name="GGA_COMPAT"> T  </i>
  <i type="logical" name="LBERRY"> F  </i>
  <i type="int" name="ICORELEVEL">     0</i>
  <i type="logical" name="LDAU"> F  </i>
  <i type="int" name="I_CONSTRAINED_M">     0</i>
  <separator name="electronic exchange-correlation" >
   <i type="string" name="GGA">--</i>
   <i type="int" name="VOSKOWN">     0</i>
   <i type="logical" name="LHFCALC"> F  </i>
   <i type="string" name="PRECFOCK"></i>
   <i type="logical" name="LSYMGRAD"> F  </i>
   <i type="logical" name="LHFONE"> F  </i>
   <i type="logical" name="LRHFCALC"> F  </i>
   <i type="logical" name="LTHOMAS"> F  </i>
   <i type="logical" name="LMODELHF"> F  </i>
   <i name="ENCUT4O">     -1.00000000</i>
   <i type="int" name="EXXOEP">     0</i>
   <i type="int" name="FOURORBIT">     0</i>
   <i name="AEXX">      0.00000000</i>
   <i name="HFALPHA">      0.00000000</i>
   <i name="MCALPHA">      0.00000000</i>
   <i name="ALDAX">      1.00000000</i>
   <i name="AGGAX">      1.00000000</i>
   <i name="ALDAC">      1.00000000</i>
   <i name="AGGAC">      1.00000000</i>
   <i type="int" name="NKREDX">     1</i>
   <i type="int" name="NKREDY">     1</i>
   <i type="int" name="NKREDZ">     1</i>
   <i type="logical" name="SHIFTRED"> F  </i>
   <i type="logical" name="ODDONLY"> F  </i>
   <i type="logical" name="EVENONLY"> F  </i>
   <i type="int" name="LMAXFOCK">     0</i>
   <i type="int" name="NMAXFOCKAE">     0</i>
   <i type="logical" name="LFOCKAEDFT"> F  </i>
   <i name="HFSCREEN">      0.00000000</i>
   <i name="HFSCREENC">      0.00000000</i>
   <i type="int" name="NBANDSGWLOW">     0</i>
  </separator>
  <separator name="vdW DFT" >
   <i type="logical" name="LUSE_VDW"> F  </i>
   <i name="Zab_VDW">     -0.84910000</i>
   <i name="PARAM1">      0.12340000</i>
   <i name="PARAM2">      1.00000000</i>
   <i name="PARAM3">      0.00000000</i>
  </separator>
  <separator name="model GW" >
   <i type="int" name="MODEL_GW">     0</i>
   <i name="MODEL_EPS0">     12.27271193</i>
   <i name="MODEL_ALPHA">      1.00000000</i>
  </separator>
  <separator name="linear response parameters" >
   <i type="logical" name="LEPSILON"> F  </i>
   <i type="logical" name="LRPA"> F  </i>
   <i type="logical" name="LNABLA"> F  </i>
   <i type="logical" name="LVEL"> F  </i>
   <i type="int" name="KINTER">     0</i>
   <i name="CSHIFT">      0.10000000</i>
   <i name="OMEGAMAX">     -1.00000000</i>
   <i name="DEG_THRESHOLD">      0.00200000</i>
   <i name="RTIME">     -0.10000000</i>
   <i name="WPLASMAI">      0.00000000</i>
   <v name="DFIELD">      0.00000000      0.00000000      0.00000000</v>
   <v name="WPLASMA">      0.00000000      0.00000000      0.00000000      0.00000000      0.00000000      0.00000000      0.00000000      0.00000000      0.00000000</v>
  </separator>
  <separator name="orbital magnetization" >
   <i type="logical" name="NUCIND"> F  </i>
   <v name="MAGPOS">      0.00000000      0.00000000      0.00000000</v>
   <i type="logical" name="LNICSALL"> T  </i>
   <i type="logical" name="ORBITALMAG"> F  </i>
   <i type="logical" name="LMAGBLOCH"> F  </i>
   <i type="logical" name="LCHIMAG"> F  </i>
   <i type="logical" name="LGAUGE"> T  </i>
   <i type="int" name="MAGATOM">     0</i>
   <v name="MAGDIPOL">      0.00000000      0.00000000      0.00000000</v>
   <v name="AVECCONST">      0.00000000      0.00000000      0.00000000</v>
  </separator>
  <separator name="response functions" >
   <i type="logical" name="LADDER"> F  </i>
   <i type="logical" name="LRPAFORCE"> F  </i>
   <i type="logical" name="LFXC"> F  </i>
   <i type="logical" name="LHARTREE"> T  </i>
   <i type="int" name="IBSE">     0</i>
   <v type="int" name="KPOINT">    -1     0     0     0</v>
   <i type="logical" name="LTCTE"> F  </i>
   <i type="logical" name="LTETE"> F  </i>
   <i type="logical" name="LTRIPLET"> F  </i>
   <i type="logical" name="LFXCEPS"> F  </i>
   <i type="logical" name="LFXHEG"> F  </i>
   <i type="int" name="NATURALO">     2</i>
   <i type="logical" name="L2ORDER"> F  </i>
   <i type="logical" name="LMP2LT"> F  </i>
   <i type="logical" name="LUSEW"> F  </i>
   <i name="ENCUTGW">     -2.00000000</i>
   <i name="ENCUTGWSOFT">     -2.00000000</i>
   <i name="ENCUTLF">     -1.00000000</i>
   <i type="int" name="LMAXMP2">    -1</i>
   <i name="SCISSOR">      0.00000000</i>
   <i type="int" name="NOMEGA">     0</i>
   <i type="int" name="NOMEGAR">     0</i>
   <i type="int" name="NBANDSGW">    -1</i>
   <i type="int" name="NBANDSO">    -1</i>
   <i type="int" name="NBANDSV">    -1</i>
   <i type="int" name="NELM">     1</i>
   <i type="int" name="NELMHF">     1</i>
   <i type="int" name="DIM">     3</i>
   <i type="int" name="ANTIRES">     0</i>
   <i name="OMEGAMAX">    -30.00000000</i>
   <i name="OMEGAMIN">    -30.00000000</i>
   <i name="OMEGATL">   -200.00000000</i>
   <i type="int" name="OMEGAGRID">   140</i>
   <i name="CSHIFT">     -0.10000000</i>
   <i type="logical" name="SELFENERGY"> F  </i>
   <i type="logical" name="LSPECTRAL"> F  </i>
   <i type="logical" name="LSPECTRALGW"> F  </i>
   <i type="logical" name="LSINGLES"> F  </i>
   <i type="logical" name="LFERMIGW"> F  </i>
   <i type="logical" name="ODDONLYGW"> F  </i>
   <i type="logical" name="EVENONLYGW"> F  </i>
   <i type="int" name="NKREDLFX">     1</i>
   <i type="int" name="NKREDLFY">     1</i>
   <i type="int" name="NKREDLFZ">     1</i>
   <i type="int" name="MAXMEM">  2800</i>
   <i type="int" name="TELESCOPE">     0</i>
   <i type="int" name="TAUPAR">     1</i>
   <i type="int" name="OMEGAPAR">    -1</i>
   <i name="LAMBDA">      1.00000000</i>
  </separator>
  <separator name="External order field" >
   <i name="OFIELD_KAPPA">      0.00000000</i>
   <v name="OFIELD_K">      0.00000000      0.00000000      0.00000000</v>
   <i name="OFIELD_Q6_NEAR">      0.00000000</i>
   <i name="OFIELD_Q6_FAR">      0.00000000</i>
   <i name="OFIELD_A">      0.00000000</i>
  </separator>
 </parameters>
 <atominfo>
  <atoms>       2 </atoms>
  <types>       1 </types>
  <array name="atoms" >
   <dimension dim="1">ion</dimension>
   <field type="string">element</field>
   <field type="int">atomtype</field>
   <set>
    <rc><c>Si</c><c>   1</c></rc>
    <rc><c>Si</c><c>   1</c></rc>
   </set>
  </array>
  <array name="atomtypes" >
   <dimension dim="1">type</dimension>
   <field type="int">atomspertype</field>
   <field type="string">element</field>
   <field>mass</field>
   <field>valence</field>
   <field type="string">pseudopotential</field>
   <set>
    <rc><c>   2</c><c>Si</c><c>     28.08500000</c><c>      4.00000000</c><c>  PAW_PBE Si 05Jan2001                  </c></rc>
   </set>
  </array>
 </atominfo>
 <structure name="initialpos" >
  <crystal>
   <varray name="basis" >
    <v>       0.00000000       2.73482640       2.73482640 </v>
    <v>       2.73482640       0.00000000       2.73482640 </v>
    <v>       2.73482640       2.73482640       0.00000000 </v>
   </varray>
   <i name="volume">     40.90903976 </i>
   <varray name="rec_basis" >
    <v>      -0.18282696       0.18282696       0.18282696 </v>
    <v>       0.18282696      -0.18282696       0.18282696 </v>
    <v>       0.18282696       0.18282696      -0.18282696 </v>
   </varray>
  </crystal>
  <varray name="positions" >
   <v>       0.00000000       0.00000000       0.00000000 </v>
   <v>       0.25000000       0.25000000       0.25000000 </v>
  </varray>
 </structure>
 <calculation>
  <scstep>
   <time name="dav">    0.07    0.07</time>
   <time name="total">    0.10    0.10</time>
   <energy>
    <i name="alphaZ">      3.29151024 </i>
    <i name="ewald">   -226.90653073 </i>
    <i name="hartreedc">    -15.16924157 </i>
    <i name="XCdc">    -18.05459148 </i>
    <i name="pawpsdc">    964.17234474 </i>
    <i name="pawaedc">   -929.19709566 </i>
    <i name="eentropy">     -0.00000001 </i>
    <i name="bandstr">      4.91027713 </i>
    <i name="atom">    206.12349923 </i>
    <i name="e_fr_energy">    -10.82982811 </i>
    <i name="e_wo_entrp">    -10.82982810 </i>
    <i name="e_0_energy">    -10.82982810 </i>
   </energy>
  </scstep>
  <scstep>
   <time name="dav">    0.07    0.07</time>
   <time name="total">    0.09    0.09</time>
   <energy>
    <i name="alphaZ">      3.29151024 </i>
    <i name="ewald">   -226.90653073 </i>
    <i name="hartreedc">    -15.16924157 </i>
    <i name="XCdc">    -18.05459148 </i>
    <i name="pawpsdc">    964.17234426 </i>
    <i name="pawaedc">   -929.19709517 </i>
    <i name="eentropy">     -0.00000001 </i>
    <i name="bandstr">      4.91027713 </i>
    <i name="atom">    206.12349923 </i>
    <i name="e_fr_energy">    -10.82982811 </i>
    <i name="e_wo_entrp">    -10.82982810 </i>
    <i name="e_0_energy">    -10.82982810 </i>
   </energy>
  </scstep>
  <structure>
   <crystal>
    <varray name="basis" >
     <v>       0.00000000       2.73482640       2.73482640 </v>
     <v>       2.73482640       0.00000000       2.73482640 </v>
     <v>       2.73482640       2.73482640       0.00000000 </v>
    </varray>
    <i name="volume">     40.90903976 </i>
    <varray name="rec_basis" >
     <v>      -0.18282696       0.18282696       0.18282696 </v>
     <v>       0.18282696      -0.18282696       0.18282696 </v>
     <v>       0.18282696       0.18282696      -0.18282696 </v>
    </varray>
   </crystal>
   <varray name="positions" >
    <v>       0.00000000       0.00000000       0.00000000 </v>
    <v>       0.25000000       0.25000000       0.25000000 </v>
   </varray>
  </structure>
  <varray name="forces" >
   <v>      -0.00000000      -0.00000000      -0.00000000 </v>
   <v>       0.00000000       0.00000000       0.00000000 </v>
  </varray>
  <varray name="stress" >
   <v>      -2.22723379      -0.00000000      -0.00000000 </v>
   <v>       0.00000000      -2.22723379       0.00000000 </v>
   <v>      -0.00000000       0.00000000      -2.22723379 </v>
  </varray>
  <energy>
   <i name="e_fr_energy">    -10.82982811 </i>
   <i name="e_wo_entrp">    -10.82982810 </i>
   <i name="e_0_energy">     -0.00000001 </i>
  </energy>
  <time name="totalsc">    0.36    0.37</time>
  <eigenvalues>
   <array>
    <dimension dim="1">band</dimension>
    <dimension dim="2">kpoint</dimension>
    <dimension dim="3">spin</dimension>
    <field>eigene</field>
    <field>occ</field>
    <set>
     <set comment="spin 1">
      <set comment="kpoint 1">
       <r>   -6.2003    1.0000 </r>
       <r>    5.6230    1.0000 </r>
       <r>    5.6230    1.0000 </r>
       <r>    5.6230    1.0000 </r>
       <r>    8.1818    0.0000 </r>
       <r>    8.1818    0.0000 </r>
       <r>    8.1818    0.0000 </r>
       <r>    8.7394    0.0000 </r>
      </set>
      <set comment="kpoint 2">
       <r>   -6.0941    1.0000 </r>
       <r>    4.6342    1.0000 </r>
       <r>    5.4574    1.0000 </r>
       <r>    5.4574    1.0000 </r>
       <r>    8.1684    0.0000 </r>
       <r>    8.4237    0.0000 </r>
       <r>    8.4237    0.0000 </r>
       <r>    9.5671    0.0000 </r>
      </set>
      <set comment="kpoint 3">
       <r>   -5.7795    1.0000 </r>
       <r>    2.9710    1.0000 </r>
       <r>    5.1205    1.0000 </r>
       <r>    5.1206    1.0000 </r>
       <r>    7.8452    0.0000 </r>
       <r>    8.8918    0.0000 </r>
       <r>    8.8918    0.0000 </r>
       <r>   11.1656    0.0000 </r>
      </set>
      <set comment="kpoint 4">
       <r>   -5.2731    1.0000 </r>
       <r>    1.3321    1.0000 </r>
       <r>    4.8004    1.0000 </r>
       <r>    4.8004    1.0000 </r>
       <r>    7.4986    0.0000 </r>
       <r>    9.1482    0.0000 </r>
       <r>    9.1482    0.0000 </r>
       <r>   12.7331    0.0000 </r>
      </set>
      <set comment="kpoint 5">
       <r>   -4.6262    1.0000 </r>
       <r>   -0.1006    1.0000 </r>
       <r>    4.5706    1.0000 </r>
       <r>    4.5706    1.0000 </r>
       <r>    7.2418    0.0000 </r>
       <r>    9.1010    0.0000 </r>
       <r>    9.1010    0.0000 </r>
       <r>   13.4613    0.0000 </r>
      </set>
      <set comment="kpoint 6">
       <r>   -4.0315    1.0000 </r>
       <r>   -1.0964    1.0000 </r>
       <r>    4.4525    1.0000 </r>
       <r>    4.4525    1.0000 </r>
       <r>    7.1053    0.0000 </r>
       <r>    9.0009    0.0000 </r>
       <r>    9.0009    0.0000 </r>
       <r>   13.3456    0.0000 </r>
      </set>
      <set comment="kpoint 7">
       <r>   -6.0585    1.0000 </r>
       <r>    4.8001    1.0000 </r>
       <r>    5.1373    1.0000 </r>
       <r>    5.1374    1.0000 </r>
       <r>    7.8666    0.0000 </r>
       <r>    8.8396    0.0000 </r>
       <r>    8.8397    0.0000 </r>
       <r>    9.4917    0.0000 </r>
      </set>
      <set comment="kpoint 8">
       <r>   -5.8125    1.0000 </r>
       <r>    3.4577    1.0000 </r>
       <r>    4.7464    1.0000 </r>
       <r>    4.9195    1.0000 </r>
       <r>    7.8996    0.0000 </r>
       <r>    8.8599    0.0000 </r>
       <r>    9.4249    0.0000 </r>
       <r>   10.4880    0.0000 </r>
      </set>
      <set comment="kpoint 9">
       <r>   -5.3675    1.0000 </r>
       <r>    1.8580    1.0000 </r>
       <r>    4.4306    1.0000 </r>
       <r>    4.5499    1.0000 </r>
       <r>    8.0045    0.0000 </r>
       <r>    8.8692    0.0000 </r>
       <r>    9.7796    0.0000 </r>
       <r>   10.9640    0.0000 </r>
      </set>
      <set comment="kpoint 10">
       <r>   -4.7577    1.0000 </r>
       <r>    0.3722    1.0000 </r>
       <r>    4.1722    1.0000 </r>
       <r>    4.2449    1.0000 </r>
       <r>    7.8408    0.0000 </r>
       <r>    8.9304    0.0000 </r>
       <r>    9.7228    0.0000 </r>
       <r>   11.7325    0.0000 </r>
      </set>
      <set comment="kpoint 11">
       <r>   -4.1034    1.0000 </r>
       <r>   -0.7991    1.0000 </r>
       <r>    3.8779    1.0000 </r>
       <r>    4.2028    1.0000 </r>
       <r>    7.6951    0.0000 </r>
       <r>    8.9015    0.0000 </r>
       <r>    9.4946    0.0000 </r>
       <r>   12.9555    0.0000 </r>
      </set>
      <set comment="kpoint 12">
       <r>   -3.8413    1.0000 </r>
       <r>   -1.1912    1.0000 </r>
       <r>    3.7032    1.0000 </r>
       <r>    4.3021    1.0000 </r>
       <r>    7.6659    0.0000 </r>
       <r>    8.9613    0.0000 </r>
       <r>    9.3125    0.0000 </r>
       <r>   13.6495    0.0000 </r>
      </set>
      <set comment="kpoint 13">
       <r>   -4.3116    1.0000 </r>
       <r>   -0.4584    1.0000 </r>
       <r>    3.6694    1.0000 </r>
       <r>    4.5261    1.0000 </r>
       <r>    7.7641    0.0000 </r>
       <r>    9.1487    0.0000 </r>
       <r>    9.2330    0.0000 </r>
       <r>   13.3290    0.0000 </r>
      </set>
      <set comment="kpoint 14">
       <r>   -4.9766    1.0000 </r>
       <r>    0.8475    1.0000 </r>
       <r>    3.7921    1.0000 </r>
       <r>    4.8460    1.0000 </r>
       <r>    7.9792    0.0000 </r>
       <r>    9.1573    0.0000 </r>
       <r>    9.3544    0.0000 </r>
       <r>   12.2698    0.0000 </r>
      </set>
      <set comment="kpoint 15">
       <r>   -5.5377    1.0000 </r>
       <r>    2.3757    1.0000 </r>
       <r>    4.0883    1.0000 </r>
       <r>    5.2057    1.0000 </r>
       <r>    8.2739    0.0000 </r>
       <r>    8.8705    0.0000 </r>
       <r>    9.2201    0.0000 </r>
       <r>   11.3716    0.0000 </r>
      </set>
      <set comment="kpoint 16">
       <r>   -5.9181    1.0000 </r>
       <r>    3.8287    1.0000 </r>
       <r>    4.6485    1.0000 </r>
       <r>    5.4779    1.0000 </r>
       <r>    8.4733    0.0000 </r>
       <r>    8.5058    0.0000 </r>
       <r>    8.6373    0.0000 </r>
       <r>   10.4626    0.0000 </r>
      </set>
      <set comment="kpoint 17">
       <r>   -5.6353    1.0000 </r>
       <r>    3.2997    1.0000 </r>
       <r>    4.3194    1.0000 </r>
       <r>    4.3194    1.0000 </r>
       <r>    7.2293    0.0000 </r>
       <r>    9.6995    0.0000 </r>
       <r>   10.1717    0.0000 </r>
       <r>   10.1717    0.0000 </r>
      </set>
      <set comment="kpoint 18">
       <r>   -5.2551    1.0000 </r>
       <r>    2.1576    1.0000 </r>
       <r>    3.9031    1.0000 </r>
       <r>    3.9805    1.0000 </r>
       <r>    7.2811    0.0000 </r>
       <r>    9.3088    0.0000 </r>
       <r>   10.4577    0.0000 </r>
       <r>   10.7526    0.0000 </r>
      </set>
      <set comment="kpoint 19">
       <r>   -4.6948    1.0000 </r>
       <r>    0.8078    1.0000 </r>
       <r>    3.3760    1.0000 </r>
       <r>    3.7852    1.0000 </r>
       <r>    7.5167    0.0000 </r>
       <r>    9.6646    0.0000 </r>
       <r>   10.2576    0.0000 </r>
       <r>   10.8421    0.0000 </r>
      </set>
      <set comment="kpoint 20">
       <r>   -4.0288    1.0000 </r>
       <r>   -0.4080    1.0000 </r>
       <r>    2.9051    1.0000 </r>
       <r>    3.7521    1.0000 </r>
       <r>    7.5555    0.0000 </r>
       <r>   10.0230    0.0000 </r>
       <r>   10.5971    0.0000 </r>
       <r>   10.8750    0.0000 </r>
      </set>
      <set comment="kpoint 21">
       <r>   -3.5587    1.0000 </r>
       <r>   -1.1017    1.0000 </r>
       <r>    2.5749    1.0000 </r>
       <r>    3.8800    1.0000 </r>
       <r>    7.6517    0.0000 </r>
       <r>    9.8993    0.0000 </r>
       <r>   10.3104    0.0000 </r>
       <r>   12.4838    0.0000 </r>
      </set>
      <set comment="kpoint 22">
       <r>   -3.8365    1.0000 </r>
       <r>   -0.6996    1.0000 </r>
       <r>    2.4261    1.0000 </r>
       <r>    4.1533    1.0000 </r>
       <r>    7.8946    0.0000 </r>
       <r>    9.8943    0.0000 </r>
       <r>   10.0854    0.0000 </r>
       <r>   13.2878    0.0000 </r>
      </set>
      <set comment="kpoint 23">
       <r>   -4.4934    1.0000 </r>
       <r>    0.3959    1.0000 </r>
       <r>    2.5111    1.0000 </r>
       <r>    4.5343    1.0000 </r>
       <r>    8.2496    0.0000 </r>
       <r>    9.8360    0.0000 </r>
       <r>    9.9531    0.0000 </r>
       <r>   11.8994    0.0000 </r>
      </set>
      <set comment="kpoint 24">
       <r>   -5.0982    1.0000 </r>
       <r>    1.5688    1.0000 </r>
       <r>    2.9905    1.0000 </r>
       <r>    4.9416    1.0000 </r>
       <r>    8.5612    0.0000 </r>
       <r>    9.3455    0.0000 </r>
       <r>    9.6416    0.0000 </r>
       <r>   11.2287    0.0000 </r>
      </set>
      <set comment="kpoint 25">
       <r>   -4.9394    1.0000 </r>
       <r>    1.6935    1.0000 </r>
       <r>    3.6082    1.0000 </r>
       <r>    3.6082    1.0000 </r>
       <r>    6.6487    0.0000 </r>
       <r>    8.4437    0.0000 </r>
       <r>   11.7197    0.0000 </r>
       <r>   11.7197    0.0000 </r>
      </set>
      <set comment="kpoint 26">
       <r>   -4.4351    1.0000 </r>
       <r>    0.7519    1.0000 </r>
       <r>    3.0800    1.0000 </r>
       <r>    3.3788    1.0000 </r>
       <r>    6.7812    0.0000 </r>
       <r>    8.1570    0.0000 </r>
       <r>   11.9974    0.0000 </r>
       <r>   12.1894    0.0000 </r>
      </set>
      <set comment="kpoint 27">
       <r>   -3.7880    1.0000 </r>
       <r>   -0.2605    1.0000 </r>
       <r>    2.3655    1.0000 </r>
       <r>    3.3174    1.0000 </r>
       <r>    6.9834    0.0000 </r>
       <r>    8.8957    0.0000 </r>
       <r>   11.8320    0.0000 </r>
       <r>   12.0620    0.0000 </r>
      </set>
      <set comment="kpoint 28">
       <r>   -3.1881    1.0000 </r>
       <r>   -1.0460    1.0000 </r>
       <r>    1.8025    1.0000 </r>
       <r>    3.4278    1.0000 </r>
       <r>    7.1165    0.0000 </r>
       <r>   10.3613    0.0000 </r>
       <r>   11.6589    0.0000 </r>
       <r>   11.7377    0.0000 </r>
      </set>
      <set comment="kpoint 29">
       <r>   -3.2440    1.0000 </r>
       <r>   -0.9675    1.0000 </r>
       <r>    1.5238    1.0000 </r>
       <r>    3.6976    1.0000 </r>
       <r>    7.3998    0.0000 </r>
       <r>   11.3837    0.0000 </r>
       <r>   11.4107    0.0000 </r>
       <r>   12.2828    0.0000 </r>
      </set>
      <set comment="kpoint 30">
       <r>   -3.8651    1.0000 </r>
       <r>   -0.2213    1.0000 </r>
       <r>    1.6834    1.0000 </r>
       <r>    4.0931    1.0000 </r>
       <r>    7.8325    0.0000 </r>
       <r>   10.7834    0.0000 </r>
       <r>   11.1412    0.0000 </r>
       <r>   11.9411    0.0000 </r>
      </set>
      <set comment="kpoint 31">
       <r>   -3.9863    1.0000 </r>
       <r>    0.0967    1.0000 </r>
       <r>    3.1077    1.0000 </r>
       <r>    3.1077    1.0000 </r>
       <r>    6.3005    0.0000 </r>
       <r>    7.3218    0.0000 </r>
       <r>   13.3656    0.0000 </r>
       <r>   13.3656    0.0000 </r>
      </set>
      <set comment="kpoint 32">
       <r>   -3.3751    1.0000 </r>
       <r>   -0.7060    1.0000 </r>
       <r>    2.5850    1.0000 </r>
       <r>    3.0036    1.0000 </r>
       <r>    6.5101    0.0000 </r>
       <r>    7.3301    0.0000 </r>
       <r>   13.6845    0.0000 </r>
       <r>   13.6969    0.0000 </r>
      </set>
      <set comment="kpoint 33">
       <r>   -2.7149    1.0000 </r>
       <r>   -1.4114    1.0000 </r>
       <r>    1.8243    1.0000 </r>
       <r>    3.0756    1.0000 </r>
       <r>    6.6804    0.0000 </r>
       <r>    8.4962    0.0000 </r>
       <r>   13.4161    0.0000 </r>
       <r>   13.5473    0.0000 </r>
      </set>
      <set comment="kpoint 34">
       <r>   -2.6552    1.0000 </r>
       <r>   -1.4404    1.0000 </r>
       <r>    1.3500    1.0000 </r>
       <r>    3.3158    1.0000 </r>
       <r>    6.9528    0.0000 </r>
       <r>   10.2020    0.0000 </r>
       <r>   12.7367    0.0000 </r>
       <r>   13.2783    0.0000 </r>
      </set>
      <set comment="kpoint 35">
       <r>   -2.8009    1.0000 </r>
       <r>   -1.4223    1.0000 </r>
       <r>    2.8519    1.0000 </r>
       <r>    2.8519    1.0000 </r>
       <r>    6.2655    0.0000 </r>
       <r>    6.5937    0.0000 </r>
       <r>   15.0295    0.0000 </r>
       <r>   15.0296    0.0000 </r>
      </set>
      <set comment="kpoint 36">
       <r>   -2.1676    1.0000 </r>
       <r>   -2.0556    1.0000 </r>
       <r>    2.4221    1.0000 </r>
       <r>    2.8771    1.0000 </r>
       <r>    6.4474    0.0000 </r>
       <r>    7.0208    0.0000 </r>
       <r>   14.9486    0.0000 </r>
       <r>   15.1734    0.0000 </r>
      </set>
      <set comment="kpoint 37">
       <r>   -5.4999    1.0000 </r>
       <r>    2.6003    1.0000 </r>
       <r>    3.8218    1.0000 </r>
       <r>    4.8078    1.0000 </r>
       <r>    7.9587    0.0000 </r>
       <r>    9.1740    0.0000 </r>
       <r>    9.9676    0.0000 </r>
       <r>   10.3941    0.0000 </r>
      </set>
      <set comment="kpoint 38">
       <r>   -4.9963    1.0000 </r>
       <r>    1.2996    1.0000 </r>
       <r>    3.2638    1.0000 </r>
       <r>    4.4939    1.0000 </r>
       <r>    8.2631    0.0000 </r>
       <r>    9.1400    0.0000 </r>
       <r>   10.3000    0.0000 </r>
       <r>   10.5127    0.0000 </r>
      </set>
      <set comment="kpoint 39">
       <r>   -4.3510    1.0000 </r>
       <r>   -0.0209    1.0000 </r>
       <r>    3.0060    1.0000 </r>
       <r>    4.1566    1.0000 </r>
       <r>    8.2864    0.0000 </r>
       <r>    8.9678    0.0000 </r>
       <r>   10.3949    0.0000 </r>
       <r>   11.3447    0.0000 </r>
      </set>
      <set comment="kpoint 40">
       <r>   -3.7511    1.0000 </r>
       <r>   -0.9823    1.0000 </r>
       <r>    2.9052    1.0000 </r>
       <r>    3.9500    1.0000 </r>
       <r>    8.2528    0.0000 </r>
       <r>    8.7809    0.0000 </r>
       <r>   10.3325    0.0000 </r>
       <r>   12.7904    0.0000 </r>
      </set>
      <set comment="kpoint 41">
       <r>   -4.8139    1.0000 </r>
       <r>    1.3184    1.0000 </r>
       <r>    3.1169    1.0000 </r>
       <r>    3.8196    1.0000 </r>
       <r>    7.4064    0.0000 </r>
       <r>    8.9326    0.0000 </r>
       <r>   10.5682    0.0000 </r>
       <r>   11.6057    0.0000 </r>
      </set>
      <set comment="kpoint 42">
       <r>   -4.2079    1.0000 </r>
       <r>    0.2548    1.0000 </r>
       <r>    2.5485    1.0000 </r>
       <r>    3.5127    1.0000 </r>
       <r>    7.7660    0.0000 </r>
       <r>    9.3406    0.0000 </r>
       <r>   10.2535    0.0000 </r>
       <r>   11.9955    0.0000 </r>
      </set>
      <set comment="kpoint 43">
       <r>   -3.5491    1.0000 </r>
       <r>   -0.7347    1.0000 </r>
       <r>    2.1670    1.0000 </r>
       <r>    3.3607    1.0000 </r>
       <r>    7.8994    0.0000 </r>
       <r>    9.8754    0.0000 </r>
       <r>   10.6827    0.0000 </r>
       <r>   11.9520    0.0000 </r>
      </set>
      <set comment="kpoint 44">
       <r>   -3.2896    1.0000 </r>
       <r>   -1.0755    1.0000 </r>
       <r>    1.9409    1.0000 </r>
       <r>    3.4479    1.0000 </r>
       <r>    8.1067    0.0000 </r>
       <r>    9.6108    0.0000 </r>
       <r>   11.8350    0.0000 </r>
       <r>   12.3574    0.0000 </r>
      </set>
      <set comment="kpoint 45">
       <r>   -3.7840    1.0000 </r>
       <r>   -0.4016    1.0000 </r>
       <r>    1.9337    1.0000 </r>
       <r>    3.7378    1.0000 </r>
       <r>    8.4605    0.0000 </r>
       <r>    9.4241    0.0000 </r>
       <r>   11.1342    0.0000 </r>
       <r>   11.7765    0.0000 </r>
      </set>
      <set comment="kpoint 46">
       <r>   -4.4460    1.0000 </r>
       <r>    0.5640    1.0000 </r>
       <r>    2.3079    1.0000 </r>
       <r>    4.1442    1.0000 </r>
       <r>    8.8835    0.0000 </r>
       <r>    9.0079    0.0000 </r>
       <r>   10.2668    0.0000 </r>
       <r>   11.3175    0.0000 </r>
      </set>
      <set comment="kpoint 47">
       <r>   -3.8794    1.0000 </r>
       <r>   -0.0380    1.0000 </r>
       <r>    2.6484    1.0000 </r>
       <r>    3.0340    1.0000 </r>
       <r>    7.0571    0.0000 </r>
       <r>    7.9131    0.0000 </r>
       <r>   11.9352    0.0000 </r>
       <r>   13.3338    0.0000 </r>
      </set>
      <set comment="kpoint 48">
       <r>   -3.2118    1.0000 </r>
       <r>   -0.8484    1.0000 </r>
       <r>    2.0189    1.0000 </r>
       <r>    2.8591    1.0000 </r>
       <r>    7.4023    0.0000 </r>
       <r>    8.7136    0.0000 </r>
       <r>   11.5862    0.0000 </r>
       <r>   13.6892    0.0000 </r>
      </set>
      <set comment="kpoint 49">
       <r>   -2.7543    1.0000 </r>
       <r>   -1.3369    1.0000 </r>
       <r>    1.5087    1.0000 </r>
       <r>    2.9728    1.0000 </r>
       <r>    7.6141    0.0000 </r>
       <r>   10.2719    0.0000 </r>
       <r>   11.2849    0.0000 </r>
       <r>   12.8703    0.0000 </r>
      </set>
      <set comment="kpoint 50">
       <r>   -3.1335    1.0000 </r>
       <r>   -0.9424    1.0000 </r>
       <r>    1.4063    1.0000 </r>
       <r>    3.2903    1.0000 </r>
       <r>    7.9789    0.0000 </r>
       <r>   10.6776    0.0000 </r>
       <r>   11.3985    0.0000 </r>
       <r>   12.2884    0.0000 </r>
      </set>
      <set comment="kpoint 51">
       <r>   -2.7297    1.0000 </r>
       <r>   -1.4209    1.0000 </r>
       <r>    2.4603    1.0000 </r>
       <r>    2.5804    1.0000 </r>
       <r>    6.9932    0.0000 </r>
       <r>    7.2650    0.0000 </r>
       <r>   13.4528    0.0000 </r>
       <r>   14.8306    0.0000 </r>
      </set>
      <set comment="kpoint 52">
       <r>   -2.2364    1.0000 </r>
       <r>   -1.8598    1.0000 </r>
       <r>    1.8162    1.0000 </r>
       <r>    2.6513    1.0000 </r>
       <r>    7.2723    0.0000 </r>
       <r>    8.5074    0.0000 </r>
       <r>   13.0042    0.0000 </r>
       <r>   13.2324    0.0000 </r>
      </set>
      <set comment="kpoint 53">
       <r>   -3.5760    1.0000 </r>
       <r>   -0.4251    1.0000 </r>
       <r>    1.9068    1.0000 </r>
       <r>    3.0582    1.0000 </r>
       <r>    8.6943    0.0000 </r>
       <r>    9.3506    0.0000 </r>
       <r>    9.8788    0.0000 </r>
       <r>   13.2336    0.0000 </r>
      </set>
      <set comment="kpoint 54">
       <r>   -2.9545    1.0000 </r>
       <r>   -1.1142    1.0000 </r>
       <r>    1.6312    1.0000 </r>
       <r>    2.7448    1.0000 </r>
       <r>    9.0715    0.0000 </r>
       <r>    9.4150    0.0000 </r>
       <r>   10.6741    0.0000 </r>
       <r>   12.5212    0.0000 </r>
      </set>
      <set comment="kpoint 55">
       <r>   -2.5494    1.0000 </r>
       <r>   -1.4656    1.0000 </r>
       <r>    1.8597    1.0000 </r>
       <r>    2.2361    1.0000 </r>
       <r>    8.6174    0.0000 </r>
       <r>    8.8277    0.0000 </r>
       <r>   11.1805    0.0000 </r>
       <r>   12.7559    0.0000 </r>
      </set>
      <set comment="kpoint 56">
       <r>   -2.3549    1.0000 </r>
       <r>   -1.6272    1.0000 </r>
       <r>    1.5869    1.0000 </r>
       <r>    2.2717    1.0000 </r>
       <r>    8.9653    0.0000 </r>
       <r>   10.2467    0.0000 </r>
       <r>   10.9451    0.0000 </r>
       <r>   10.9587    0.0000 </r>
      </set>
     </set>
    </set>
   </array>
  </eigenvalues>
  <separator name="orbital magnetization" >
   <v name="MAGDIPOLOUT">      0.00000000      0.00000000      0.00000000</v>
  </separator>
  <dos>
   <i name="efermi">      5.93850694 </i>
   <total>
    <array>
     <dimension dim="1">gridpoints</dimension>
     <dimension dim="2">spin</dimension>
     <field>energy</field>
     <field>total</field>
     <field>integrated</field>
     <set>
      <set comment="spin 1">
       <r>    -7.2690     0.0000     0.0000 </r>
       <r>    -7.1906     0.0000     0.0000 </r>
       <r>    -7.1122     0.0000     0.0000 </r>
       <r>    -7.0339     0.0000     0.0000 </r>
       <r>    -6.9555     0.0000     0.0000 </r>
       <r>    -6.8771     0.0000     0.0000 </r>
       <r>    -6.7988     0.0000     0.0000 </r>
       <r>    -6.7204     0.0000     0.0000 </r>
       <r>    -6.6420     0.0000     0.0000 </r>
       <r>    -6.5637     0.0000     0.0000 </r>
       <r>    -6.4853     0.0000     0.0000 </r>
       <r>    -6.4069     0.0000     0.0000 </r>
       <r>    -6.3285     0.0007     0.0001 </r>
       <r>    -6.2502     0.0063     0.0006 </r>
       <r>    -6.1718     0.0326     0.0031 </r>
       <r>    -6.0934     0.0927     0.0104 </r>
       <r>    -6.0151     0.1244     0.0201 </r>
       <r>    -5.9367     0.1351     0.0307 </r>
       <r>    -5.8583     0.2188     0.0479 </r>
       <r>    -5.7800     0.2914     0.0707 </r>
       <r>    -5.7016     0.2069     0.0869 </r>
       <r>    -5.6232     0.1545     0.0990 </r>
       <r>    -5.5448     0.3061     0.1230 </r>
       <r>    -5.4665     0.4155     0.1556 </r>
       <r>    -5.3881     0.3463     0.1827 </r>
       <r>    -5.3097     0.3460     0.2098 </r>
       <r>    -5.2314     0.3456     0.2369 </r>
       <r>    -5.1530     0.2414     0.2558 </r>
       <r>    -5.0746     0.2829     0.2780 </r>
       <r>    -4.9963     0.5728     0.3229 </r>
       <r>    -4.9179     0.6226     0.3717 </r>
       <r>    -4.8395     0.4211     0.4047 </r>
       <r>    -4.7611     0.4612     0.4408 </r>
       <r>    -4.6828     0.4754     0.4781 </r>
       <r>    -4.6044     0.3237     0.5035 </r>
       <r>    -4.5260     0.3191     0.5285 </r>
       <r>    -4.4477     0.6114     0.5764 </r>
       <r>    -4.3693     0.8341     0.6418 </r>
       <r>    -4.2909     0.8082     0.7051 </r>
       <r>    -4.2126     0.6702     0.7576 </r>
       <r>    -4.1342     0.5707     0.8023 </r>
       <r>    -4.0558     0.5147     0.8427 </r>
       <r>    -3.9774     0.4854     0.8807 </r>
       <r>    -3.8991     0.6238     0.9296 </r>
       <r>    -3.8207     1.1710     1.0214 </r>
       <r>    -3.7423     1.3671     1.1285 </r>
       <r>    -3.6640     0.8429     1.1946 </r>
       <r>    -3.5856     0.6726     1.2473 </r>
       <r>    -3.5072     0.7830     1.3087 </r>
       <r>    -3.4289     0.4873     1.3468 </r>
       <r>    -3.3505     0.4637     1.3832 </r>
       <r>    -3.2721     0.8551     1.4502 </r>
       <r>    -3.1937     1.1247     1.5384 </r>
       <r>    -3.1154     0.8294     1.6033 </r>
       <r>    -3.0370     0.4023     1.6349 </r>
       <r>    -2.9586     0.3811     1.6647 </r>
       <r>    -2.8803     0.4080     1.6967 </r>
       <r>    -2.8019     0.4720     1.7337 </r>
       <r>    -2.7235     0.8106     1.7972 </r>
       <r>    -2.6452     0.7291     1.8544 </r>
       <r>    -2.5668     0.3924     1.8851 </r>
       <r>    -2.4884     0.2370     1.9037 </r>
       <r>    -2.4100     0.1706     1.9171 </r>
       <r>    -2.3317     0.2399     1.9359 </r>
       <r>    -2.2533     0.3064     1.9599 </r>
       <r>    -2.1749     0.3067     1.9839 </r>
       <r>    -2.0966     0.2226     2.0014 </r>
       <r>    -2.0182     0.1452     2.0128 </r>
       <r>    -1.9398     0.1148     2.0218 </r>
       <r>    -1.8615     0.1779     2.0357 </r>
       <r>    -1.7831     0.1772     2.0496 </r>
       <r>    -1.7047     0.1142     2.0585 </r>
       <r>    -1.6263     0.1835     2.0729 </r>
       <r>    -1.5480     0.2652     2.0937 </r>
       <r>    -1.4696     0.5110     2.1337 </r>
       <r>    -1.3912     0.8787     2.2026 </r>
       <r>    -1.3129     0.8074     2.2659 </r>
       <r>    -1.2345     0.5262     2.3071 </r>
       <r>    -1.1561     0.7300     2.3643 </r>
       <r>    -1.0778     1.3287     2.4685 </r>
       <r>    -0.9994     1.4852     2.5848 </r>
       <r>    -0.9210     1.2053     2.6793 </r>
       <r>    -0.8426     0.9600     2.7545 </r>
       <r>    -0.7643     0.9968     2.8327 </r>
       <r>    -0.6859     0.9744     2.9090 </r>
       <r>    -0.6075     0.5296     2.9505 </r>
       <r>    -0.5292     0.2539     2.9704 </r>
       <r>    -0.4508     0.6156     3.0187 </r>
       <r>    -0.3724     0.9543     3.0935 </r>
       <r>    -0.2941     0.6597     3.1452 </r>
       <r>    -0.2157     0.3899     3.1757 </r>
       <r>    -0.1373     0.3049     3.1996 </r>
       <r>    -0.0589     0.4740     3.2368 </r>
       <r>     0.0194     0.6285     3.2860 </r>
       <r>     0.0978     0.3627     3.3144 </r>
       <r>     0.1762     0.2066     3.3306 </r>
       <r>     0.2545     0.3837     3.3607 </r>
       <r>     0.3329     0.5257     3.4019 </r>
       <r>     0.4113     0.4958     3.4408 </r>
       <r>     0.4897     0.3315     3.4667 </r>
       <r>     0.5680     0.2358     3.4852 </r>
       <r>     0.6464     0.2033     3.5012 </r>
       <r>     0.7248     0.2492     3.5207 </r>
       <r>     0.8031     0.4618     3.5569 </r>
       <r>     0.8815     0.4594     3.5929 </r>
       <r>     0.9599     0.1951     3.6082 </r>
       <r>     1.0382     0.0320     3.6107 </r>
       <r>     1.1166     0.0075     3.6113 </r>
       <r>     1.1950     0.0848     3.6179 </r>
       <r>     1.2734     0.4345     3.6520 </r>
       <r>     1.3517     0.8249     3.7166 </r>
       <r>     1.4301     0.7856     3.7782 </r>
       <r>     1.5085     0.8442     3.8443 </r>
       <r>     1.5868     1.0535     3.9269 </r>
       <r>     1.6652     0.9472     4.0011 </r>
       <r>     1.7436     0.7265     4.0581 </r>
       <r>     1.8219     1.0164     4.1377 </r>
       <r>     1.9003     1.5336     4.2579 </r>
       <r>     1.9787     1.5319     4.3780 </r>
       <r>     2.0571     1.0222     4.4581 </r>
       <r>     2.1354     0.7472     4.5166 </r>
       <r>     2.2138     0.8937     4.5867 </r>
       <r>     2.2922     0.9454     4.6608 </r>
       <r>     2.3705     0.9848     4.7379 </r>
       <r>     2.4489     1.0952     4.8238 </r>
       <r>     2.5273     1.3403     4.9288 </r>
       <r>     2.6056     1.6254     5.0562 </r>
       <r>     2.6840     1.3308     5.1605 </r>
       <r>     2.7624     0.9146     5.2322 </r>
       <r>     2.8408     1.0437     5.3140 </r>
       <r>     2.9191     1.6116     5.4403 </r>
       <r>     2.9975     2.0438     5.6005 </r>
       <r>     3.0759     1.9651     5.7545 </r>
       <r>     3.1542     1.2616     5.8533 </r>
       <r>     3.2326     0.8397     5.9191 </r>
       <r>     3.3110     1.2934     6.0205 </r>
       <r>     3.3893     1.7649     6.1588 </r>
       <r>     3.4677     1.6910     6.2913 </r>
       <r>     3.5461     1.1645     6.3826 </r>
       <r>     3.6245     0.7738     6.4432 </r>
       <r>     3.7028     1.1512     6.5334 </r>
       <r>     3.7812     1.7382     6.6697 </r>
       <r>     3.8596     1.7964     6.8105 </r>
       <r>     3.9379     1.4833     6.9267 </r>
       <r>     4.0163     1.0588     7.0097 </r>
       <r>     4.0947     0.9916     7.0874 </r>
       <r>     4.1730     1.4136     7.1982 </r>
       <r>     4.2514     1.3051     7.3005 </r>
       <r>     4.3298     0.7954     7.3628 </r>
       <r>     4.4082     0.6386     7.4128 </r>
       <r>     4.4865     1.0135     7.4923 </r>
       <r>     4.5649     1.2490     7.5902 </r>
       <r>     4.6433     0.8415     7.6561 </r>
       <r>     4.7216     0.5348     7.6980 </r>
       <r>     4.8000     0.6859     7.7518 </r>
       <r>     4.8784     0.7644     7.8117 </r>
       <r>     4.9567     0.5415     7.8541 </r>
       <r>     5.0351     0.2786     7.8759 </r>
       <r>     5.1135     0.2585     7.8962 </r>
       <r>     5.1919     0.3655     7.9248 </r>
       <r>     5.2702     0.2709     7.9461 </r>
       <r>     5.3486     0.1100     7.9547 </r>
       <r>     5.4270     0.1400     7.9657 </r>
       <r>     5.5053     0.2267     7.9834 </r>
       <r>     5.5837     0.1437     7.9947 </r>
       <r>     5.6621     0.0494     7.9986 </r>
       <r>     5.7404     0.0155     7.9998 </r>
       <r>     5.8188     0.0027     8.0000 </r>
       <r>     5.8972     0.0002     8.0000 </r>
       <r>     5.9756     0.0000     8.0000 </r>
       <r>     6.0539     0.0002     8.0000 </r>
       <r>     6.1323     0.0042     8.0003 </r>
       <r>     6.2107     0.0326     8.0029 </r>
       <r>     6.2890     0.0889     8.0099 </r>
       <r>     6.3674     0.1156     8.0189 </r>
       <r>     6.4458     0.1848     8.0334 </r>
       <r>     6.5241     0.2978     8.0567 </r>
       <r>     6.6025     0.3068     8.0808 </r>
       <r>     6.6809     0.3333     8.1069 </r>
       <r>     6.7593     0.3529     8.1346 </r>
       <r>     6.8376     0.2784     8.1564 </r>
       <r>     6.9160     0.3012     8.1800 </r>
       <r>     6.9944     0.6276     8.2292 </r>
       <r>     7.0727     0.8057     8.2923 </r>
       <r>     7.1511     0.6459     8.3429 </r>
       <r>     7.2295     0.6712     8.3955 </r>
       <r>     7.3079     1.0423     8.4772 </r>
       <r>     7.3862     1.2384     8.5743 </r>
       <r>     7.4646     1.1091     8.6612 </r>
       <r>     7.5430     0.9161     8.7330 </r>
       <r>     7.6213     1.0604     8.8161 </r>
       <r>     7.6997     1.2273     8.9123 </r>
       <r>     7.7781     1.2796     9.0126 </r>
       <r>     7.8564     1.5218     9.1318 </r>
       <r>     7.9348     1.8206     9.2745 </r>
       <r>     8.0132     1.5417     9.3953 </r>
       <r>     8.0916     1.0351     9.4765 </r>
       <r>     8.1699     1.0480     9.5586 </r>
       <r>     8.2483     1.5402     9.6793 </r>
       <r>     8.3267     1.6166     9.8060 </r>
       <r>     8.4050     1.0678     9.8897 </r>
       <r>     8.4834     1.1353     9.9786 </r>
       <r>     8.5618     1.1307    10.0672 </r>
       <r>     8.6401     0.8973    10.1376 </r>
       <r>     8.7185     1.0524    10.2200 </r>
       <r>     8.7969     1.4529    10.3339 </r>
       <r>     8.8753     2.1505    10.5024 </r>
       <r>     8.9536     2.5929    10.7056 </r>
       <r>     9.0320     2.1659    10.8754 </r>
       <r>     9.1104     1.7889    11.0156 </r>
       <r>     9.1887     1.7930    11.1561 </r>
       <r>     9.2671     1.5984    11.2814 </r>
       <r>     9.3455     1.7997    11.4224 </r>
       <r>     9.4238     1.9962    11.5789 </r>
       <r>     9.5022     1.4381    11.6916 </r>
       <r>     9.5806     0.9039    11.7624 </r>
       <r>     9.6590     0.8992    11.8329 </r>
       <r>     9.7373     0.8780    11.9017 </r>
       <r>     9.8157     0.9849    11.9789 </r>
       <r>     9.8941     1.4045    12.0889 </r>
       <r>     9.9724     1.3655    12.1960 </r>
       <r>    10.0508     0.8754    12.2646 </r>
       <r>    10.1292     0.6272    12.3137 </r>
       <r>    10.2075     1.1169    12.4012 </r>
       <r>    10.2859     2.2607    12.5784 </r>
       <r>    10.3643     2.5415    12.7776 </r>
       <r>    10.4427     1.9177    12.9279 </r>
       <r>    10.5210     1.4566    13.0420 </r>
       <r>    10.5994     1.2582    13.1406 </r>
       <r>    10.6778     1.3440    13.2460 </r>
       <r>    10.7561     1.2421    13.3433 </r>
       <r>    10.8345     0.8729    13.4117 </r>
       <r>    10.9129     0.8152    13.4756 </r>
       <r>    10.9912     0.7940    13.5378 </r>
       <r>    11.0696     0.6015    13.5850 </r>
       <r>    11.1480     0.7524    13.6439 </r>
       <r>    11.2264     0.9884    13.7214 </r>
       <r>    11.3047     1.2560    13.8198 </r>
       <r>    11.3831     1.5385    13.9404 </r>
       <r>    11.4615     1.1131    14.0276 </r>
       <r>    11.5398     0.6207    14.0763 </r>
       <r>    11.6182     0.7851    14.1378 </r>
       <r>    11.6966     1.0278    14.2184 </r>
       <r>    11.7749     1.2949    14.3199 </r>
       <r>    11.8533     1.4660    14.4347 </r>
       <r>    11.9317     1.5407    14.5555 </r>
       <r>    12.0101     1.5226    14.6748 </r>
       <r>    12.0884     0.9706    14.7509 </r>
       <r>    12.1668     0.5008    14.7901 </r>
       <r>    12.2452     0.6316    14.8396 </r>
       <r>    12.3235     0.9114    14.9111 </r>
       <r>    12.4019     0.8049    14.9741 </r>
       <r>    12.4803     0.6441    15.0246 </r>
       <r>    12.5586     0.6026    15.0718 </r>
       <r>    12.6370     0.3528    15.0995 </r>
       <r>    12.7154     0.4093    15.1316 </r>
       <r>    12.7938     0.8180    15.1957 </r>
       <r>    12.8721     0.9147    15.2673 </r>
       <r>    12.9505     0.7183    15.3236 </r>
       <r>    13.0289     0.4849    15.3616 </r>
       <r>    13.1072     0.2447    15.3808 </r>
       <r>    13.1856     0.3075    15.4049 </r>
       <r>    13.2640     0.7782    15.4659 </r>
       <r>    13.3423     1.1061    15.5526 </r>
       <r>    13.4207     0.9861    15.6299 </r>
       <r>    13.4991     0.7025    15.6849 </r>
       <r>    13.5775     0.5578    15.7286 </r>
       <r>    13.6558     0.8073    15.7919 </r>
       <r>    13.7342     0.9598    15.8671 </r>
       <r>    13.8126     0.4632    15.9034 </r>
       <r>    13.8909     0.0774    15.9095 </r>
       <r>    13.9693     0.0043    15.9098 </r>
       <r>    14.0477     0.0001    15.9098 </r>
       <r>    14.1261     0.0000    15.9098 </r>
       <r>    14.2044     0.0000    15.9098 </r>
       <r>    14.2828     0.0000    15.9098 </r>
       <r>    14.3612     0.0000    15.9098 </r>
       <r>    14.4395     0.0000    15.9098 </r>
       <r>    14.5179     0.0000    15.9098 </r>
       <r>    14.5963     0.0002    15.9099 </r>
       <r>    14.6746     0.0061    15.9103 </r>
       <r>    14.7530     0.0570    15.9148 </r>
       <r>    14.8314     0.1805    15.9290 </r>
       <r>    14.9098     0.2333    15.9472 </r>
       <r>    14.9881     0.2061    15.9634 </r>
       <r>    15.0665     0.1718    15.9769 </r>
       <r>    15.1449     0.1319    15.9872 </r>
       <r>    15.2232     0.1075    15.9956 </r>
       <r>    15.3016     0.0480    15.9994 </r>
       <r>    15.3800     0.0076    16.0000 </r>
       <r>    15.4583     0.0004    16.0000 </r>
       <r>    15.5367     0.0000    16.0000 </r>
       <r>    15.6151     0.0000    16.0000 </r>
       <r>    15.6935     0.0000    16.0000 </r>
       <r>    15.7718     0.0000    16.0000 </r>
       <r>    15.8502     0.0000    16.0000 </r>
       <r>    15.9286     0.0000    16.0000 </r>
       <r>    16.0069     0.0000    16.0000 </r>
       <r>    16.0853     0.0000    16.0000 </r>
       <r>    16.1637     0.0000    16.0000 </r>
       <r>    16.2420     0.0000    16.0000 </r>
      </set>
     </set>
    </array>
   </total>
  </dos>
 </calculation>
 <structure name="finalpos" >
  <crystal>
   <varray name="basis" >
    <v>       0.00000000       2.73482640       2.73482640 </v>
    <v>       2.73482640       0.00000000       2.73482640 </v>
    <v>       2.73482640       2.73482640       0.00000000 </v>
   </varray>
   <i name="volume">     40.90903976 </i>
   <varray name="rec_basis" >
    <v>      -0.18282696       0.18282696       0.18282696 </v>
    <v>       0.18282696      -0.18282696       0.18282696 </v>
    <v>       0.18282696       0.18282696      -0.18282696 </v>
   </varray>
  </crystal>
  <varray name="positions" >
   <v>       0.00000000       0.00000000       0.00000000 </v>
   <v>       0.25000000       0.25000000       0.25000000 </v>
  </varray>
 </structure>
</modeling>
