<?xml version="1.0" encoding="ISO-8859-1"?>
<modeling>
 <generator>
  <i name="program" type="string">vasp </i>
  <i name="version" type="string">5.4.1  </i>
  <i name="subversion" type="string">24Jun15 (build Nov 17 2017 15:00:32) complex                          serial </i>
  <i name="platform" type="string">unknown </i>
  <i name="date" type="string">2018 11 19 </i>
  <i name="time" type="string">13:28:24 </i>
 </generator>
 <incar>
  <i type="string" name="PREC">normal</i>
  <i type="int" name="ICHARG">    11</i>
  <i name="ENCUT">    300.00000000</i>
  <i type="int" name="ISMEAR">     0</i>
  <i name="SIGMA">      0.10000000</i>
  <v type="int" name="KPOINT_BSE">    -1     0     0     0</v>
 </incar>
 <kpoints>
  <generation param="listgenerated">
   <i name="divisions" type="int">      21 </i>
   <v>       0.50000000       0.50000000       0.50000000 </v>
   <v>       0.00000000       0.00000000       0.00000000 </v>
   <v>       0.00000000       0.50000000       0.50000000 </v>
  </generation>
  <varray name="kpointlist" >
   <v>       0.50000000       0.50000000       0.50000000 </v>
   <v>       0.47500000       0.47500000       0.47500000 </v>
   <v>       0.45000000       0.45000000       0.45000000 </v>
   <v>       0.42500000       0.42500000       0.42500000 </v>
   <v>       0.40000000       0.40000000       0.40000000 </v>
   <v>       0.37500000       0.37500000       0.37500000 </v>
   <v>       0.35000000       0.35000000       0.35000000 </v>
   <v>       0.32500000       0.32500000       0.32500000 </v>
   <v>       0.30000000       0.30000000       0.30000000 </v>
   <v>       0.27500000       0.27500000       0.27500000 </v>
   <v>       0.25000000       0.25000000       0.25000000 </v>
   <v>       0.22500000       0.22500000       0.22500000 </v>
   <v>       0.20000000       0.20000000       0.20000000 </v>
   <v>       0.17500000       0.17500000       0.17500000 </v>
   <v>       0.15000000       0.15000000       0.15000000 </v>
   <v>       0.12500000       0.12500000       0.12500000 </v>
   <v>       0.10000000       0.10000000       0.10000000 </v>
   <v>       0.07500000       0.07500000       0.07500000 </v>
   <v>       0.05000000       0.05000000       0.05000000 </v>
   <v>       0.02500000       0.02500000       0.02500000 </v>
   <v>       0.00000000       0.00000000       0.00000000 </v>
   <v>       0.00000000       0.00000000       0.00000000 </v>
   <v>       0.00000000       0.02500000       0.02500000 </v>
   <v>       0.00000000       0.05000000       0.05000000 </v>
   <v>       0.00000000       0.07500000       0.07500000 </v>
   <v>       0.00000000       0.10000000       0.10000000 </v>
   <v>       0.00000000       0.12500000       0.12500000 </v>
   <v>       0.00000000       0.15000000       0.15000000 </v>
   <v>       0.00000000       0.17500000       0.17500000 </v>
   <v>       0.00000000       0.20000000       0.20000000 </v>
   <v>       0.00000000       0.22500000       0.22500000 </v>
   <v>       0.00000000       0.25000000       0.25000000 </v>
   <v>       0.00000000       0.27500000       0.27500000 </v>
   <v>       0.00000000       0.30000000       0.30000000 </v>
   <v>       0.00000000       0.32500000       0.32500000 </v>
   <v>       0.00000000       0.35000000       0.35000000 </v>
   <v>       0.00000000       0.37500000       0.37500000 </v>
   <v>       0.00000000       0.40000000       0.40000000 </v>
   <v>       0.00000000       0.42500000       0.42500000 </v>
   <v>       0.00000000       0.45000000       0.45000000 </v>
   <v>       0.00000000       0.47500000       0.47500000 </v>
   <v>       0.00000000       0.50000000       0.50000000 </v>
  </varray>
  <varray name="weights" >
   <v>       0.02380952 </v>
   <v>       0.02380952 </v>
   <v>       0.02380952 </v>
   <v>       0.02380952 </v>
   <v>       0.02380952 </v>
   <v>       0.02380952 </v>
   <v>       0.02380952 </v>
   <v>       0.02380952 </v>
   <v>       0.02380952 </v>
   <v>       0.02380952 </v>
   <v>       0.02380952 </v>
   <v>       0.02380952 </v>
   <v>       0.02380952 </v>
   <v>       0.02380952 </v>
   <v>       0.02380952 </v>
   <v>       0.02380952 </v>
   <v>       0.02380952 </v>
   <v>       0.02380952 </v>
   <v>       0.02380952 </v>
   <v>       0.02380952 </v>
   <v>       0.02380952 </v>
   <v>       0.02380952 </v>
   <v>       0.02380952 </v>
   <v>       0.02380952 </v>
   <v>       0.02380952 </v>
   <v>       0.02380952 </v>
   <v>       0.02380952 </v>
   <v>       0.02380952 </v>
   <v>       0.02380952 </v>
   <v>       0.02380952 </v>
   <v>       0.02380952 </v>
   <v>       0.02380952 </v>
   <v>       0.02380952 </v>
   <v>       0.02380952 </v>
   <v>       0.02380952 </v>
   <v>       0.02380952 </v>
   <v>       0.02380952 </v>
   <v>       0.02380952 </v>
   <v>       0.02380952 </v>
   <v>       0.02380952 </v>
   <v>       0.02380952 </v>
   <v>       0.02380952 </v>
  </varray>
 </kpoints>
 <parameters>
  <separator name="general" >
   <i type="string" name="SYSTEM">unknown system</i>
   <i type="logical" name="LCOMPAT"> F  </i>
  </separator>
  <separator name="electronic" >
   <i type="string" name="PREC">normal</i>
   <i name="ENMAX">    300.00000000</i>
   <i name="ENAUG">    322.06900000</i>
   <i name="EDIFF">      0.00010000</i>
   <i type="int" name="IALGO">    38</i>
   <i type="int" name="IWAVPR">     0</i>
   <i type="int" name="NBANDS">     8</i>
   <i name="NELECT">      8.00000000</i>
   <i type="int" name="TURBO">     0</i>
   <i type="int" name="IRESTART">     0</i>
   <i type="int" name="NREBOOT">     0</i>
   <i type="int" name="NMIN">     0</i>
   <i name="EREF">      0.00000000</i>
   <separator name="electronic smearing" >
    <i type="int" name="ISMEAR">     0</i>
    <i name="SIGMA">      0.10000000</i>
    <i name="KSPACING">      0.50000000</i>
    <i type="logical" name="KGAMMA"> T  </i>
   </separator>
   <separator name="electronic projectors" >
    <i type="logical" name="LREAL"> F  </i>
    <v name="ROPT">      0.00000000</v>
    <i type="int" name="LMAXPAW">  -100</i>
    <i type="int" name="LMAXMIX">     2</i>
    <i type="logical" name="NLSPLINE"> F  </i>
   </separator>
   <separator name="electronic startup" >
    <i type="int" name="ISTART">     0</i>
    <i type="int" name="ICHARG">    11</i>
    <i type="int" name="INIWAV">     1</i>
   </separator>
   <separator name="electronic spin" >
    <i type="int" name="ISPIN">     1</i>
    <i type="logical" name="LNONCOLLINEAR"> F  </i>
    <v name="MAGMOM">      1.00000000      1.00000000</v>
    <i name="NUPDOWN">     -1.00000000</i>
    <i type="logical" name="LSORBIT"> F  </i>
    <v name="SAXIS">      0.00000000      0.00000000      1.00000000</v>
    <i type="logical" name="LSPIRAL"> F  </i>
    <v name="QSPIRAL">      0.00000000      0.00000000      0.00000000</v>
    <i type="logical" name="LZEROZ"> F  </i>
   </separator>
   <separator name="electronic exchange-correlation" >
    <i type="logical" name="LASPH"> F  </i>
    <i type="logical" name="LMETAGGA"> F  </i>
   </separator>
   <separator name="electronic convergence" >
    <i type="int" name="NELM">    60</i>
    <i type="int" name="NELMDL">    -5</i>
    <i type="int" name="NELMIN">     2</i>
    <i name="ENINI">    300.00000000</i>
    <separator name="electronic convergence detail" >
     <i type="logical" name="LDIAG"> T  </i>
     <i type="logical" name="LSUBROT"> F  </i>
     <i name="WEIMIN">      0.00000000</i>
     <i name="EBREAK">      0.00000313</i>
     <i name="DEPER">      0.30000000</i>
     <i type="int" name="NRMM">     4</i>
     <i name="TIME">      0.40000000</i>
    </separator>
   </separator>
   <separator name="electronic mixer" >
    <i name="AMIX">      0.40000000</i>
    <i name="BMIX">      1.00000000</i>
    <i name="AMIN">      0.10000000</i>
    <i name="AMIX_MAG">      1.60000000</i>
    <i name="BMIX_MAG">      1.00000000</i>
    <separator name="electronic mixer details" >
     <i type="int" name="IMIX">     4</i>
     <i type="logical" name="MIXFIRST"> F  </i>
     <i type="int" name="MAXMIX">   -45</i>
     <i name="WC">    100.00000000</i>
     <i type="int" name="INIMIX">     1</i>
     <i type="int" name="MIXPRE">     1</i>
     <i type="int" name="MREMOVE">     5</i>
    </separator>
   </separator>
   <separator name="electronic dipolcorrection" >
    <i type="logical" name="LDIPOL"> F  </i>
    <i type="logical" name="LMONO"> F  </i>
    <i type="int" name="IDIPOL">     0</i>
    <i name="EPSILON">      1.00000000</i>
    <v name="DIPOL">   -100.00000000   -100.00000000   -100.00000000</v>
    <i name="EFIELD">      0.00000000</i>
   </separator>
  </separator>
  <separator name="grids" >
   <i type="int" name="NGX">    16</i>
   <i type="int" name="NGY">    16</i>
   <i type="int" name="NGZ">    16</i>
   <i type="int" name="NGXF">    32</i>
   <i type="int" name="NGYF">    32</i>
   <i type="int" name="NGZF">    32</i>
   <i type="logical" name="ADDGRID"> F  </i>
  </separator>
  <separator name="ionic" >
   <i type="int" name="NSW">     0</i>
   <i type="int" name="IBRION">    -1</i>
   <i type="int" name="ISIF">     2</i>
   <i name="PSTRESS">      0.00000000</i>
   <i name="EDIFFG">      0.00100000</i>
   <i type="int" name="NFREE">     0</i>
   <i name="POTIM">      0.50000000</i>
   <i name="SMASS">     -3.00000000</i>
   <i name="SCALEE">      1.00000000</i>
  </separator>
  <separator name="ionic md" >
   <i name="TEBEG">      0.00010000</i>
   <i name="TEEND">      0.00010000</i>
   <i type="int" name="NBLOCK">     1</i>
   <i type="int" name="KBLOCK">     1</i>
   <i type="int" name="NPACO">   256</i>
   <i name="APACO">     16.00000000</i>
  </separator>
  <separator name="symmetry" >
   <i type="int" name="ISYM">     2</i>
   <i name="SYMPREC">      0.00001000</i>
  </separator>
  <separator name="dos" >
   <i type="logical" name="LORBIT"> F  </i>
   <v name="RWIGS">     -1.00000000</v>
   <i type="int" name="NEDOS">   301</i>
   <i name="EMIN">     10.00000000</i>
   <i name="EMAX">    -10.00000000</i>
   <i name="EFERMI">      0.00000000</i>
  </separator>
  <separator name="writing" >
   <i type="int" name="NWRITE">     2</i>
   <i type="logical" name="LWAVE"> T  </i>
   <i type="logical" name="LCHARG"> T  </i>
   <i type="logical" name="LPARD"> F  </i>
   <i type="logical" name="LVTOT"> F  </i>
   <i type="logical" name="LVHAR"> F  </i>
   <i type="logical" name="LELF"> F  </i>
   <i type="logical" name="LOPTICS"> F  </i>
   <v name="STM">      0.00000000      0.00000000      0.00000000      0.00000000      0.00000000      0.00000000      0.00000000</v>
  </separator>
  <separator name="performance" >
   <i type="int" name="NPAR">     1</i>
   <i type="int" name="NSIM">     4</i>
   <i type="int" name="NBLK">    -1</i>
   <i type="logical" name="LPLANE"> T  </i>
   <i type="logical" name="LSCALAPACK"> F  </i>
   <i type="logical" name="LSCAAWARE"> F  </i>
   <i type="logical" name="LSCALU"> F  </i>
   <i type="logical" name="LASYNC"> F  </i>
   <i type="logical" name="LORBITALREAL"> F  </i>
  </separator>
  <separator name="miscellaneous" >
   <i type="int" name="IDIOT">     3</i>
   <i type="logical" name="LMUSIC"> F  </i>
   <v name="POMASS">     28.08500000</v>
   <v name="DARWINR">      0.00000000</v>
   <v name="DARWINV">      1.00000000</v>
   <i type="logical" name="LCORR"> T  </i>
  </separator>
  <i type="logical" name="GGA_COMPAT"> T  </i>
  <i type="logical" name="LBERRY"> F  </i>
  <i type="int" name="ICORELEVEL">     0</i>
  <i type="logical" name="LDAU"> F  </i>
  <i type="int" name="I_CONSTRAINED_M">     0</i>
  <separator name="electronic exchange-correlation" >
   <i type="string" name="GGA">--</i>
   <i type="int" name="VOSKOWN">     0</i>
   <i type="logical" name="LHFCALC"> F  </i>
   <i type="string" name="PRECFOCK"></i>
   <i type="logical" name="LSYMGRAD"> F  </i>
   <i type="logical" name="LHFONE"> F  </i>
   <i type="logical" name="LRHFCALC"> F  </i>
   <i type="logical" name="LTHOMAS"> F  </i>
   <i type="logical" name="LMODELHF"> F  </i>
   <i name="ENCUT4O">     -1.00000000</i>
   <i type="int" name="EXXOEP">     0</i>
   <i type="int" name="FOURORBIT">     0</i>
   <i name="AEXX">      0.00000000</i>
   <i name="HFALPHA">      0.00000000</i>
   <i name="MCALPHA">      0.00000000</i>
   <i name="ALDAX">      1.00000000</i>
   <i name="AGGAX">      1.00000000</i>
   <i name="ALDAC">      1.00000000</i>
   <i name="AGGAC">      1.00000000</i>
   <i type="int" name="NKREDX">     1</i>
   <i type="int" name="NKREDY">     1</i>
   <i type="int" name="NKREDZ">     1</i>
   <i type="logical" name="SHIFTRED"> F  </i>
   <i type="logical" name="ODDONLY"> F  </i>
   <i type="logical" name="EVENONLY"> F  </i>
   <i type="int" name="LMAXFOCK">     0</i>
   <i type="int" name="NMAXFOCKAE">     0</i>
   <i type="logical" name="LFOCKAEDFT"> F  </i>
   <i name="HFSCREEN">      0.00000000</i>
   <i name="HFSCREENC">      0.00000000</i>
   <i type="int" name="NBANDSGWLOW">     0</i>
  </separator>
  <separator name="vdW DFT" >
   <i type="logical" name="LUSE_VDW"> F  </i>
   <i name="Zab_VDW">     -0.84910000</i>
   <i name="PARAM1">      0.12340000</i>
   <i name="PARAM2">      1.00000000</i>
   <i name="PARAM3">      0.00000000</i>
  </separator>
  <separator name="model GW" >
   <i type="int" name="MODEL_GW">     0</i>
   <i name="MODEL_EPS0">     12.20785020</i>
   <i name="MODEL_ALPHA">      1.00000000</i>
  </separator>
  <separator name="linear response parameters" >
   <i type="logical" name="LEPSILON"> F  </i>
   <i type="logical" name="LRPA"> F  </i>
   <i type="logical" name="LNABLA"> F  </i>
   <i type="logical" name="LVEL"> F  </i>
   <i type="int" name="KINTER">     0</i>
   <i name="CSHIFT">      0.10000000</i>
   <i name="OMEGAMAX">     -1.00000000</i>
   <i name="DEG_THRESHOLD">      0.00200000</i>
  </separator>
  <separator name="orbital magnetization" >
   <i type="logical" name="NUCIND"> F  </i>
   <v name="MAGPOS">      0.00000000      0.00000000      0.00000000</v>
   <i type="logical" name="LNICSALL"> T  </i>
   <i type="logical" name="ORBITALMAG"> F  </i>
   <i type="logical" name="LMAGBLOCH"> F  </i>
   <i type="logical" name="LCHIMAG"> F  </i>
   <i type="logical" name="LGAUGE"> T  </i>
   <i type="int" name="MAGATOM">     0</i>
   <v name="MAGDIPOL">      0.00000000      0.00000000      0.00000000</v>
   <v name="AVECCONST">      0.00000000      0.00000000      0.00000000</v>
  </separator>
  <separator name="response functions" >
   <i type="logical" name="LADDER"> F  </i>
   <i type="logical" name="LFXC"> F  </i>
   <i type="logical" name="LHARTREE"> T  </i>
   <i type="int" name="IBSE">     0</i>
   <v type="int" name="KPOINT">    -1     0     0     0</v>
   <i type="logical" name="LTCTE"> F  </i>
   <i type="logical" name="LTETE"> F  </i>
   <i type="logical" name="LTRIPLET"> F  </i>
   <i type="logical" name="LFXCEPS"> F  </i>
   <i type="logical" name="LFXHEG"> F  </i>
   <i type="int" name="NATURALO">     0</i>
   <i type="logical" name="L2ORDER"> F  </i>
   <i type="logical" name="LUSEW"> F  </i>
   <i name="ENCUTGW">     -2.00000000</i>
   <i name="ENCUTGWSOFT">     -2.00000000</i>
   <i name="ENCUTLF">     -1.00000000</i>
   <i type="int" name="LMAXMP2">    -1</i>
   <i name="SCISSOR">      0.00000000</i>
   <i type="int" name="NOMEGA">     0</i>
   <i type="int" name="NOMEGAR">     0</i>
   <i type="int" name="NBANDSGW">    -1</i>
   <i type="int" name="NBANDSO">    -1</i>
   <i type="int" name="NBANDSV">    -1</i>
   <i type="int" name="NELM">     1</i>
   <i type="int" name="NELMHF">     1</i>
   <i type="int" name="DIM">     3</i>
   <i type="int" name="ANTIRES">     0</i>
   <i name="OMEGAMAX">    -30.00000000</i>
   <i name="OMEGAMIN">    -30.00000000</i>
   <i name="OMEGATL">   -200.00000000</i>
   <i type="int" name="OMEGAGRID">     0</i>
   <i name="CSHIFT">     -0.10000000</i>
   <i type="logical" name="SELFENERGY"> F  </i>
   <i type="logical" name="LSPECTRAL"> F  </i>
   <i type="logical" name="LSPECTRALGW"> F  </i>
   <i type="logical" name="LSINGLES"> F  </i>
   <i type="logical" name="LFERMIGW"> F  </i>
   <i type="logical" name="ODDONLYGW"> F  </i>
   <i type="logical" name="EVENONLYGW"> F  </i>
   <i type="int" name="NKREDLFX">     1</i>
   <i type="int" name="NKREDLFY">     1</i>
   <i type="int" name="NKREDLFZ">     1</i>
   <i type="int" name="MAXMEM">  1800</i>
   <i type="int" name="TELESCOPE">     0</i>
   <i type="int" name="TAUPAR">     1</i>
   <i type="int" name="OMEGAPAR">    -1</i>
   <i name="LAMBDA">      1.00000000</i>
  </separator>
  <separator name="External order field" >
   <i name="OFIELD_KAPPA">      0.00000000</i>
   <v name="OFIELD_K">      0.00000000      0.00000000      0.00000000</v>
   <i name="OFIELD_Q6_NEAR">      0.00000000</i>
   <i name="OFIELD_Q6_FAR">      0.00000000</i>
   <i name="OFIELD_A">      0.00000000</i>
  </separator>
 </parameters>
 <atominfo>
  <atoms>       2 </atoms>
  <types>       1 </types>
  <array name="atoms" >
   <dimension dim="1">ion</dimension>
   <field type="string">element</field>
   <field type="int">atomtype</field>
   <set>
    <rc><c>Si</c><c>   1</c></rc>
    <rc><c>Si</c><c>   1</c></rc>
   </set>
  </array>
  <array name="atomtypes" >
   <dimension dim="1">type</dimension>
   <field type="int">atomspertype</field>
   <field type="string">element</field>
   <field>mass</field>
   <field>valence</field>
   <field type="string">pseudopotential</field>
   <set>
    <rc><c>   2</c><c>Si</c><c>     28.08500000</c><c>      4.00000000</c><c>  PAW_PBE Si 05Jan2001                  </c></rc>
   </set>
  </array>
 </atominfo>
 <structure name="initialpos" >
  <crystal>
   <varray name="basis" >
    <v>       0.00000000       2.73000000       2.73000000 </v>
    <v>       2.73000000       0.00000000       2.73000000 </v>
    <v>       2.73000000       2.73000000       0.00000000 </v>
   </varray>
   <i name="volume">     40.69283400 </i>
   <varray name="rec_basis" >
    <v>      -0.18315018       0.18315018       0.18315018 </v>
    <v>       0.18315018      -0.18315018       0.18315018 </v>
    <v>       0.18315018       0.18315018      -0.18315018 </v>
   </varray>
  </crystal>
  <varray name="positions" >
   <v>       0.12500000       0.12500000       0.12500000 </v>
   <v>       0.87500000       0.87500000       0.87500000 </v>
  </varray>
 </structure>
 <calculation>
  <scstep>
   <time name="dav">    1.12    1.12</time>
   <time name="total">    1.20    1.20</time>
   <energy>
    <i name="alphaZ">      3.30899841 </i>
    <i name="ewald">   -227.30768138 </i>
    <i name="hartreedc">    -15.10900707 </i>
    <i name="XCdc">    -18.03578979 </i>
    <i name="pawpsdc">    877.22679038 </i>
    <i name="pawaedc">   -842.25196215 </i>
    <i name="eentropy">     -0.00532849 </i>
    <i name="bandstr">     24.46478530 </i>
    <i name="atom">    206.12968587 </i>
    <i name="e_fr_energy">      8.42049108 </i>
    <i name="e_wo_entrp">      8.42581957 </i>
    <i name="e_0_energy">      8.42315533 </i>
   </energy>
  </scstep>
  <scstep>
   <time name="dav">    1.65    1.65</time>
   <time name="total">    1.66    1.66</time>
   <energy>
    <i name="e_fr_energy">     -3.79733471 </i>
    <i name="e_wo_entrp">     -3.79733307 </i>
    <i name="e_0_energy">     -3.79733389 </i>
   </energy>
  </scstep>
  <scstep>
   <time name="dav">    1.07    1.07</time>
   <time name="total">    1.07    1.07</time>
   <energy>
    <i name="e_fr_energy">     -3.94590525 </i>
    <i name="e_wo_entrp">     -3.94590420 </i>
    <i name="e_0_energy">     -3.94590472 </i>
   </energy>
  </scstep>
  <scstep>
   <time name="dav">    1.33    1.33</time>
   <time name="total">    1.33    1.33</time>
   <energy>
    <i name="e_fr_energy">     -3.94649599 </i>
    <i name="e_wo_entrp">     -3.94649494 </i>
    <i name="e_0_energy">     -3.94649546 </i>
   </energy>
  </scstep>
  <scstep>
   <time name="dav">    1.06    1.06</time>
   <time name="total">    1.06    1.06</time>
   <energy>
    <i name="e_fr_energy">     -3.94649653 </i>
    <i name="e_wo_entrp">     -3.94649548 </i>
    <i name="e_0_energy">     -3.94649600 </i>
   </energy>
  </scstep>
  <scstep>
   <time name="dav">    1.07    1.07</time>
   <time name="total">    1.08    1.08</time>
   <energy>
    <i name="alphaZ">      3.30899841 </i>
    <i name="ewald">   -227.30768138 </i>
    <i name="hartreedc">    -15.10900707 </i>
    <i name="XCdc">    -18.03578979 </i>
    <i name="pawpsdc">    877.22679038 </i>
    <i name="pawaedc">   -842.25196215 </i>
    <i name="eentropy">     -0.00000105 </i>
    <i name="bandstr">     12.09247025 </i>
    <i name="atom">    206.12968587 </i>
    <i name="e_fr_energy">     -3.94649653 </i>
    <i name="e_wo_entrp">     -3.94649548 </i>
    <i name="e_0_energy">     -3.94649601 </i>
   </energy>
  </scstep>
  <structure>
   <crystal>
    <varray name="basis" >
     <v>       0.00000000       2.73000000       2.73000000 </v>
     <v>       2.73000000       0.00000000       2.73000000 </v>
     <v>       2.73000000       2.73000000       0.00000000 </v>
    </varray>
    <i name="volume">     40.69283400 </i>
    <varray name="rec_basis" >
     <v>      -0.18315018       0.18315018       0.18315018 </v>
     <v>       0.18315018      -0.18315018       0.18315018 </v>
     <v>       0.18315018       0.18315018      -0.18315018 </v>
    </varray>
   </crystal>
   <varray name="positions" >
    <v>       0.12500000       0.12500000       0.12500000 </v>
    <v>       0.87500000       0.87500000       0.87500000 </v>
   </varray>
  </structure>
  <varray name="forces" >
   <v>       0.00000000       0.00000000       0.00000000 </v>
   <v>       0.00000000       0.00000000       0.00000000 </v>
  </varray>
  <varray name="stress" >
   <v>     270.39556941       0.00000000       0.00000000 </v>
   <v>       0.00000000     270.39556941       0.00000000 </v>
   <v>       0.00000000       0.00000000     270.39556941 </v>
  </varray>
  <energy>
   <i name="e_fr_energy">     -3.94649653 </i>
   <i name="e_wo_entrp">     -3.94649601 </i>
   <i name="e_0_energy">     -0.00000105 </i>
  </energy>
  <time name="totalsc">    8.41    8.41</time>
  <eigenvalues>
   <array>
    <dimension dim="1">band</dimension>
    <dimension dim="2">kpoint</dimension>
    <dimension dim="3">spin</dimension>
    <field>eigene</field>
    <field>occ</field>
    <set>
     <set comment="spin 1">
      <set comment="kpoint 1">
       <r>   -3.8929    1.0000 </r>
       <r>   -1.2269    1.0000 </r>
       <r>    4.4820    1.0000 </r>
       <r>    4.4820    1.0000 </r>
       <r>    7.1509    0.0000 </r>
       <r>    9.0187    0.0000 </r>
       <r>    9.0187    0.0000 </r>
       <r>   13.3754    0.0000 </r>
      </set>
      <set comment="kpoint 2">
       <r>   -3.9273    1.0000 </r>
       <r>   -1.1771    1.0000 </r>
       <r>    4.4865    1.0000 </r>
       <r>    4.4865    1.0000 </r>
       <r>    7.1561    0.0000 </r>
       <r>    9.0237    0.0000 </r>
       <r>    9.0237    0.0000 </r>
       <r>   13.3830    0.0000 </r>
      </set>
      <set comment="kpoint 3">
       <r>   -4.0236    1.0000 </r>
       <r>   -1.0351    1.0000 </r>
       <r>    4.5000    1.0000 </r>
       <r>    4.5000    1.0000 </r>
       <r>    7.1715    0.0000 </r>
       <r>    9.0392    0.0000 </r>
       <r>    9.0392    0.0000 </r>
       <r>   13.4053    0.0000 </r>
      </set>
      <set comment="kpoint 4">
       <r>   -4.1649    1.0000 </r>
       <r>   -0.8177    1.0000 </r>
       <r>    4.5222    1.0000 </r>
       <r>    4.5222    1.0000 </r>
       <r>    7.1972    0.0000 </r>
       <r>    9.0622    0.0000 </r>
       <r>    9.0622    0.0000 </r>
       <r>   13.4394    0.0000 </r>
      </set>
      <set comment="kpoint 5">
       <r>   -4.3338    1.0000 </r>
       <r>   -0.5424    1.0000 </r>
       <r>    4.5533    1.0000 </r>
       <r>    4.5533    1.0000 </r>
       <r>    7.2331    0.0000 </r>
       <r>    9.0916    0.0000 </r>
       <r>    9.0916    0.0000 </r>
       <r>   13.4803    0.0000 </r>
      </set>
      <set comment="kpoint 6">
       <r>   -4.5166    1.0000 </r>
       <r>   -0.2232    1.0000 </r>
       <r>    4.5929    1.0000 </r>
       <r>    4.5929    1.0000 </r>
       <r>    7.2790    0.0000 </r>
       <r>    9.1245    0.0000 </r>
       <r>    9.1245    0.0000 </r>
       <r>   13.5152    0.0000 </r>
      </set>
      <set comment="kpoint 7">
       <r>   -4.7037    1.0000 </r>
       <r>    0.1298    1.0000 </r>
       <r>    4.6415    1.0000 </r>
       <r>    4.6415    1.0000 </r>
       <r>    7.3338    0.0000 </r>
       <r>    9.1568    0.0000 </r>
       <r>    9.1568    0.0000 </r>
       <r>   13.5181    0.0000 </r>
      </set>
      <set comment="kpoint 8">
       <r>   -4.8888    1.0000 </r>
       <r>    0.5100    1.0000 </r>
       <r>    4.6985    1.0000 </r>
       <r>    4.6985    1.0000 </r>
       <r>    7.3986    0.0000 </r>
       <r>    9.1835    0.0000 </r>
       <r>    9.1835    0.0000 </r>
       <r>   13.4300    0.0000 </r>
      </set>
      <set comment="kpoint 9">
       <r>   -5.0675    1.0000 </r>
       <r>    0.9124    1.0000 </r>
       <r>    4.7638    1.0000 </r>
       <r>    4.7638    1.0000 </r>
       <r>    7.4731    0.0000 </r>
       <r>    9.1982    0.0000 </r>
       <r>    9.1982    0.0000 </r>
       <r>   13.2047    0.0000 </r>
      </set>
      <set comment="kpoint 10">
       <r>   -5.2371    1.0000 </r>
       <r>    1.3332    1.0000 </r>
       <r>    4.8368    1.0000 </r>
       <r>    4.8368    1.0000 </r>
       <r>    7.5547    0.0000 </r>
       <r>    9.1937    0.0000 </r>
       <r>    9.1937    0.0000 </r>
       <r>   12.8592    0.0000 </r>
      </set>
      <set comment="kpoint 11">
       <r>   -5.3955    1.0000 </r>
       <r>    1.7695    1.0000 </r>
       <r>    4.9170    1.0000 </r>
       <r>    4.9170    1.0000 </r>
       <r>    7.6434    0.0000 </r>
       <r>    9.1642    0.0000 </r>
       <r>    9.1642    0.0000 </r>
       <r>   12.4650    0.0000 </r>
      </set>
      <set comment="kpoint 12">
       <r>   -5.5413    1.0000 </r>
       <r>    2.2185    1.0000 </r>
       <r>    5.0036    1.0000 </r>
       <r>    5.0036    1.0000 </r>
       <r>    7.7379    0.0000 </r>
       <r>    9.1058    0.0000 </r>
       <r>    9.1058    0.0000 </r>
       <r>   12.0276    0.0000 </r>
      </set>
      <set comment="kpoint 13">
       <r>   -5.6737    1.0000 </r>
       <r>    2.6772    1.0000 </r>
       <r>    5.0950    1.0000 </r>
       <r>    5.0950    1.0000 </r>
       <r>    7.8362    0.0000 </r>
       <r>    9.0183    0.0000 </r>
       <r>    9.0183    0.0000 </r>
       <r>   11.5849    0.0000 </r>
      </set>
      <set comment="kpoint 14">
       <r>   -5.7916    1.0000 </r>
       <r>    3.1424    1.0000 </r>
       <r>    5.1903    1.0000 </r>
       <r>    5.1903    1.0000 </r>
       <r>    7.9359    0.0000 </r>
       <r>    8.9069    0.0000 </r>
       <r>    8.9069    0.0000 </r>
       <r>   11.1354    0.0000 </r>
      </set>
      <set comment="kpoint 15">
       <r>   -5.8947    1.0000 </r>
       <r>    3.6097    1.0000 </r>
       <r>    5.2868    1.0000 </r>
       <r>    5.2868    1.0000 </r>
       <r>    8.0338    0.0000 </r>
       <r>    8.7791    0.0000 </r>
       <r>    8.7791    0.0000 </r>
       <r>   10.6847    0.0000 </r>
      </set>
      <set comment="kpoint 16">
       <r>   -5.9826    1.0000 </r>
       <r>    4.0726    1.0000 </r>
       <r>    5.3815    1.0000 </r>
       <r>    5.3815    1.0000 </r>
       <r>    8.1248    0.0000 </r>
       <r>    8.6447    0.0000 </r>
       <r>    8.6447    0.0000 </r>
       <r>   10.2392    0.0000 </r>
      </set>
      <set comment="kpoint 17">
       <r>   -6.0548    1.0000 </r>
       <r>    4.5224    1.0000 </r>
       <r>    5.4706    1.0000 </r>
       <r>    5.4706    1.0000 </r>
       <r>    8.2030    0.0000 </r>
       <r>    8.5143    0.0000 </r>
       <r>    8.5143    0.0000 </r>
       <r>    9.8114    0.0000 </r>
      </set>
      <set comment="kpoint 18">
       <r>   -6.1112    1.0000 </r>
       <r>    4.9429    1.0000 </r>
       <r>    5.5491    1.0000 </r>
       <r>    5.5491    1.0000 </r>
       <r>    8.2579    0.0000 </r>
       <r>    8.3984    0.0000 </r>
       <r>    8.3984    0.0000 </r>
       <r>    9.4215    0.0000 </r>
      </set>
      <set comment="kpoint 19">
       <r>   -6.1516    1.0000 </r>
       <r>    5.3067    1.0000 </r>
       <r>    5.6108    1.0000 </r>
       <r>    5.6108    1.0000 </r>
       <r>    8.2748    0.0000 </r>
       <r>    8.3062    0.0000 </r>
       <r>    8.3062    0.0000 </r>
       <r>    9.1059    0.0000 </r>
      </set>
      <set comment="kpoint 20">
       <r>   -6.1759    1.0000 </r>
       <r>    5.5674    1.0000 </r>
       <r>    5.6505    1.0000 </r>
       <r>    5.6505    1.0000 </r>
       <r>    8.2460    0.0000 </r>
       <r>    8.2460    0.0000 </r>
       <r>    8.2497    0.0000 </r>
       <r>    8.9116    0.0000 </r>
      </set>
      <set comment="kpoint 21">
       <r>   -6.1840    1.0000 </r>
       <r>    5.6643    1.0000 </r>
       <r>    5.6644    1.0000 </r>
       <r>    5.6644    1.0000 </r>
       <r>    8.2255    0.0000 </r>
       <r>    8.2255    0.0000 </r>
       <r>    8.2255    0.0000 </r>
       <r>    8.8512    0.0000 </r>
      </set>
      <set comment="kpoint 22">
       <r>   -6.1840    1.0000 </r>
       <r>    5.6643    1.0000 </r>
       <r>    5.6644    1.0000 </r>
       <r>    5.6644    1.0000 </r>
       <r>    8.2255    0.0000 </r>
       <r>    8.2255    0.0000 </r>
       <r>    8.2255    0.0000 </r>
       <r>    8.8512    0.0000 </r>
      </set>
      <set comment="kpoint 23">
       <r>   -6.1732    1.0000 </r>
       <r>    5.5881    1.0000 </r>
       <r>    5.6191    1.0000 </r>
       <r>    5.6191    1.0000 </r>
       <r>    8.1989    0.0000 </r>
       <r>    8.2855    0.0000 </r>
       <r>    8.2855    0.0000 </r>
       <r>    8.9262    0.0000 </r>
      </set>
      <set comment="kpoint 24">
       <r>   -6.1408    1.0000 </r>
       <r>    5.3784    1.0000 </r>
       <r>    5.4934    1.0000 </r>
       <r>    5.4935    1.0000 </r>
       <r>    8.1222    0.0000 </r>
       <r>    8.4520    0.0000 </r>
       <r>    8.4520    0.0000 </r>
       <r>    9.1286    0.0000 </r>
      </set>
      <set comment="kpoint 25">
       <r>   -6.0868    1.0000 </r>
       <r>    5.0748    1.0000 </r>
       <r>    5.3124    1.0000 </r>
       <r>    5.3124    1.0000 </r>
       <r>    8.0029    0.0000 </r>
       <r>    8.6993    0.0000 </r>
       <r>    8.6994    0.0000 </r>
       <r>    9.4070    0.0000 </r>
      </set>
      <set comment="kpoint 26">
       <r>   -6.0115    1.0000 </r>
       <r>    4.7133    1.0000 </r>
       <r>    5.1002    1.0000 </r>
       <r>    5.1002    1.0000 </r>
       <r>    7.8526    0.0000 </r>
       <r>    9.0040    0.0000 </r>
       <r>    9.0040    0.0000 </r>
       <r>    9.7000    0.0000 </r>
      </set>
      <set comment="kpoint 27">
       <r>   -5.9147    1.0000 </r>
       <r>    4.3173    1.0000 </r>
       <r>    4.8739    1.0000 </r>
       <r>    4.8740    1.0000 </r>
       <r>    7.6826    0.0000 </r>
       <r>    9.3488    0.0000 </r>
       <r>    9.3488    0.0000 </r>
       <r>    9.9274    0.0000 </r>
      </set>
      <set comment="kpoint 28">
       <r>   -5.7967    1.0000 </r>
       <r>    3.9003    1.0000 </r>
       <r>    4.6450    1.0000 </r>
       <r>    4.6450    1.0000 </r>
       <r>    7.5022    0.0000 </r>
       <r>    9.7222    0.0000 </r>
       <r>    9.7222    0.0000 </r>
       <r>    9.9848    0.0000 </r>
      </set>
      <set comment="kpoint 29">
       <r>   -5.6577    1.0000 </r>
       <r>    3.4705    1.0000 </r>
       <r>    4.4197    1.0000 </r>
       <r>    4.4198    1.0000 </r>
       <r>    7.3195    0.0000 </r>
       <r>    9.8292    0.0000 </r>
       <r>   10.1157    0.0000 </r>
       <r>   10.1157    0.0000 </r>
      </set>
      <set comment="kpoint 30">
       <r>   -5.4979    1.0000 </r>
       <r>    3.0331    1.0000 </r>
       <r>    4.2031    1.0000 </r>
       <r>    4.2031    1.0000 </r>
       <r>    7.1408    0.0000 </r>
       <r>    9.5323    0.0000 </r>
       <r>   10.5248    0.0000 </r>
       <r>   10.5248    0.0000 </r>
      </set>
      <set comment="kpoint 31">
       <r>   -5.3175    1.0000 </r>
       <r>    2.5914    1.0000 </r>
       <r>    3.9983    1.0000 </r>
       <r>    3.9983    1.0000 </r>
       <r>    6.9713    0.0000 </r>
       <r>    9.1762    0.0000 </r>
       <r>   10.9470    0.0000 </r>
       <r>   10.9470    0.0000 </r>
      </set>
      <set comment="kpoint 32">
       <r>   -5.1168    1.0000 </r>
       <r>    2.1472    1.0000 </r>
       <r>    3.8071    1.0000 </r>
       <r>    3.8071    1.0000 </r>
       <r>    6.8146    0.0000 </r>
       <r>    8.8062    0.0000 </r>
       <r>   11.3783    0.0000 </r>
       <r>   11.3783    0.0000 </r>
      </set>
      <set comment="kpoint 33">
       <r>   -4.8962    1.0000 </r>
       <r>    1.7024    1.0000 </r>
       <r>    3.6312    1.0000 </r>
       <r>    3.6313    1.0000 </r>
       <r>    6.6737    0.0000 </r>
       <r>    8.4444    0.0000 </r>
       <r>   11.8177    0.0000 </r>
       <r>   11.8178    0.0000 </r>
      </set>
      <set comment="kpoint 34">
       <r>   -4.6559    1.0000 </r>
       <r>    1.2580    1.0000 </r>
       <r>    3.4718    1.0000 </r>
       <r>    3.4718    1.0000 </r>
       <r>    6.5511    0.0000 </r>
       <r>    8.1002    0.0000 </r>
       <r>   12.2644    0.0000 </r>
       <r>   12.2644    0.0000 </r>
      </set>
      <set comment="kpoint 35">
       <r>   -4.3966    1.0000 </r>
       <r>    0.8162    1.0000 </r>
       <r>    3.3297    1.0000 </r>
       <r>    3.3297    1.0000 </r>
       <r>    6.4487    0.0000 </r>
       <r>    7.7829    0.0000 </r>
       <r>   12.7168    0.0000 </r>
       <r>   12.7169    0.0000 </r>
      </set>
      <set comment="kpoint 36">
       <r>   -4.1187    1.0000 </r>
       <r>    0.3781    1.0000 </r>
       <r>    3.2055    1.0000 </r>
       <r>    3.2055    1.0000 </r>
       <r>    6.3680    0.0000 </r>
       <r>    7.4942    0.0000 </r>
       <r>   13.1747    0.0000 </r>
       <r>   13.1747    0.0000 </r>
      </set>
      <set comment="kpoint 37">
       <r>   -3.8227    1.0000 </r>
       <r>   -0.0548    1.0000 </r>
       <r>    3.0998    1.0000 </r>
       <r>    3.0998    1.0000 </r>
       <r>    6.3107    0.0000 </r>
       <r>    7.2367    0.0000 </r>
       <r>   13.6374    0.0000 </r>
       <r>   13.6374    0.0000 </r>
      </set>
      <set comment="kpoint 38">
       <r>   -3.5093    1.0000 </r>
       <r>   -0.4817    1.0000 </r>
       <r>    3.0128    1.0000 </r>
       <r>    3.0129    1.0000 </r>
       <r>    6.2776    0.0000 </r>
       <r>    7.0096    0.0000 </r>
       <r>   14.1044    0.0000 </r>
       <r>   14.1045    0.0000 </r>
      </set>
      <set comment="kpoint 39">
       <r>   -3.1793    1.0000 </r>
       <r>   -0.9008    1.0000 </r>
       <r>    2.9449    1.0000 </r>
       <r>    2.9449    1.0000 </r>
       <r>    6.2699    0.0000 </r>
       <r>    6.8136    0.0000 </r>
       <r>   14.5714    0.0000 </r>
       <r>   14.5714    0.0000 </r>
      </set>
      <set comment="kpoint 40">
       <r>   -2.8334    1.0000 </r>
       <r>   -1.3107    1.0000 </r>
       <r>    2.8963    1.0000 </r>
       <r>    2.8963    1.0000 </r>
       <r>    6.2889    0.0000 </r>
       <r>    6.6488    0.0000 </r>
       <r>   15.0266    0.0000 </r>
       <r>   15.0267    0.0000 </r>
      </set>
      <set comment="kpoint 41">
       <r>   -2.4726    1.0000 </r>
       <r>   -1.7101    1.0000 </r>
       <r>    2.8670    1.0000 </r>
       <r>    2.8671    1.0000 </r>
       <r>    6.3355    0.0000 </r>
       <r>    6.5147    0.0000 </r>
       <r>   15.4377    0.0000 </r>
       <r>   15.4378    0.0000 </r>
      </set>
      <set comment="kpoint 42">
       <r>   -2.0978    1.0000 </r>
       <r>   -2.0978    1.0000 </r>
       <r>    2.8573    1.0000 </r>
       <r>    2.8573    1.0000 </r>
       <r>    6.4104    0.0000 </r>
       <r>    6.4105    0.0000 </r>
       <r>   15.6492    0.0000 </r>
       <r>   15.6519    0.0000 </r>
      </set>
     </set>
    </set>
   </array>
  </eigenvalues>
  <separator name="orbital magnetization" >
   <v name="MAGDIPOLOUT">      0.00000000      0.00000000      0.00000000</v>
  </separator>
  <dos>
   <i name="efermi">      5.97689681 </i>
   <total>
    <array>
     <dimension dim="1">gridpoints</dimension>
     <dimension dim="2">spin</dimension>
     <field>energy</field>
     <field>total</field>
     <field>integrated</field>
     <set>
      <set comment="spin 1">
       <r>    -7.2758     0.0000     0.0000 </r>
       <r>    -7.1957     0.0000     0.0000 </r>
       <r>    -7.1156     0.0000     0.0000 </r>
       <r>    -7.0356     0.0000     0.0000 </r>
       <r>    -6.9555     0.0000     0.0000 </r>
       <r>    -6.8754     0.0000     0.0000 </r>
       <r>    -6.7954     0.0000     0.0000 </r>
       <r>    -6.7153     0.0000     0.0000 </r>
       <r>    -6.6353     0.0000     0.0000 </r>
       <r>    -6.5552     0.0000     0.0000 </r>
       <r>    -6.4751     0.0000     0.0000 </r>
       <r>    -6.3951     0.0030     0.0002 </r>
       <r>    -6.3150     0.0748     0.0062 </r>
       <r>    -6.2349     0.5998     0.0543 </r>
       <r>    -6.1549     1.6922     0.1897 </r>
       <r>    -6.0748     2.0050     0.3503 </r>
       <r>    -5.9947     1.4788     0.4687 </r>
       <r>    -5.9147     1.0984     0.5566 </r>
       <r>    -5.8346     0.9187     0.6302 </r>
       <r>    -5.7545     0.8136     0.6953 </r>
       <r>    -5.6745     0.7401     0.7546 </r>
       <r>    -5.5944     0.6827     0.8092 </r>
       <r>    -5.5143     0.6415     0.8606 </r>
       <r>    -5.4343     0.6072     0.9092 </r>
       <r>    -5.3542     0.5666     0.9546 </r>
       <r>    -5.2742     0.5678     1.0000 </r>
       <r>    -5.1941     0.5107     1.0409 </r>
       <r>    -5.1140     0.5175     1.0824 </r>
       <r>    -5.0340     0.5208     1.1241 </r>
       <r>    -4.9539     0.4258     1.1581 </r>
       <r>    -4.8738     0.5306     1.2006 </r>
       <r>    -4.7938     0.4463     1.2364 </r>
       <r>    -4.7137     0.4034     1.2687 </r>
       <r>    -4.6336     0.5175     1.3101 </r>
       <r>    -4.5536     0.4234     1.3440 </r>
       <r>    -4.4735     0.3937     1.3755 </r>
       <r>    -4.3934     0.4706     1.4132 </r>
       <r>    -4.3134     0.4971     1.4530 </r>
       <r>    -4.2333     0.3686     1.4825 </r>
       <r>    -4.1532     0.4603     1.5193 </r>
       <r>    -4.0732     0.5964     1.5671 </r>
       <r>    -3.9931     0.5795     1.6135 </r>
       <r>    -3.9130     0.6685     1.6670 </r>
       <r>    -3.8330     0.6790     1.7214 </r>
       <r>    -3.7529     0.3917     1.7527 </r>
       <r>    -3.6729     0.1098     1.7615 </r>
       <r>    -3.5928     0.0749     1.7675 </r>
       <r>    -3.5127     0.2155     1.7848 </r>
       <r>    -3.4327     0.2262     1.8029 </r>
       <r>    -3.3526     0.0790     1.8092 </r>
       <r>    -3.2725     0.0591     1.8140 </r>
       <r>    -3.1925     0.1979     1.8298 </r>
       <r>    -3.1124     0.2390     1.8489 </r>
       <r>    -3.0323     0.0926     1.8564 </r>
       <r>    -2.9523     0.0369     1.8593 </r>
       <r>    -2.8722     0.1462     1.8710 </r>
       <r>    -2.7921     0.2549     1.8914 </r>
       <r>    -2.7121     0.1410     1.9027 </r>
       <r>    -2.6320     0.0313     1.9052 </r>
       <r>    -2.5519     0.0719     1.9110 </r>
       <r>    -2.4719     0.2219     1.9288 </r>
       <r>    -2.3918     0.2197     1.9463 </r>
       <r>    -2.3118     0.0700     1.9520 </r>
       <r>    -2.2317     0.0398     1.9551 </r>
       <r>    -2.1516     0.2310     1.9736 </r>
       <r>    -2.0716     0.5013     2.0138 </r>
       <r>    -1.9915     0.3438     2.0413 </r>
       <r>    -1.9114     0.0753     2.0473 </r>
       <r>    -1.8314     0.0292     2.0497 </r>
       <r>    -1.7513     0.1409     2.0609 </r>
       <r>    -1.6712     0.2549     2.0814 </r>
       <r>    -1.5912     0.1458     2.0930 </r>
       <r>    -1.5111     0.0275     2.0952 </r>
       <r>    -1.4310     0.0277     2.0974 </r>
       <r>    -1.3510     0.1692     2.1110 </r>
       <r>    -1.2709     0.4411     2.1463 </r>
       <r>    -1.1908     0.6032     2.1946 </r>
       <r>    -1.1108     0.4940     2.2341 </r>
       <r>    -1.0307     0.3688     2.2637 </r>
       <r>    -0.9507     0.3665     2.2930 </r>
       <r>    -0.8706     0.4336     2.3277 </r>
       <r>    -0.7905     0.4209     2.3614 </r>
       <r>    -0.7105     0.2088     2.3781 </r>
       <r>    -0.6304     0.1065     2.3867 </r>
       <r>    -0.5503     0.2978     2.4105 </r>
       <r>    -0.4703     0.4696     2.4481 </r>
       <r>    -0.3902     0.2885     2.4712 </r>
       <r>    -0.3101     0.1225     2.4810 </r>
       <r>    -0.2301     0.2179     2.4985 </r>
       <r>    -0.1500     0.2801     2.5209 </r>
       <r>    -0.0699     0.2757     2.5430 </r>
       <r>     0.0101     0.2754     2.5650 </r>
       <r>     0.0902     0.2390     2.5842 </r>
       <r>     0.1703     0.2675     2.6056 </r>
       <r>     0.2503     0.1631     2.6186 </r>
       <r>     0.3304     0.1558     2.6311 </r>
       <r>     0.4105     0.2990     2.6550 </r>
       <r>     0.4905     0.3447     2.6827 </r>
       <r>     0.5706     0.2769     2.7048 </r>
       <r>     0.6506     0.1100     2.7136 </r>
       <r>     0.7307     0.0780     2.7199 </r>
       <r>     0.8108     0.2540     2.7402 </r>
       <r>     0.8908     0.4103     2.7731 </r>
       <r>     0.9709     0.3254     2.7991 </r>
       <r>     1.0510     0.1158     2.8084 </r>
       <r>     1.1310     0.0364     2.8113 </r>
       <r>     1.2111     0.1536     2.8236 </r>
       <r>     1.2912     0.3930     2.8551 </r>
       <r>     1.3712     0.4123     2.8881 </r>
       <r>     1.4513     0.1783     2.9024 </r>
       <r>     1.5314     0.0333     2.9050 </r>
       <r>     1.6114     0.0631     2.9101 </r>
       <r>     1.6915     0.2747     2.9321 </r>
       <r>     1.7716     0.4603     2.9689 </r>
       <r>     1.8516     0.3047     2.9933 </r>
       <r>     1.9317     0.0773     2.9995 </r>
       <r>     2.0117     0.0235     3.0014 </r>
       <r>     2.0918     0.1334     3.0121 </r>
       <r>     2.1719     0.3795     3.0425 </r>
       <r>     2.2519     0.4290     3.0768 </r>
       <r>     2.3320     0.1955     3.0925 </r>
       <r>     2.4121     0.0363     3.0954 </r>
       <r>     2.4921     0.0488     3.0993 </r>
       <r>     2.5722     0.2244     3.1172 </r>
       <r>     2.6523     0.4236     3.1512 </r>
       <r>     2.7323     0.4412     3.1865 </r>
       <r>     2.8124     0.7863     3.2494 </r>
       <r>     2.8925     1.7563     3.3901 </r>
       <r>     2.9725     2.0447     3.5538 </r>
       <r>     3.0526     1.7089     3.6906 </r>
       <r>     3.1327     1.4454     3.8063 </r>
       <r>     3.2127     1.1694     3.8999 </r>
       <r>     3.2928     0.8800     3.9704 </r>
       <r>     3.3728     0.7774     4.0326 </r>
       <r>     3.4529     0.8616     4.1016 </r>
       <r>     3.5330     0.9458     4.1773 </r>
       <r>     3.6130     0.9100     4.2502 </r>
       <r>     3.6931     0.8037     4.3145 </r>
       <r>     3.7732     0.5998     4.3626 </r>
       <r>     3.8532     0.6925     4.4180 </r>
       <r>     3.9333     0.7197     4.4756 </r>
       <r>     4.0134     0.7915     4.5390 </r>
       <r>     4.0934     0.7357     4.5979 </r>
       <r>     4.1735     0.6251     4.6480 </r>
       <r>     4.2536     0.6646     4.7012 </r>
       <r>     4.3336     0.6683     4.7547 </r>
       <r>     4.4137     1.2505     4.8548 </r>
       <r>     4.4938     2.7096     5.0717 </r>
       <r>     4.5738     3.4705     5.3496 </r>
       <r>     4.6539     3.0075     5.5904 </r>
       <r>     4.7340     2.3888     5.7817 </r>
       <r>     4.8140     1.9185     5.9353 </r>
       <r>     4.8941     1.9114     6.0883 </r>
       <r>     4.9741     1.8460     6.2361 </r>
       <r>     5.0542     1.7635     6.3773 </r>
       <r>     5.1343     1.8301     6.5238 </r>
       <r>     5.2143     1.5682     6.6494 </r>
       <r>     5.2944     1.7131     6.7865 </r>
       <r>     5.3745     2.0190     6.9482 </r>
       <r>     5.4545     1.9598     7.1051 </r>
       <r>     5.5346     2.3896     7.2964 </r>
       <r>     5.6147     3.4132     7.5697 </r>
       <r>     5.6947     3.4704     7.8476 </r>
       <r>     5.7748     1.6130     7.9767 </r>
       <r>     5.8549     0.2751     7.9987 </r>
       <r>     5.9349     0.0155     8.0000 </r>
       <r>     6.0150     0.0005     8.0000 </r>
       <r>     6.0951     0.0095     8.0008 </r>
       <r>     6.1751     0.1455     8.0124 </r>
       <r>     6.2552     0.7613     8.0734 </r>
       <r>     6.3352     1.5598     8.1983 </r>
       <r>     6.4153     1.6562     8.3309 </r>
       <r>     6.4954     1.2732     8.4328 </r>
       <r>     6.5754     0.9071     8.5054 </r>
       <r>     6.6555     0.7444     8.5650 </r>
       <r>     6.7356     0.6515     8.6172 </r>
       <r>     6.8156     0.6195     8.6668 </r>
       <r>     6.8957     0.5618     8.7118 </r>
       <r>     6.9758     0.5340     8.7545 </r>
       <r>     7.0558     0.6840     8.8093 </r>
       <r>     7.1359     1.1444     8.9009 </r>
       <r>     7.2160     1.7822     9.0436 </r>
       <r>     7.2960     1.7034     9.1800 </r>
       <r>     7.3761     1.2749     9.2821 </r>
       <r>     7.4562     1.0922     9.3695 </r>
       <r>     7.5362     1.1398     9.4608 </r>
       <r>     7.6163     0.9467     9.5366 </r>
       <r>     7.6963     0.8805     9.6071 </r>
       <r>     7.7764     0.9823     9.6857 </r>
       <r>     7.8565     1.0035     9.7661 </r>
       <r>     7.9365     0.8805     9.8365 </r>
       <r>     8.0166     0.9159     9.9099 </r>
       <r>     8.0967     1.3140    10.0151 </r>
       <r>     8.1767     2.4661    10.2125 </r>
       <r>     8.2568     4.0678    10.5382 </r>
       <r>     8.3369     3.6262    10.8286 </r>
       <r>     8.4169     2.1911    11.0040 </r>
       <r>     8.4970     1.6864    11.1390 </r>
       <r>     8.5771     1.1979    11.2349 </r>
       <r>     8.6571     1.0803    11.3214 </r>
       <r>     8.7372     1.3781    11.4318 </r>
       <r>     8.8173     1.6696    11.5654 </r>
       <r>     8.8973     2.0949    11.7332 </r>
       <r>     8.9774     2.9933    11.9728 </r>
       <r>     9.0575     4.6201    12.3427 </r>
       <r>     9.1375     5.5397    12.7863 </r>
       <r>     9.2176     4.5750    13.1526 </r>
       <r>     9.2976     2.2441    13.3322 </r>
       <r>     9.3777     1.1470    13.4241 </r>
       <r>     9.4578     0.9379    13.4992 </r>
       <r>     9.5378     0.5825    13.5458 </r>
       <r>     9.6179     0.4094    13.5786 </r>
       <r>     9.6980     0.6822    13.6332 </r>
       <r>     9.7780     1.0169    13.7146 </r>
       <r>     9.8581     0.9099    13.7875 </r>
       <r>     9.9382     0.7075    13.8441 </r>
       <r>    10.0182     0.6064    13.8927 </r>
       <r>    10.0983     0.6072    13.9413 </r>
       <r>    10.1784     0.6241    13.9913 </r>
       <r>    10.2584     0.4446    14.0269 </r>
       <r>    10.3385     0.2158    14.0441 </r>
       <r>    10.4186     0.1193    14.0537 </r>
       <r>    10.4986     0.3495    14.0817 </r>
       <r>    10.5787     0.5386    14.1248 </r>
       <r>    10.6587     0.4032    14.1571 </r>
       <r>    10.7388     0.2856    14.1799 </r>
       <r>    10.8189     0.1561    14.1924 </r>
       <r>    10.8989     0.2705    14.2141 </r>
       <r>    10.9790     0.5155    14.2554 </r>
       <r>    11.0591     0.3953    14.2870 </r>
       <r>    11.1391     0.2903    14.3103 </r>
       <r>    11.2192     0.2326    14.3289 </r>
       <r>    11.2993     0.2065    14.3454 </r>
       <r>    11.3793     0.4519    14.3816 </r>
       <r>    11.4594     0.4600    14.4184 </r>
       <r>    11.5395     0.2684    14.4399 </r>
       <r>    11.6195     0.2704    14.4615 </r>
       <r>    11.6996     0.2081    14.4782 </r>
       <r>    11.7797     0.3242    14.5042 </r>
       <r>    11.8597     0.5166    14.5455 </r>
       <r>    11.9398     0.3371    14.5725 </r>
       <r>    12.0198     0.2556    14.5930 </r>
       <r>    12.0999     0.2463    14.6127 </r>
       <r>    12.1800     0.2083    14.6294 </r>
       <r>    12.2600     0.4372    14.6644 </r>
       <r>    12.3401     0.4772    14.7026 </r>
       <r>    12.4202     0.2863    14.7255 </r>
       <r>    12.5002     0.2717    14.7473 </r>
       <r>    12.5803     0.1842    14.7620 </r>
       <r>    12.6604     0.2509    14.7821 </r>
       <r>    12.7404     0.5255    14.8242 </r>
       <r>    12.8205     0.5005    14.8642 </r>
       <r>    12.9006     0.3343    14.8910 </r>
       <r>    12.9806     0.1501    14.9030 </r>
       <r>    13.0607     0.0964    14.9107 </r>
       <r>    13.1408     0.4101    14.9436 </r>
       <r>    13.2208     0.7693    15.0052 </r>
       <r>    13.3009     0.6755    15.0593 </r>
       <r>    13.3810     1.0197    15.1409 </r>
       <r>    13.4610     1.6084    15.2697 </r>
       <r>    13.5411     1.4290    15.3841 </r>
       <r>    13.6211     0.9395    15.4593 </r>
       <r>    13.7012     0.5815    15.5059 </r>
       <r>    13.7813     0.1992    15.5218 </r>
       <r>    13.8613     0.0244    15.5238 </r>
       <r>    13.9414     0.0131    15.5248 </r>
       <r>    14.0215     0.1305    15.5353 </r>
       <r>    14.1015     0.4321    15.5699 </r>
       <r>    14.1816     0.4506    15.6059 </r>
       <r>    14.2617     0.1481    15.6178 </r>
       <r>    14.3417     0.0158    15.6191 </r>
       <r>    14.4218     0.0202    15.6207 </r>
       <r>    14.5019     0.1730    15.6345 </r>
       <r>    14.5819     0.4715    15.6723 </r>
       <r>    14.6620     0.4054    15.7047 </r>
       <r>    14.7421     0.1097    15.7135 </r>
       <r>    14.8221     0.0114    15.7144 </r>
       <r>    14.9022     0.0446    15.7180 </r>
       <r>    14.9822     0.2687    15.7395 </r>
       <r>    15.0623     0.5091    15.7803 </r>
       <r>    15.1424     0.3047    15.8047 </r>
       <r>    15.2224     0.0585    15.8094 </r>
       <r>    15.3025     0.0351    15.8122 </r>
       <r>    15.3826     0.2258    15.8303 </r>
       <r>    15.4626     0.5042    15.8706 </r>
       <r>    15.5427     0.4202    15.9043 </r>
       <r>    15.6228     0.4139    15.9374 </r>
       <r>    15.7028     0.5082    15.9781 </r>
       <r>    15.7829     0.2371    15.9971 </r>
       <r>    15.8630     0.0349    15.9999 </r>
       <r>    15.9430     0.0016    16.0000 </r>
       <r>    16.0231     0.0000    16.0000 </r>
       <r>    16.1032     0.0000    16.0000 </r>
       <r>    16.1832     0.0000    16.0000 </r>
       <r>    16.2633     0.0000    16.0000 </r>
       <r>    16.3433     0.0000    16.0000 </r>
       <r>    16.4234     0.0000    16.0000 </r>
       <r>    16.5035     0.0000    16.0000 </r>
       <r>    16.5835     0.0000    16.0000 </r>
       <r>    16.6636     0.0000    16.0000 </r>
       <r>    16.7437     0.0000    16.0000 </r>
      </set>
     </set>
    </array>
   </total>
  </dos>
 </calculation>
 <structure name="finalpos" >
  <crystal>
   <varray name="basis" >
    <v>       0.00000000       2.73000000       2.73000000 </v>
    <v>       2.73000000       0.00000000       2.73000000 </v>
    <v>       2.73000000       2.73000000       0.00000000 </v>
   </varray>
   <i name="volume">     40.69283400 </i>
   <varray name="rec_basis" >
    <v>      -0.18315018       0.18315018       0.18315018 </v>
    <v>       0.18315018      -0.18315018       0.18315018 </v>
    <v>       0.18315018       0.18315018      -0.18315018 </v>
   </varray>
  </crystal>
  <varray name="positions" >
   <v>       0.12500000       0.12500000       0.12500000 </v>
   <v>       0.87500000       0.87500000       0.87500000 </v>
  </varray>
 </structure>
</modeling>
