<?xml version="1.0" encoding="ISO-8859-1"?>
<modeling>
 <generator>
  <i name="program" type="string">vasp </i>
  <i name="version" type="string">5.4.1  </i>
  <i name="subversion" type="string">24Jun15 (build Nov 17 2017 15:00:32) complex                          serial </i>
  <i name="platform" type="string">unknown </i>
  <i name="date" type="string">2018 11 15 </i>
  <i name="time" type="string">14:32:06 </i>
 </generator>
 <incar>
  <i type="string" name="PREC">normal</i>
  <i type="int" name="IBRION">     2</i>
  <i type="int" name="NSW">   100</i>
  <i type="int" name="ISIF">     3</i>
  <i name="ENCUT">    250.00000000</i>
  <i type="int" name="ISMEAR">     0</i>
  <i name="SIGMA">      0.10000000</i>
  <v type="int" name="KPOINT_BSE">    -1     0     0     0</v>
 </incar>
 <kpoints>
  <generation param="Gamma">
   <v type="int" name="divisions">      11       11       11 </v>
   <v name="usershift">      0.00000000       0.00000000       0.00000000 </v>
   <v name="genvec1">      0.09090909       0.00000000       0.00000000 </v>
   <v name="genvec2">      0.00000000       0.09090909       0.00000000 </v>
   <v name="genvec3">      0.00000000       0.00000000       0.09090909 </v>
   <v name="shift">      0.00000000       0.00000000       0.00000000 </v>
  </generation>
  <varray name="kpointlist" >
   <v>       0.00000000       0.00000000       0.00000000 </v>
   <v>       0.09090909       0.00000000       0.00000000 </v>
   <v>       0.18181818       0.00000000       0.00000000 </v>
   <v>       0.27272727       0.00000000       0.00000000 </v>
   <v>       0.36363636       0.00000000       0.00000000 </v>
   <v>       0.45454545       0.00000000       0.00000000 </v>
   <v>       0.09090909       0.09090909       0.00000000 </v>
   <v>       0.18181818       0.09090909       0.00000000 </v>
   <v>       0.27272727       0.09090909       0.00000000 </v>
   <v>       0.36363636       0.09090909       0.00000000 </v>
   <v>       0.45454545       0.09090909       0.00000000 </v>
   <v>      -0.45454545       0.09090909       0.00000000 </v>
   <v>      -0.36363636       0.09090909       0.00000000 </v>
   <v>      -0.27272727       0.09090909       0.00000000 </v>
   <v>      -0.18181818       0.09090909       0.00000000 </v>
   <v>      -0.09090909       0.09090909       0.00000000 </v>
   <v>       0.18181818       0.18181818       0.00000000 </v>
   <v>       0.27272727       0.18181818       0.00000000 </v>
   <v>       0.36363636       0.18181818       0.00000000 </v>
   <v>       0.45454545       0.18181818       0.00000000 </v>
   <v>      -0.45454545       0.18181818       0.00000000 </v>
   <v>      -0.36363636       0.18181818       0.00000000 </v>
   <v>      -0.27272727       0.18181818       0.00000000 </v>
   <v>      -0.18181818       0.18181818       0.00000000 </v>
   <v>       0.27272727       0.27272727       0.00000000 </v>
   <v>       0.36363636       0.27272727       0.00000000 </v>
   <v>       0.45454545       0.27272727       0.00000000 </v>
   <v>      -0.45454545       0.27272727       0.00000000 </v>
   <v>      -0.36363636       0.27272727       0.00000000 </v>
   <v>      -0.27272727       0.27272727       0.00000000 </v>
   <v>       0.36363636       0.36363636       0.00000000 </v>
   <v>       0.45454545       0.36363636       0.00000000 </v>
   <v>      -0.45454545       0.36363636       0.00000000 </v>
   <v>      -0.36363636       0.36363636       0.00000000 </v>
   <v>       0.45454545       0.45454545       0.00000000 </v>
   <v>      -0.45454545       0.45454545       0.00000000 </v>
   <v>       0.27272727       0.18181818       0.09090909 </v>
   <v>       0.36363636       0.18181818       0.09090909 </v>
   <v>       0.45454545       0.18181818       0.09090909 </v>
   <v>      -0.45454545       0.18181818       0.09090909 </v>
   <v>       0.36363636       0.27272727       0.09090909 </v>
   <v>       0.45454545       0.27272727       0.09090909 </v>
   <v>      -0.45454545       0.27272727       0.09090909 </v>
   <v>      -0.36363636       0.27272727       0.09090909 </v>
   <v>      -0.27272727       0.27272727       0.09090909 </v>
   <v>      -0.18181818       0.27272727       0.09090909 </v>
   <v>       0.45454545       0.36363636       0.09090909 </v>
   <v>      -0.45454545       0.36363636       0.09090909 </v>
   <v>      -0.36363636       0.36363636       0.09090909 </v>
   <v>      -0.27272727       0.36363636       0.09090909 </v>
   <v>      -0.45454545       0.45454545       0.09090909 </v>
   <v>      -0.36363636       0.45454545       0.09090909 </v>
   <v>      -0.45454545       0.36363636       0.18181818 </v>
   <v>      -0.36363636       0.36363636       0.18181818 </v>
   <v>      -0.36363636       0.45454545       0.18181818 </v>
   <v>      -0.27272727       0.45454545       0.18181818 </v>
  </varray>
  <varray name="weights" >
   <v>       0.00075131 </v>
   <v>       0.00601052 </v>
   <v>       0.00601052 </v>
   <v>       0.00601052 </v>
   <v>       0.00601052 </v>
   <v>       0.00601052 </v>
   <v>       0.00450789 </v>
   <v>       0.01803156 </v>
   <v>       0.01803156 </v>
   <v>       0.01803156 </v>
   <v>       0.01803156 </v>
   <v>       0.01803156 </v>
   <v>       0.01803156 </v>
   <v>       0.01803156 </v>
   <v>       0.01803156 </v>
   <v>       0.00901578 </v>
   <v>       0.00450789 </v>
   <v>       0.01803156 </v>
   <v>       0.01803156 </v>
   <v>       0.01803156 </v>
   <v>       0.01803156 </v>
   <v>       0.01803156 </v>
   <v>       0.01803156 </v>
   <v>       0.00901578 </v>
   <v>       0.00450789 </v>
   <v>       0.01803156 </v>
   <v>       0.01803156 </v>
   <v>       0.01803156 </v>
   <v>       0.01803156 </v>
   <v>       0.00901578 </v>
   <v>       0.00450789 </v>
   <v>       0.01803156 </v>
   <v>       0.01803156 </v>
   <v>       0.00901578 </v>
   <v>       0.00450789 </v>
   <v>       0.00901578 </v>
   <v>       0.01803156 </v>
   <v>       0.03606311 </v>
   <v>       0.03606311 </v>
   <v>       0.03606311 </v>
   <v>       0.01803156 </v>
   <v>       0.03606311 </v>
   <v>       0.03606311 </v>
   <v>       0.03606311 </v>
   <v>       0.03606311 </v>
   <v>       0.01803156 </v>
   <v>       0.01803156 </v>
   <v>       0.03606311 </v>
   <v>       0.03606311 </v>
   <v>       0.01803156 </v>
   <v>       0.01803156 </v>
   <v>       0.01803156 </v>
   <v>       0.01803156 </v>
   <v>       0.03606311 </v>
   <v>       0.01803156 </v>
   <v>       0.01803156 </v>
  </varray>
 </kpoints>
 <parameters>
  <separator name="general" >
   <i type="string" name="SYSTEM">unknown system</i>
   <i type="logical" name="LCOMPAT"> F  </i>
  </separator>
  <separator name="electronic" >
   <i type="string" name="PREC">normal</i>
   <i name="ENMAX">    250.00000000</i>
   <i name="ENAUG">    322.06900000</i>
   <i name="EDIFF">      0.00010000</i>
   <i type="int" name="IALGO">    38</i>
   <i type="int" name="IWAVPR">    11</i>
   <i type="int" name="NBANDS">     8</i>
   <i name="NELECT">      8.00000000</i>
   <i type="int" name="TURBO">     0</i>
   <i type="int" name="IRESTART">     0</i>
   <i type="int" name="NREBOOT">     0</i>
   <i type="int" name="NMIN">     0</i>
   <i name="EREF">      0.00000000</i>
   <separator name="electronic smearing" >
    <i type="int" name="ISMEAR">     0</i>
    <i name="SIGMA">      0.10000000</i>
    <i name="KSPACING">      0.50000000</i>
    <i type="logical" name="KGAMMA"> T  </i>
   </separator>
   <separator name="electronic projectors" >
    <i type="logical" name="LREAL"> F  </i>
    <v name="ROPT">      0.00000000</v>
    <i type="int" name="LMAXPAW">  -100</i>
    <i type="int" name="LMAXMIX">     2</i>
    <i type="logical" name="NLSPLINE"> F  </i>
   </separator>
   <separator name="electronic startup" >
    <i type="int" name="ISTART">     1</i>
    <i type="int" name="ICHARG">     0</i>
    <i type="int" name="INIWAV">     1</i>
   </separator>
   <separator name="electronic spin" >
    <i type="int" name="ISPIN">     1</i>
    <i type="logical" name="LNONCOLLINEAR"> F  </i>
    <v name="MAGMOM">      1.00000000      1.00000000</v>
    <i name="NUPDOWN">     -1.00000000</i>
    <i type="logical" name="LSORBIT"> F  </i>
    <v name="SAXIS">      0.00000000      0.00000000      1.00000000</v>
    <i type="logical" name="LSPIRAL"> F  </i>
    <v name="QSPIRAL">      0.00000000      0.00000000      0.00000000</v>
    <i type="logical" name="LZEROZ"> F  </i>
   </separator>
   <separator name="electronic exchange-correlation" >
    <i type="logical" name="LASPH"> F  </i>
    <i type="logical" name="LMETAGGA"> F  </i>
   </separator>
   <separator name="electronic convergence" >
    <i type="int" name="NELM">    60</i>
    <i type="int" name="NELMDL">     0</i>
    <i type="int" name="NELMIN">     2</i>
    <i name="ENINI">    250.00000000</i>
    <separator name="electronic convergence detail" >
     <i type="logical" name="LDIAG"> T  </i>
     <i type="logical" name="LSUBROT"> F  </i>
     <i name="WEIMIN">      0.00100000</i>
     <i name="EBREAK">      0.00000313</i>
     <i name="DEPER">      0.30000000</i>
     <i type="int" name="NRMM">     4</i>
     <i name="TIME">      0.40000000</i>
    </separator>
   </separator>
   <separator name="electronic mixer" >
    <i name="AMIX">      0.40000000</i>
    <i name="BMIX">      1.00000000</i>
    <i name="AMIN">      0.10000000</i>
    <i name="AMIX_MAG">      1.60000000</i>
    <i name="BMIX_MAG">      1.00000000</i>
    <separator name="electronic mixer details" >
     <i type="int" name="IMIX">     4</i>
     <i type="logical" name="MIXFIRST"> F  </i>
     <i type="int" name="MAXMIX">   -45</i>
     <i name="WC">    100.00000000</i>
     <i type="int" name="INIMIX">     1</i>
     <i type="int" name="MIXPRE">     1</i>
     <i type="int" name="MREMOVE">     5</i>
    </separator>
   </separator>
   <separator name="electronic dipolcorrection" >
    <i type="logical" name="LDIPOL"> F  </i>
    <i type="logical" name="LMONO"> F  </i>
    <i type="int" name="IDIPOL">     0</i>
    <i name="EPSILON">      1.00000000</i>
    <v name="DIPOL">   -100.00000000   -100.00000000   -100.00000000</v>
    <i name="EFIELD">      0.00000000</i>
   </separator>
  </separator>
  <separator name="grids" >
   <i type="int" name="NGX">    16</i>
   <i type="int" name="NGY">    16</i>
   <i type="int" name="NGZ">    16</i>
   <i type="int" name="NGXF">    32</i>
   <i type="int" name="NGYF">    32</i>
   <i type="int" name="NGZF">    32</i>
   <i type="logical" name="ADDGRID"> F  </i>
  </separator>
  <separator name="ionic" >
   <i type="int" name="NSW">   100</i>
   <i type="int" name="IBRION">     2</i>
   <i type="int" name="ISIF">     3</i>
   <i name="PSTRESS">      0.00000000</i>
   <i name="EDIFFG">      0.00100000</i>
   <i type="int" name="NFREE">     1</i>
   <i name="POTIM">      0.50000000</i>
   <i name="SMASS">     -3.00000000</i>
   <i name="SCALEE">      1.00000000</i>
  </separator>
  <separator name="ionic md" >
   <i name="TEBEG">      0.00010000</i>
   <i name="TEEND">      0.00010000</i>
   <i type="int" name="NBLOCK">     1</i>
   <i type="int" name="KBLOCK">   100</i>
   <i type="int" name="NPACO">   256</i>
   <i name="APACO">     16.00000000</i>
  </separator>
  <separator name="symmetry" >
   <i type="int" name="ISYM">     2</i>
   <i name="SYMPREC">      0.00001000</i>
  </separator>
  <separator name="dos" >
   <i type="logical" name="LORBIT"> F  </i>
   <v name="RWIGS">     -1.00000000</v>
   <i type="int" name="NEDOS">   301</i>
   <i name="EMIN">     10.00000000</i>
   <i name="EMAX">    -10.00000000</i>
   <i name="EFERMI">      0.00000000</i>
  </separator>
  <separator name="writing" >
   <i type="int" name="NWRITE">     2</i>
   <i type="logical" name="LWAVE"> T  </i>
   <i type="logical" name="LCHARG"> T  </i>
   <i type="logical" name="LPARD"> F  </i>
   <i type="logical" name="LVTOT"> F  </i>
   <i type="logical" name="LVHAR"> F  </i>
   <i type="logical" name="LELF"> F  </i>
   <i type="logical" name="LOPTICS"> F  </i>
   <v name="STM">      0.00000000      0.00000000      0.00000000      0.00000000      0.00000000      0.00000000      0.00000000</v>
  </separator>
  <separator name="performance" >
   <i type="int" name="NPAR">     1</i>
   <i type="int" name="NSIM">     4</i>
   <i type="int" name="NBLK">    -1</i>
   <i type="logical" name="LPLANE"> T  </i>
   <i type="logical" name="LSCALAPACK"> F  </i>
   <i type="logical" name="LSCAAWARE"> F  </i>
   <i type="logical" name="LSCALU"> F  </i>
   <i type="logical" name="LASYNC"> F  </i>
   <i type="logical" name="LORBITALREAL"> F  </i>
  </separator>
  <separator name="miscellaneous" >
   <i type="int" name="IDIOT">     3</i>
   <i type="logical" name="LMUSIC"> F  </i>
   <v name="POMASS">     28.08500000</v>
   <v name="DARWINR">      0.00000000</v>
   <v name="DARWINV">      1.00000000</v>
   <i type="logical" name="LCORR"> T  </i>
  </separator>
  <i type="logical" name="GGA_COMPAT"> T  </i>
  <i type="logical" name="LBERRY"> F  </i>
  <i type="int" name="ICORELEVEL">     0</i>
  <i type="logical" name="LDAU"> F  </i>
  <i type="int" name="I_CONSTRAINED_M">     0</i>
  <separator name="electronic exchange-correlation" >
   <i type="string" name="GGA">--</i>
   <i type="int" name="VOSKOWN">     0</i>
   <i type="logical" name="LHFCALC"> F  </i>
   <i type="string" name="PRECFOCK"></i>
   <i type="logical" name="LSYMGRAD"> F  </i>
   <i type="logical" name="LHFONE"> F  </i>
   <i type="logical" name="LRHFCALC"> F  </i>
   <i type="logical" name="LTHOMAS"> F  </i>
   <i type="logical" name="LMODELHF"> F  </i>
   <i name="ENCUT4O">     -1.00000000</i>
   <i type="int" name="EXXOEP">     0</i>
   <i type="int" name="FOURORBIT">     0</i>
   <i name="AEXX">      0.00000000</i>
   <i name="HFALPHA">      0.00000000</i>
   <i name="MCALPHA">      0.00000000</i>
   <i name="ALDAX">      1.00000000</i>
   <i name="AGGAX">      1.00000000</i>
   <i name="ALDAC">      1.00000000</i>
   <i name="AGGAC">      1.00000000</i>
   <i type="int" name="NKREDX">     1</i>
   <i type="int" name="NKREDY">     1</i>
   <i type="int" name="NKREDZ">     1</i>
   <i type="logical" name="SHIFTRED"> F  </i>
   <i type="logical" name="ODDONLY"> F  </i>
   <i type="logical" name="EVENONLY"> F  </i>
   <i type="int" name="LMAXFOCK">     0</i>
   <i type="int" name="NMAXFOCKAE">     0</i>
   <i type="logical" name="LFOCKAEDFT"> F  </i>
   <i name="HFSCREEN">      0.00000000</i>
   <i name="HFSCREENC">      0.00000000</i>
   <i type="int" name="NBANDSGWLOW">     0</i>
  </separator>
  <separator name="vdW DFT" >
   <i type="logical" name="LUSE_VDW"> F  </i>
   <i name="Zab_VDW">     -0.84910000</i>
   <i name="PARAM1">      0.12340000</i>
   <i name="PARAM2">      1.00000000</i>
   <i name="PARAM3">      0.00000000</i>
  </separator>
  <separator name="model GW" >
   <i type="int" name="MODEL_GW">     0</i>
   <i name="MODEL_EPS0">     12.00772552</i>
   <i name="MODEL_ALPHA">      1.00000000</i>
  </separator>
  <separator name="linear response parameters" >
   <i type="logical" name="LEPSILON"> F  </i>
   <i type="logical" name="LRPA"> F  </i>
   <i type="logical" name="LNABLA"> F  </i>
   <i type="logical" name="LVEL"> F  </i>
   <i type="int" name="KINTER">     0</i>
   <i name="CSHIFT">      0.10000000</i>
   <i name="OMEGAMAX">     -1.00000000</i>
   <i name="DEG_THRESHOLD">      0.00200000</i>
  </separator>
  <separator name="orbital magnetization" >
   <i type="logical" name="NUCIND"> F  </i>
   <v name="MAGPOS">      0.00000000      0.00000000      0.00000000</v>
   <i type="logical" name="LNICSALL"> T  </i>
   <i type="logical" name="ORBITALMAG"> F  </i>
   <i type="logical" name="LMAGBLOCH"> F  </i>
   <i type="logical" name="LCHIMAG"> F  </i>
   <i type="logical" name="LGAUGE"> T  </i>
   <i type="int" name="MAGATOM">     0</i>
   <v name="MAGDIPOL">      0.00000000      0.00000000      0.00000000</v>
   <v name="AVECCONST">      0.00000000      0.00000000      0.00000000</v>
  </separator>
  <separator name="response functions" >
   <i type="logical" name="LADDER"> F  </i>
   <i type="logical" name="LFXC"> F  </i>
   <i type="logical" name="LHARTREE"> T  </i>
   <i type="int" name="IBSE">     0</i>
   <v type="int" name="KPOINT">    -1     0     0     0</v>
   <i type="logical" name="LTCTE"> F  </i>
   <i type="logical" name="LTETE"> F  </i>
   <i type="logical" name="LTRIPLET"> F  </i>
   <i type="logical" name="LFXCEPS"> F  </i>
   <i type="logical" name="LFXHEG"> F  </i>
   <i type="int" name="NATURALO">     0</i>
   <i type="logical" name="L2ORDER"> F  </i>
   <i type="logical" name="LUSEW"> F  </i>
   <i name="ENCUTGW">     -2.00000000</i>
   <i name="ENCUTGWSOFT">     -2.00000000</i>
   <i name="ENCUTLF">     -1.00000000</i>
   <i type="int" name="LMAXMP2">    -1</i>
   <i name="SCISSOR">      0.00000000</i>
   <i type="int" name="NOMEGA">     0</i>
   <i type="int" name="NOMEGAR">     0</i>
   <i type="int" name="NBANDSGW">    -1</i>
   <i type="int" name="NBANDSO">    -1</i>
   <i type="int" name="NBANDSV">    -1</i>
   <i type="int" name="NELM">     1</i>
   <i type="int" name="NELMHF">     1</i>
   <i type="int" name="DIM">     3</i>
   <i type="int" name="ANTIRES">     0</i>
   <i name="OMEGAMAX">    -30.00000000</i>
   <i name="OMEGAMIN">    -30.00000000</i>
   <i name="OMEGATL">   -200.00000000</i>
   <i type="int" name="OMEGAGRID">     0</i>
   <i name="CSHIFT">     -0.10000000</i>
   <i type="logical" name="SELFENERGY"> F  </i>
   <i type="logical" name="LSPECTRAL"> F  </i>
   <i type="logical" name="LSPECTRALGW"> F  </i>
   <i type="logical" name="LSINGLES"> F  </i>
   <i type="logical" name="LFERMIGW"> F  </i>
   <i type="logical" name="ODDONLYGW"> F  </i>
   <i type="logical" name="EVENONLYGW"> F  </i>
   <i type="int" name="NKREDLFX">     1</i>
   <i type="int" name="NKREDLFY">     1</i>
   <i type="int" name="NKREDLFZ">     1</i>
   <i type="int" name="MAXMEM">  1800</i>
   <i type="int" name="TELESCOPE">     0</i>
   <i type="int" name="TAUPAR">     1</i>
   <i type="int" name="OMEGAPAR">    -1</i>
   <i name="LAMBDA">      1.00000000</i>
  </separator>
  <separator name="External order field" >
   <i name="OFIELD_KAPPA">      0.00000000</i>
   <v name="OFIELD_K">      0.00000000      0.00000000      0.00000000</v>
   <i name="OFIELD_Q6_NEAR">      0.00000000</i>
   <i name="OFIELD_Q6_FAR">      0.00000000</i>
   <i name="OFIELD_A">      0.00000000</i>
  </separator>
 </parameters>
 <atominfo>
  <atoms>       2 </atoms>
  <types>       1 </types>
  <array name="atoms" >
   <dimension dim="1">ion</dimension>
   <field type="string">element</field>
   <field type="int">atomtype</field>
   <set>
    <rc><c>Si</c><c>   1</c></rc>
    <rc><c>Si</c><c>   1</c></rc>
   </set>
  </array>
  <array name="atomtypes" >
   <dimension dim="1">type</dimension>
   <field type="int">atomspertype</field>
   <field type="string">element</field>
   <field>mass</field>
   <field>valence</field>
   <field type="string">pseudopotential</field>
   <set>
    <rc><c>   2</c><c>Si</c><c>     28.08500000</c><c>      4.00000000</c><c>  PAW_PBE Si 05Jan2001                  </c></rc>
   </set>
  </array>
 </atominfo>
 <structure name="initialpos" >
  <crystal>
   <varray name="basis" >
    <v>       0.00000000       2.71500000       2.71500000 </v>
    <v>       2.71500000       0.00000000       2.71500000 </v>
    <v>       2.71500000       2.71500000       0.00000000 </v>
   </varray>
   <i name="volume">     40.02575175 </i>
   <varray name="rec_basis" >
    <v>      -0.18416206       0.18416206       0.18416206 </v>
    <v>       0.18416206      -0.18416206       0.18416206 </v>
    <v>       0.18416206       0.18416206      -0.18416206 </v>
   </varray>
  </crystal>
  <varray name="positions" >
   <v>       0.12500000       0.12500000       0.12500000 </v>
   <v>       0.87500000       0.87500000       0.87500000 </v>
  </varray>
 </structure>
 <calculation>
  <scstep>
   <time name="dav">    1.45    1.45</time>
   <time name="total">    1.64    1.64</time>
   <energy>
    <i name="alphaZ">      3.36414726 </i>
    <i name="ewald">   -228.56352493 </i>
    <i name="hartreedc">    -15.21090531 </i>
    <i name="XCdc">    -17.93930609 </i>
    <i name="pawpsdc">    936.84307334 </i>
    <i name="pawaedc">   -901.91484602 </i>
    <i name="eentropy">     -0.00000010 </i>
    <i name="bandstr">      6.47269863 </i>
    <i name="atom">    206.12349923 </i>
    <i name="e_fr_energy">    -10.82516398 </i>
    <i name="e_wo_entrp">    -10.82516388 </i>
    <i name="e_0_energy">    -10.82516393 </i>
   </energy>
  </scstep>
  <scstep>
   <time name="dav">    1.47    1.47</time>
   <time name="total">    1.65    1.65</time>
   <energy>
    <i name="e_fr_energy">    -10.82399791 </i>
    <i name="e_wo_entrp">    -10.82399784 </i>
    <i name="e_0_energy">    -10.82399787 </i>
   </energy>
  </scstep>
  <scstep>
   <time name="dav">    1.33    1.33</time>
   <time name="total">    1.51    1.51</time>
   <energy>
    <i name="e_fr_energy">    -10.82345504 </i>
    <i name="e_wo_entrp">    -10.82345500 </i>
    <i name="e_0_energy">    -10.82345502 </i>
   </energy>
  </scstep>
  <scstep>
   <time name="dav">    0.81    0.81</time>
   <time name="total">    0.88    0.88</time>
   <energy>
    <i name="alphaZ">      3.36414726 </i>
    <i name="ewald">   -228.56352493 </i>
    <i name="hartreedc">    -14.91135896 </i>
    <i name="XCdc">    -17.95502589 </i>
    <i name="pawpsdc">   1020.07113655 </i>
    <i name="pawaedc">   -985.11394053 </i>
    <i name="eentropy">     -0.00000004 </i>
    <i name="bandstr">      6.16161008 </i>
    <i name="atom">    206.12349923 </i>
    <i name="e_fr_energy">    -10.82345722 </i>
    <i name="e_wo_entrp">    -10.82345718 </i>
    <i name="e_0_energy">    -10.82345720 </i>
   </energy>
  </scstep>
  <structure>
   <crystal>
    <varray name="basis" >
     <v>       0.00000000       2.71500000       2.71500000 </v>
     <v>       2.71500000       0.00000000       2.71500000 </v>
     <v>       2.71500000       2.71500000       0.00000000 </v>
    </varray>
    <i name="volume">     40.02575175 </i>
    <varray name="rec_basis" >
     <v>      -0.18416206       0.18416206       0.18416206 </v>
     <v>       0.18416206      -0.18416206       0.18416206 </v>
     <v>       0.18416206       0.18416206      -0.18416206 </v>
    </varray>
   </crystal>
   <varray name="positions" >
    <v>       0.12500000       0.12500000       0.12500000 </v>
    <v>       0.87500000       0.87500000       0.87500000 </v>
   </varray>
  </structure>
  <varray name="forces" >
   <v>       0.00000000       0.00000000       0.00000000 </v>
   <v>       0.00000000       0.00000000       0.00000000 </v>
  </varray>
  <varray name="stress" >
   <v>      17.87157843       0.00000000       0.00000000 </v>
   <v>       0.00000000      17.87157843       0.00000000 </v>
   <v>       0.00000000       0.00000000      17.87157843 </v>
  </varray>
  <energy>
   <i name="e_fr_energy">    -10.82345722 </i>
   <i name="e_wo_entrp">    -10.82345720 </i>
   <i name="e_0_energy">     -0.00000004 </i>
  </energy>
  <time name="totalsc">    6.76    6.76</time>
 </calculation>
 <calculation>
  <scstep>
   <time name="dav">    1.39    1.39</time>
   <time name="total">    1.57    1.57</time>
   <energy>
    <i name="alphaZ">      3.25775705 </i>
    <i name="ewald">   -226.12825084 </i>
    <i name="hartreedc">    -14.74898719 </i>
    <i name="XCdc">    -18.11148715 </i>
    <i name="pawpsdc">   1013.60612653 </i>
    <i name="pawaedc">   -978.65014796 </i>
    <i name="eentropy">      0.00000000 </i>
    <i name="bandstr">      3.81988434 </i>
    <i name="atom">    206.12349923 </i>
    <i name="e_fr_energy">    -10.83160601 </i>
    <i name="e_wo_entrp">    -10.83160601 </i>
    <i name="e_0_energy">    -10.83160601 </i>
   </energy>
  </scstep>
  <scstep>
   <time name="dav">    1.48    1.48</time>
   <time name="total">    1.66    1.66</time>
   <energy>
    <i name="e_fr_energy">    -10.82782157 </i>
    <i name="e_wo_entrp">    -10.82782157 </i>
    <i name="e_0_energy">    -10.82782157 </i>
   </energy>
  </scstep>
  <scstep>
   <time name="dav">    1.35    1.35</time>
   <time name="total">    1.53    1.53</time>
   <energy>
    <i name="e_fr_energy">    -10.82587596 </i>
    <i name="e_wo_entrp">    -10.82587596 </i>
    <i name="e_0_energy">    -10.82587596 </i>
   </energy>
  </scstep>
  <scstep>
   <time name="dav">    0.94    0.94</time>
   <time name="total">    1.00    1.00</time>
   <energy>
    <i name="alphaZ">      3.25775705 </i>
    <i name="ewald">   -226.12825084 </i>
    <i name="hartreedc">    -15.29135089 </i>
    <i name="XCdc">    -18.09776383 </i>
    <i name="pawpsdc">    944.29752238 </i>
    <i name="pawaedc">   -909.31996656 </i>
    <i name="eentropy">     -0.00000001 </i>
    <i name="bandstr">      4.33267709 </i>
    <i name="atom">    206.12349923 </i>
    <i name="e_fr_energy">    -10.82587640 </i>
    <i name="e_wo_entrp">    -10.82587639 </i>
    <i name="e_0_energy">    -10.82587639 </i>
   </energy>
  </scstep>
  <structure>
   <crystal>
    <varray name="basis" >
     <v>       0.00000000       2.74423902       2.74423902 </v>
     <v>       2.74423902       0.00000000       2.74423902 </v>
     <v>       2.74423902       2.74423902       0.00000000 </v>
    </varray>
    <i name="volume">     41.33289290 </i>
    <varray name="rec_basis" >
     <v>      -0.18219987       0.18219987       0.18219987 </v>
     <v>       0.18219987      -0.18219987       0.18219987 </v>
     <v>       0.18219987       0.18219987      -0.18219987 </v>
    </varray>
   </crystal>
   <varray name="positions" >
    <v>       0.12500000       0.12500000       0.12500000 </v>
    <v>       0.87500000       0.87500000       0.87500000 </v>
   </varray>
  </structure>
  <varray name="forces" >
   <v>       0.00000000       0.00000000       0.00000000 </v>
   <v>       0.00000000       0.00000000       0.00000000 </v>
  </varray>
  <varray name="stress" >
   <v>     -11.07171602       0.00000000       0.00000000 </v>
   <v>       0.00000000     -11.07171602       0.00000000 </v>
   <v>       0.00000000       0.00000000     -11.07171602 </v>
  </varray>
  <energy>
   <i name="e_fr_energy">    -10.82587640 </i>
   <i name="e_wo_entrp">    -10.82587639 </i>
   <i name="e_0_energy">     -0.00000001 </i>
  </energy>
  <time name="totalsc">    6.79    6.79</time>
 </calculation>
 <calculation>
  <scstep>
   <time name="dav">    1.37    1.37</time>
   <time name="total">    1.55    1.55</time>
   <energy>
    <i name="alphaZ">      3.29872394 </i>
    <i name="ewald">   -227.07217325 </i>
    <i name="hartreedc">    -15.35872197 </i>
    <i name="XCdc">    -18.03986696 </i>
    <i name="pawpsdc">    962.89633679 </i>
    <i name="pawaedc">   -927.91261363 </i>
    <i name="eentropy">     -0.00000003 </i>
    <i name="bandstr">      5.23620262 </i>
    <i name="atom">    206.12349923 </i>
    <i name="e_fr_energy">    -10.82861327 </i>
    <i name="e_wo_entrp">    -10.82861325 </i>
    <i name="e_0_energy">    -10.82861326 </i>
   </energy>
  </scstep>
  <scstep>
   <time name="dav">    1.51    1.50</time>
   <time name="total">    1.68    1.68</time>
   <energy>
    <i name="e_fr_energy">    -10.82803532 </i>
    <i name="e_wo_entrp">    -10.82803530 </i>
    <i name="e_0_energy">    -10.82803531 </i>
   </energy>
  </scstep>
  <scstep>
   <time name="dav">    1.36    1.36</time>
   <time name="total">    1.54    1.54</time>
   <energy>
    <i name="e_fr_energy">    -10.82773363 </i>
    <i name="e_wo_entrp">    -10.82773362 </i>
    <i name="e_0_energy">    -10.82773363 </i>
   </energy>
  </scstep>
  <scstep>
   <time name="dav">    0.82    0.82</time>
   <time name="total">    0.89    0.89</time>
   <energy>
    <i name="alphaZ">      3.29872394 </i>
    <i name="ewald">   -227.07217325 </i>
    <i name="hartreedc">    -15.14269692 </i>
    <i name="XCdc">    -18.04511072 </i>
    <i name="pawpsdc">    987.50715597 </i>
    <i name="pawaedc">   -952.53182845 </i>
    <i name="eentropy">     -0.00000001 </i>
    <i name="bandstr">      5.03469590 </i>
    <i name="atom">    206.12349923 </i>
    <i name="e_fr_energy">    -10.82773431 </i>
    <i name="e_wo_entrp">    -10.82773430 </i>
    <i name="e_0_energy">    -10.82773430 </i>
   </energy>
  </scstep>
  <structure>
   <crystal>
    <varray name="basis" >
     <v>       0.00000000       2.73283142       2.73283142 </v>
     <v>       2.73283142       0.00000000       2.73283142 </v>
     <v>       2.73283142       2.73283142       0.00000000 </v>
    </varray>
    <i name="volume">     40.81957920 </i>
    <varray name="rec_basis" >
     <v>      -0.18296043       0.18296043       0.18296043 </v>
     <v>       0.18296043      -0.18296043       0.18296043 </v>
     <v>       0.18296043       0.18296043      -0.18296043 </v>
    </varray>
   </crystal>
   <varray name="positions" >
    <v>       0.12500000       0.12500000       0.12500000 </v>
    <v>       0.87500000       0.87500000       0.87500000 </v>
   </varray>
  </structure>
  <varray name="forces" >
   <v>       0.00000000       0.00000000       0.00000000 </v>
   <v>       0.00000000       0.00000000       0.00000000 </v>
  </varray>
  <varray name="stress" >
   <v>      -0.33700420       0.00000000       0.00000000 </v>
   <v>       0.00000000      -0.33700420       0.00000000 </v>
   <v>       0.00000000       0.00000000      -0.33700420 </v>
  </varray>
  <energy>
   <i name="e_fr_energy">    -10.82773431 </i>
   <i name="e_wo_entrp">    -10.82773430 </i>
   <i name="e_0_energy">     -0.00000001 </i>
  </energy>
  <time name="totalsc">    6.65    6.65</time>
  <eigenvalues>
   <array>
    <dimension dim="1">band</dimension>
    <dimension dim="2">kpoint</dimension>
    <dimension dim="3">spin</dimension>
    <field>eigene</field>
    <field>occ</field>
    <set>
     <set comment="spin 1">
      <set comment="kpoint 1">
       <r>   -6.1935    1.0000 </r>
       <r>    5.6443    1.0000 </r>
       <r>    5.6444    1.0000 </r>
       <r>    5.6444    1.0000 </r>
       <r>    8.2041    0.0000 </r>
       <r>    8.2041    0.0000 </r>
       <r>    8.2041    0.0000 </r>
       <r>    8.7859    0.0000 </r>
      </set>
      <set comment="kpoint 2">
       <r>   -6.0870    1.0000 </r>
       <r>    4.6571    1.0000 </r>
       <r>    5.4794    1.0000 </r>
       <r>    5.4794    1.0000 </r>
       <r>    8.1961    0.0000 </r>
       <r>    8.4471    0.0000 </r>
       <r>    8.4471    0.0000 </r>
       <r>    9.6085    0.0000 </r>
      </set>
      <set comment="kpoint 3">
       <r>   -5.7718    1.0000 </r>
       <r>    2.9908    1.0000 </r>
       <r>    5.1414    1.0000 </r>
       <r>    5.1415    1.0000 </r>
       <r>    7.8746    0.0000 </r>
       <r>    8.9162    0.0000 </r>
       <r>    8.9162    0.0000 </r>
       <r>   11.2060    0.0000 </r>
      </set>
      <set comment="kpoint 4">
       <r>   -5.2643    1.0000 </r>
       <r>    1.3506    1.0000 </r>
       <r>    4.8205    1.0000 </r>
       <r>    4.8205    1.0000 </r>
       <r>    7.5306    0.0000 </r>
       <r>    9.1713    0.0000 </r>
       <r>    9.1713    0.0000 </r>
       <r>   12.7756    0.0000 </r>
      </set>
      <set comment="kpoint 5">
       <r>   -4.6161    1.0000 </r>
       <r>   -0.0862    1.0000 </r>
       <r>    4.5901    1.0000 </r>
       <r>    4.5902    1.0000 </r>
       <r>    7.2714    0.0000 </r>
       <r>    9.1226    0.0000 </r>
       <r>    9.1226    0.0000 </r>
       <r>   13.4898    0.0000 </r>
      </set>
      <set comment="kpoint 6">
       <r>   -4.0193    1.0000 </r>
       <r>   -1.0838    1.0000 </r>
       <r>    4.4727    1.0000 </r>
       <r>    4.4727    1.0000 </r>
       <r>    7.1351    0.0000 </r>
       <r>    9.0222    0.0000 </r>
       <r>    9.0223    0.0000 </r>
       <r>   13.3720    0.0000 </r>
      </set>
      <set comment="kpoint 7">
       <r>   -6.0512    1.0000 </r>
       <r>    4.8247    1.0000 </r>
       <r>    5.1597    1.0000 </r>
       <r>    5.1598    1.0000 </r>
       <r>    7.8891    0.0000 </r>
       <r>    8.8653    0.0000 </r>
       <r>    8.8653    0.0000 </r>
       <r>    9.5360    0.0000 </r>
      </set>
      <set comment="kpoint 8">
       <r>   -5.8049    1.0000 </r>
       <r>    3.4790    1.0000 </r>
       <r>    4.7667    1.0000 </r>
       <r>    4.9413    1.0000 </r>
       <r>    7.9227    0.0000 </r>
       <r>    8.8900    0.0000 </r>
       <r>    9.4515    0.0000 </r>
       <r>   10.5234    0.0000 </r>
      </set>
      <set comment="kpoint 9">
       <r>   -5.3590    1.0000 </r>
       <r>    1.8771    1.0000 </r>
       <r>    4.4503    1.0000 </r>
       <r>    4.5707    1.0000 </r>
       <r>    8.0312    0.0000 </r>
       <r>    8.8970    0.0000 </r>
       <r>    9.8068    0.0000 </r>
       <r>   10.9912    0.0000 </r>
      </set>
      <set comment="kpoint 10">
       <r>   -4.7479    1.0000 </r>
       <r>    0.3883    1.0000 </r>
       <r>    4.1926    1.0000 </r>
       <r>    4.2635    1.0000 </r>
       <r>    7.8683    0.0000 </r>
       <r>    8.9552    0.0000 </r>
       <r>    9.7472    0.0000 </r>
       <r>   11.7608    0.0000 </r>
      </set>
      <set comment="kpoint 11">
       <r>   -4.0918    1.0000 </r>
       <r>   -0.7857    1.0000 </r>
       <r>    3.8974    1.0000 </r>
       <r>    4.2226    1.0000 </r>
       <r>    7.7243    0.0000 </r>
       <r>    8.9244    0.0000 </r>
       <r>    9.5190    0.0000 </r>
       <r>   12.9855    0.0000 </r>
      </set>
      <set comment="kpoint 12">
       <r>   -3.8289    1.0000 </r>
       <r>   -1.1790    1.0000 </r>
       <r>    3.7224    1.0000 </r>
       <r>    4.3218    1.0000 </r>
       <r>    7.6951    0.0000 </r>
       <r>    8.9832    0.0000 </r>
       <r>    9.3373    0.0000 </r>
       <r>   13.6786    0.0000 </r>
      </set>
      <set comment="kpoint 13">
       <r>   -4.3007    1.0000 </r>
       <r>   -0.4443    1.0000 </r>
       <r>    3.6881    1.0000 </r>
       <r>    4.5460    1.0000 </r>
       <r>    7.7945    0.0000 </r>
       <r>    9.1733    0.0000 </r>
       <r>    9.2565    0.0000 </r>
       <r>   13.3617    0.0000 </r>
      </set>
      <set comment="kpoint 14">
       <r>   -4.9673    1.0000 </r>
       <r>    0.8646    1.0000 </r>
       <r>    3.8105    1.0000 </r>
       <r>    4.8665    1.0000 </r>
       <r>    8.0097    0.0000 </r>
       <r>    9.1821    0.0000 </r>
       <r>    9.3778    0.0000 </r>
       <r>   12.3040    0.0000 </r>
      </set>
      <set comment="kpoint 15">
       <r>   -5.5296    1.0000 </r>
       <r>    2.3951    1.0000 </r>
       <r>    4.1067    1.0000 </r>
       <r>    5.2267    1.0000 </r>
       <r>    8.3035    0.0000 </r>
       <r>    8.8947    0.0000 </r>
       <r>    9.2450    0.0000 </r>
       <r>   11.4055    0.0000 </r>
      </set>
      <set comment="kpoint 16">
       <r>   -5.9107    1.0000 </r>
       <r>    3.8505    1.0000 </r>
       <r>    4.6676    1.0000 </r>
       <r>    5.5005    1.0000 </r>
       <r>    8.4972    0.0000 </r>
       <r>    8.5356    0.0000 </r>
       <r>    8.6613    0.0000 </r>
       <r>   10.5010    0.0000 </r>
      </set>
      <set comment="kpoint 17">
       <r>   -5.6274    1.0000 </r>
       <r>    3.3231    1.0000 </r>
       <r>    4.3380    1.0000 </r>
       <r>    4.3380    1.0000 </r>
       <r>    7.2501    0.0000 </r>
       <r>    9.7288    0.0000 </r>
       <r>   10.1992    0.0000 </r>
       <r>   10.1992    0.0000 </r>
      </set>
      <set comment="kpoint 18">
       <r>   -5.2465    1.0000 </r>
       <r>    2.1788    1.0000 </r>
       <r>    3.9219    1.0000 </r>
       <r>    3.9984    1.0000 </r>
       <r>    7.3022    0.0000 </r>
       <r>    9.3352    0.0000 </r>
       <r>   10.4850    0.0000 </r>
       <r>   10.7822    0.0000 </r>
      </set>
      <set comment="kpoint 19">
       <r>   -4.6849    1.0000 </r>
       <r>    0.8262    1.0000 </r>
       <r>    3.3940    1.0000 </r>
       <r>    3.8033    1.0000 </r>
       <r>    7.5387    0.0000 </r>
       <r>    9.6918    0.0000 </r>
       <r>   10.2880    0.0000 </r>
       <r>   10.8693    0.0000 </r>
      </set>
      <set comment="kpoint 20">
       <r>   -4.0173    1.0000 </r>
       <r>   -0.3928    1.0000 </r>
       <r>    2.9225    1.0000 </r>
       <r>    3.7702    1.0000 </r>
       <r>    7.5790    0.0000 </r>
       <r>   10.0530    0.0000 </r>
       <r>   10.6235    0.0000 </r>
       <r>   10.9018    0.0000 </r>
      </set>
      <set comment="kpoint 21">
       <r>   -3.5458    1.0000 </r>
       <r>   -1.0884    1.0000 </r>
       <r>    2.5913    1.0000 </r>
       <r>    3.8985    1.0000 </r>
       <r>    7.6739    0.0000 </r>
       <r>    9.9273    0.0000 </r>
       <r>   10.3345    0.0000 </r>
       <r>   12.5134    0.0000 </r>
      </set>
      <set comment="kpoint 22">
       <r>   -3.8243    1.0000 </r>
       <r>   -0.6851    1.0000 </r>
       <r>    2.4424    1.0000 </r>
       <r>    4.1726    1.0000 </r>
       <r>    7.9193    0.0000 </r>
       <r>    9.9234    0.0000 </r>
       <r>   10.1104    0.0000 </r>
       <r>   13.3219    0.0000 </r>
      </set>
      <set comment="kpoint 23">
       <r>   -4.4831    1.0000 </r>
       <r>    0.4129    1.0000 </r>
       <r>    2.5264    1.0000 </r>
       <r>    4.5541    1.0000 </r>
       <r>    8.2753    0.0000 </r>
       <r>    9.8602    0.0000 </r>
       <r>    9.9798    0.0000 </r>
       <r>   11.9331    0.0000 </r>
      </set>
      <set comment="kpoint 24">
       <r>   -5.0891    1.0000 </r>
       <r>    1.5885    1.0000 </r>
       <r>    3.0063    1.0000 </r>
       <r>    4.9621    1.0000 </r>
       <r>    8.5896    0.0000 </r>
       <r>    9.3708    0.0000 </r>
       <r>    9.6714    0.0000 </r>
       <r>   11.2606    0.0000 </r>
      </set>
      <set comment="kpoint 25">
       <r>   -4.9302    1.0000 </r>
       <r>    1.7149    1.0000 </r>
       <r>    3.6253    1.0000 </r>
       <r>    3.6253    1.0000 </r>
       <r>    6.6683    0.0000 </r>
       <r>    8.4647    0.0000 </r>
       <r>   11.7489    0.0000 </r>
       <r>   11.7489    0.0000 </r>
      </set>
      <set comment="kpoint 26">
       <r>   -4.4249    1.0000 </r>
       <r>    0.7716    1.0000 </r>
       <r>    3.0962    1.0000 </r>
       <r>    3.3959    1.0000 </r>
       <r>    6.8009    0.0000 </r>
       <r>    8.1776    0.0000 </r>
       <r>   12.0287    0.0000 </r>
       <r>   12.2188    0.0000 </r>
      </set>
      <set comment="kpoint 27">
       <r>   -3.7764    1.0000 </r>
       <r>   -0.2430    1.0000 </r>
       <r>    2.3802    1.0000 </r>
       <r>    3.3343    1.0000 </r>
       <r>    7.0035    0.0000 </r>
       <r>    8.9181    0.0000 </r>
       <r>   11.8658    0.0000 </r>
       <r>   12.0894    0.0000 </r>
      </set>
      <set comment="kpoint 28">
       <r>   -3.1748    1.0000 </r>
       <r>   -1.0303    1.0000 </r>
       <r>    1.8162    1.0000 </r>
       <r>    3.4450    1.0000 </r>
       <r>    7.1369    0.0000 </r>
       <r>   10.3861    0.0000 </r>
       <r>   11.6933    0.0000 </r>
       <r>   11.7686    0.0000 </r>
      </set>
      <set comment="kpoint 29">
       <r>   -3.2307    1.0000 </r>
       <r>   -0.9519    1.0000 </r>
       <r>    1.5364    1.0000 </r>
       <r>    3.7153    1.0000 </r>
       <r>    7.4210    0.0000 </r>
       <r>   11.4118    0.0000 </r>
       <r>   11.4390    0.0000 </r>
       <r>   12.3144    0.0000 </r>
      </set>
      <set comment="kpoint 30">
       <r>   -3.8532    1.0000 </r>
       <r>   -0.2042    1.0000 </r>
       <r>    1.6961    1.0000 </r>
       <r>    4.1115    1.0000 </r>
       <r>    7.8551    0.0000 </r>
       <r>   10.8104    0.0000 </r>
       <r>   11.1691    0.0000 </r>
       <r>   11.9756    0.0000 </r>
      </set>
      <set comment="kpoint 31">
       <r>   -3.9748    1.0000 </r>
       <r>    0.1163    1.0000 </r>
       <r>    3.1242    1.0000 </r>
       <r>    3.1242    1.0000 </r>
       <r>    6.3204    0.0000 </r>
       <r>    7.3419    0.0000 </r>
       <r>   13.3991    0.0000 </r>
       <r>   13.3992    0.0000 </r>
      </set>
      <set comment="kpoint 32">
       <r>   -3.3629    1.0000 </r>
       <r>   -0.6886    1.0000 </r>
       <r>    2.5999    1.0000 </r>
       <r>    3.0199    1.0000 </r>
       <r>    6.5290    0.0000 </r>
       <r>    7.3501    0.0000 </r>
       <r>   13.7202    0.0000 </r>
       <r>   13.7282    0.0000 </r>
      </set>
      <set comment="kpoint 33">
       <r>   -2.7009    1.0000 </r>
       <r>   -1.3952    1.0000 </r>
       <r>    1.8374    1.0000 </r>
       <r>    3.0919    1.0000 </r>
       <r>    6.6991    0.0000 </r>
       <r>    8.5195    0.0000 </r>
       <r>   13.4470    0.0000 </r>
       <r>   13.5820    0.0000 </r>
      </set>
      <set comment="kpoint 34">
       <r>   -2.6408    1.0000 </r>
       <r>   -1.4249    1.0000 </r>
       <r>    1.3614    1.0000 </r>
       <r>    3.3328    1.0000 </r>
       <r>    6.9725    0.0000 </r>
       <r>   10.2279    0.0000 </r>
       <r>   12.7677    0.0000 </r>
       <r>   13.3105    0.0000 </r>
      </set>
      <set comment="kpoint 35">
       <r>   -2.7875    1.0000 </r>
       <r>   -1.4062    1.0000 </r>
       <r>    2.8684    1.0000 </r>
       <r>    2.8684    1.0000 </r>
       <r>    6.2849    0.0000 </r>
       <r>    6.6128    0.0000 </r>
       <r>   15.0715    0.0000 </r>
       <r>   15.0715    0.0000 </r>
      </set>
      <set comment="kpoint 36">
       <r>   -2.1529    1.0000 </r>
       <r>   -2.0409    1.0000 </r>
       <r>    2.4366    1.0000 </r>
       <r>    2.8930    1.0000 </r>
       <r>    6.4658    0.0000 </r>
       <r>    7.0410    0.0000 </r>
       <r>   14.9858    0.0000 </r>
       <r>   15.2136    0.0000 </r>
      </set>
      <set comment="kpoint 37">
       <r>   -5.4917    1.0000 </r>
       <r>    2.6214    1.0000 </r>
       <r>    3.8397    1.0000 </r>
       <r>    4.8290    1.0000 </r>
       <r>    7.9816    0.0000 </r>
       <r>    9.2069    0.0000 </r>
       <r>    9.9958    0.0000 </r>
       <r>   10.4205    0.0000 </r>
      </set>
      <set comment="kpoint 38">
       <r>   -4.9871    1.0000 </r>
       <r>    1.3186    1.0000 </r>
       <r>    3.2813    1.0000 </r>
       <r>    4.5142    1.0000 </r>
       <r>    8.2881    0.0000 </r>
       <r>    9.1703    0.0000 </r>
       <r>   10.3279    0.0000 </r>
       <r>   10.5384    0.0000 </r>
      </set>
      <set comment="kpoint 39">
       <r>   -4.3403    1.0000 </r>
       <r>   -0.0049    1.0000 </r>
       <r>    3.0231    1.0000 </r>
       <r>    4.1755    1.0000 </r>
       <r>    8.3138    0.0000 </r>
       <r>    8.9917    0.0000 </r>
       <r>   10.4222    0.0000 </r>
       <r>   11.3715    0.0000 </r>
      </set>
      <set comment="kpoint 40">
       <r>   -3.7387    1.0000 </r>
       <r>   -0.9690    1.0000 </r>
       <r>    2.9226    1.0000 </r>
       <r>    3.9686    1.0000 </r>
       <r>    8.2815    0.0000 </r>
       <r>    8.8026    0.0000 </r>
       <r>   10.3589    0.0000 </r>
       <r>   12.8209    0.0000 </r>
      </set>
      <set comment="kpoint 41">
       <r>   -4.8044    1.0000 </r>
       <r>    1.3387    1.0000 </r>
       <r>    3.1330    1.0000 </r>
       <r>    3.8377    1.0000 </r>
       <r>    7.4276    0.0000 </r>
       <r>    8.9552    0.0000 </r>
       <r>   10.5960    0.0000 </r>
       <r>   11.6346    0.0000 </r>
      </set>
      <set comment="kpoint 42">
       <r>   -4.1970    1.0000 </r>
       <r>    0.2732    1.0000 </r>
       <r>    2.5640    1.0000 </r>
       <r>    3.5299    1.0000 </r>
       <r>    7.7887    0.0000 </r>
       <r>    9.3652    0.0000 </r>
       <r>   10.2826    0.0000 </r>
       <r>   12.0263    0.0000 </r>
      </set>
      <set comment="kpoint 43">
       <r>   -3.5367    1.0000 </r>
       <r>   -0.7192    1.0000 </r>
       <r>    2.1819    1.0000 </r>
       <r>    3.3772    1.0000 </r>
       <r>    7.9211    0.0000 </r>
       <r>    9.9007    0.0000 </r>
       <r>   10.7095    0.0000 </r>
       <r>   11.9821    0.0000 </r>
      </set>
      <set comment="kpoint 44">
       <r>   -3.2763    1.0000 </r>
       <r>   -1.0608    1.0000 </r>
       <r>    1.9554    1.0000 </r>
       <r>    3.4651    1.0000 </r>
       <r>    8.1304    0.0000 </r>
       <r>    9.6364    0.0000 </r>
       <r>   11.8670    0.0000 </r>
       <r>   12.3860    0.0000 </r>
      </set>
      <set comment="kpoint 45">
       <r>   -3.7720    1.0000 </r>
       <r>   -0.3848    1.0000 </r>
       <r>    1.9479    1.0000 </r>
       <r>    3.7557    1.0000 </r>
       <r>    8.4852    0.0000 </r>
       <r>    9.4495    0.0000 </r>
       <r>   11.1635    0.0000 </r>
       <r>   11.8071    0.0000 </r>
      </set>
      <set comment="kpoint 46">
       <r>   -4.4356    1.0000 </r>
       <r>    0.5826    1.0000 </r>
       <r>    2.3224    1.0000 </r>
       <r>    4.1631    1.0000 </r>
       <r>    8.9113    0.0000 </r>
       <r>    9.0334    0.0000 </r>
       <r>   10.2935    0.0000 </r>
       <r>   11.3464    0.0000 </r>
      </set>
      <set comment="kpoint 47">
       <r>   -3.8679    1.0000 </r>
       <r>   -0.0192    1.0000 </r>
       <r>    2.6637    1.0000 </r>
       <r>    3.0498    1.0000 </r>
       <r>    7.0786    0.0000 </r>
       <r>    7.9343    0.0000 </r>
       <r>   11.9663    0.0000 </r>
       <r>   13.3691    0.0000 </r>
      </set>
      <set comment="kpoint 48">
       <r>   -3.1989    1.0000 </r>
       <r>   -0.8311    1.0000 </r>
       <r>    2.0329    1.0000 </r>
       <r>    2.8746    1.0000 </r>
       <r>    7.4232    0.0000 </r>
       <r>    8.7372    0.0000 </r>
       <r>   11.6182    0.0000 </r>
       <r>   13.7253    0.0000 </r>
      </set>
      <set comment="kpoint 49">
       <r>   -2.7400    1.0000 </r>
       <r>   -1.3210    1.0000 </r>
       <r>    1.5209    1.0000 </r>
       <r>    2.9888    1.0000 </r>
       <r>    7.6354    0.0000 </r>
       <r>   10.2966    0.0000 </r>
       <r>   11.3155    0.0000 </r>
       <r>   12.9034    0.0000 </r>
      </set>
      <set comment="kpoint 50">
       <r>   -3.1199    1.0000 </r>
       <r>   -0.9257    1.0000 </r>
       <r>    1.4184    1.0000 </r>
       <r>    3.3067    1.0000 </r>
       <r>    8.0012    0.0000 </r>
       <r>   10.7046    0.0000 </r>
       <r>   11.4274    0.0000 </r>
       <r>   12.3177    0.0000 </r>
      </set>
      <set comment="kpoint 51">
       <r>   -2.7161    1.0000 </r>
       <r>   -1.4048    1.0000 </r>
       <r>    2.4750    1.0000 </r>
       <r>    2.5951    1.0000 </r>
       <r>    7.0135    0.0000 </r>
       <r>    7.2849    0.0000 </r>
       <r>   13.4867    0.0000 </r>
       <r>   14.8698    0.0000 </r>
      </set>
      <set comment="kpoint 52">
       <r>   -2.2212    1.0000 </r>
       <r>   -1.8446    1.0000 </r>
       <r>    1.8293    1.0000 </r>
       <r>    2.6667    1.0000 </r>
       <r>    7.2935    0.0000 </r>
       <r>    8.5309    0.0000 </r>
       <r>   13.0362    0.0000 </r>
       <r>   13.2660    0.0000 </r>
      </set>
      <set comment="kpoint 53">
       <r>   -3.5637    1.0000 </r>
       <r>   -0.4071    1.0000 </r>
       <r>    1.9204    1.0000 </r>
       <r>    3.0742    1.0000 </r>
       <r>    8.7190    0.0000 </r>
       <r>    9.3742    0.0000 </r>
       <r>    9.9079    0.0000 </r>
       <r>   13.2683    0.0000 </r>
      </set>
      <set comment="kpoint 54">
       <r>   -2.9407    1.0000 </r>
       <r>   -1.0980    1.0000 </r>
       <r>    1.6439    1.0000 </r>
       <r>    2.7596    1.0000 </r>
       <r>    9.0938    0.0000 </r>
       <r>    9.4401    0.0000 </r>
       <r>   10.7011    0.0000 </r>
       <r>   12.5525    0.0000 </r>
      </set>
      <set comment="kpoint 55">
       <r>   -2.5351    1.0000 </r>
       <r>   -1.4491    1.0000 </r>
       <r>    1.8727    1.0000 </r>
       <r>    2.2497    1.0000 </r>
       <r>    8.6399    0.0000 </r>
       <r>    8.8504    0.0000 </r>
       <r>   11.2098    0.0000 </r>
       <r>   12.7892    0.0000 </r>
      </set>
      <set comment="kpoint 56">
       <r>   -2.3400    1.0000 </r>
       <r>   -1.6112    1.0000 </r>
       <r>    1.5991    1.0000 </r>
       <r>    2.2853    1.0000 </r>
       <r>    8.9884    0.0000 </r>
       <r>   10.2706    0.0000 </r>
       <r>   10.9749    0.0000 </r>
       <r>   10.9873    0.0000 </r>
      </set>
     </set>
    </set>
   </array>
  </eigenvalues>
  <separator name="orbital magnetization" >
   <v name="MAGDIPOLOUT">      0.00000000      0.00000000      0.00000000</v>
  </separator>
  <dos>
   <i name="efermi">      5.95885518 </i>
   <total>
    <array>
     <dimension dim="1">gridpoints</dimension>
     <dimension dim="2">spin</dimension>
     <field>energy</field>
     <field>total</field>
     <field>integrated</field>
     <set>
      <set comment="spin 1">
       <r>    -7.2638     0.0000     0.0000 </r>
       <r>    -7.1854     0.0000     0.0000 </r>
       <r>    -7.1069     0.0000     0.0000 </r>
       <r>    -7.0284     0.0000     0.0000 </r>
       <r>    -6.9499     0.0000     0.0000 </r>
       <r>    -6.8714     0.0000     0.0000 </r>
       <r>    -6.7929     0.0000     0.0000 </r>
       <r>    -6.7144     0.0000     0.0000 </r>
       <r>    -6.6359     0.0000     0.0000 </r>
       <r>    -6.5574     0.0000     0.0000 </r>
       <r>    -6.4789     0.0000     0.0000 </r>
       <r>    -6.4004     0.0000     0.0000 </r>
       <r>    -6.3219     0.0007     0.0001 </r>
       <r>    -6.2434     0.0063     0.0006 </r>
       <r>    -6.1649     0.0325     0.0031 </r>
       <r>    -6.0865     0.0925     0.0104 </r>
       <r>    -6.0080     0.1243     0.0201 </r>
       <r>    -5.9295     0.1348     0.0307 </r>
       <r>    -5.8510     0.2182     0.0478 </r>
       <r>    -5.7725     0.2912     0.0707 </r>
       <r>    -5.6940     0.2068     0.0869 </r>
       <r>    -5.6155     0.1537     0.0990 </r>
       <r>    -5.5370     0.3050     0.1229 </r>
       <r>    -5.4585     0.4150     0.1555 </r>
       <r>    -5.3800     0.3455     0.1826 </r>
       <r>    -5.3015     0.3451     0.2097 </r>
       <r>    -5.2230     0.3456     0.2368 </r>
       <r>    -5.1445     0.2411     0.2557 </r>
       <r>    -5.0660     0.2804     0.2777 </r>
       <r>    -4.9876     0.5703     0.3225 </r>
       <r>    -4.9091     0.6234     0.3715 </r>
       <r>    -4.8306     0.4206     0.4045 </r>
       <r>    -4.7521     0.4594     0.4405 </r>
       <r>    -4.6736     0.4754     0.4778 </r>
       <r>    -4.5951     0.3241     0.5033 </r>
       <r>    -4.5166     0.3165     0.5281 </r>
       <r>    -4.4381     0.6071     0.5758 </r>
       <r>    -4.3596     0.8310     0.6410 </r>
       <r>    -4.2811     0.8075     0.7044 </r>
       <r>    -4.2026     0.6700     0.7570 </r>
       <r>    -4.1241     0.5697     0.8017 </r>
       <r>    -4.0456     0.5132     0.8420 </r>
       <r>    -3.9671     0.4848     0.8800 </r>
       <r>    -3.8887     0.6152     0.9283 </r>
       <r>    -3.8102     1.1589     1.0193 </r>
       <r>    -3.7317     1.3706     1.1269 </r>
       <r>    -3.6532     0.8506     1.1936 </r>
       <r>    -3.5747     0.6678     1.2461 </r>
       <r>    -3.4962     0.7851     1.3077 </r>
       <r>    -3.4177     0.4923     1.3463 </r>
       <r>    -3.3392     0.4566     1.3822 </r>
       <r>    -3.2607     0.8433     1.4483 </r>
       <r>    -3.1822     1.1239     1.5366 </r>
       <r>    -3.1037     0.8388     1.6024 </r>
       <r>    -3.0252     0.4059     1.6343 </r>
       <r>    -2.9467     0.3780     1.6639 </r>
       <r>    -2.8682     0.4087     1.6960 </r>
       <r>    -2.7898     0.4651     1.7325 </r>
       <r>    -2.7113     0.8047     1.7957 </r>
       <r>    -2.6328     0.7359     1.8535 </r>
       <r>    -2.5543     0.3970     1.8846 </r>
       <r>    -2.4758     0.2391     1.9034 </r>
       <r>    -2.3973     0.1695     1.9167 </r>
       <r>    -2.3188     0.2369     1.9353 </r>
       <r>    -2.2403     0.3053     1.9592 </r>
       <r>    -2.1618     0.3082     1.9834 </r>
       <r>    -2.0833     0.2251     2.0011 </r>
       <r>    -2.0048     0.1463     2.0126 </r>
       <r>    -1.9263     0.1140     2.0215 </r>
       <r>    -1.8478     0.1761     2.0354 </r>
       <r>    -1.7693     0.1785     2.0494 </r>
       <r>    -1.6909     0.1132     2.0583 </r>
       <r>    -1.6124     0.1806     2.0724 </r>
       <r>    -1.5339     0.2623     2.0930 </r>
       <r>    -1.4554     0.5012     2.1324 </r>
       <r>    -1.3769     0.8748     2.2010 </r>
       <r>    -1.2984     0.8162     2.2651 </r>
       <r>    -1.2199     0.5365     2.3072 </r>
       <r>    -1.1414     0.7304     2.3645 </r>
       <r>    -1.0629     1.3258     2.4686 </r>
       <r>    -0.9844     1.4834     2.5850 </r>
       <r>    -0.9059     1.1963     2.6789 </r>
       <r>    -0.8274     0.9547     2.7539 </r>
       <r>    -0.7489     0.9994     2.8323 </r>
       <r>    -0.6704     0.9749     2.9089 </r>
       <r>    -0.5920     0.5305     2.9505 </r>
       <r>    -0.5135     0.2537     2.9704 </r>
       <r>    -0.4350     0.6114     3.0184 </r>
       <r>    -0.3565     0.9509     3.0930 </r>
       <r>    -0.2780     0.6588     3.1447 </r>
       <r>    -0.1995     0.3906     3.1754 </r>
       <r>    -0.1210     0.3066     3.1995 </r>
       <r>    -0.0425     0.4722     3.2365 </r>
       <r>     0.0360     0.6278     3.2858 </r>
       <r>     0.1145     0.3620     3.3142 </r>
       <r>     0.1930     0.2036     3.3302 </r>
       <r>     0.2715     0.3811     3.3601 </r>
       <r>     0.3500     0.5304     3.4018 </r>
       <r>     0.4285     0.4986     3.4409 </r>
       <r>     0.5069     0.3284     3.4667 </r>
       <r>     0.5854     0.2333     3.4850 </r>
       <r>     0.6639     0.2027     3.5009 </r>
       <r>     0.7424     0.2464     3.5202 </r>
       <r>     0.8209     0.4628     3.5566 </r>
       <r>     0.8994     0.4629     3.5929 </r>
       <r>     0.9779     0.1951     3.6082 </r>
       <r>     1.0564     0.0315     3.6107 </r>
       <r>     1.1349     0.0072     3.6113 </r>
       <r>     1.2134     0.0839     3.6178 </r>
       <r>     1.2919     0.4374     3.6522 </r>
       <r>     1.3704     0.8422     3.7183 </r>
       <r>     1.4489     0.8107     3.7819 </r>
       <r>     1.5273     0.8691     3.8501 </r>
       <r>     1.6058     1.0550     3.9329 </r>
       <r>     1.6843     0.9242     4.0055 </r>
       <r>     1.7628     0.7212     4.0621 </r>
       <r>     1.8413     1.0501     4.1445 </r>
       <r>     1.9198     1.5518     4.2663 </r>
       <r>     1.9983     1.5096     4.3848 </r>
       <r>     2.0768     0.9807     4.4618 </r>
       <r>     2.1553     0.7374     4.5197 </r>
       <r>     2.2338     0.9086     4.5910 </r>
       <r>     2.3123     0.9492     4.6655 </r>
       <r>     2.3908     0.9819     4.7426 </r>
       <r>     2.4693     1.1040     4.8292 </r>
       <r>     2.5478     1.3598     4.9360 </r>
       <r>     2.6262     1.6220     5.0633 </r>
       <r>     2.7047     1.3045     5.1657 </r>
       <r>     2.7832     0.9060     5.2368 </r>
       <r>     2.8617     1.0624     5.3202 </r>
       <r>     2.9402     1.6384     5.4488 </r>
       <r>     3.0187     2.0593     5.6104 </r>
       <r>     3.0972     1.9402     5.7627 </r>
       <r>     3.1757     1.2101     5.8577 </r>
       <r>     3.2542     0.8373     5.9234 </r>
       <r>     3.3327     1.3280     6.0277 </r>
       <r>     3.4112     1.7719     6.1667 </r>
       <r>     3.4897     1.6654     6.2975 </r>
       <r>     3.5682     1.1312     6.3863 </r>
       <r>     3.6467     0.7704     6.4467 </r>
       <r>     3.7251     1.1836     6.5396 </r>
       <r>     3.8036     1.7528     6.6772 </r>
       <r>     3.8821     1.7806     6.8170 </r>
       <r>     3.9606     1.4628     6.9318 </r>
       <r>     4.0391     1.0406     7.0135 </r>
       <r>     4.1176     1.0027     7.0922 </r>
       <r>     4.1961     1.4234     7.2039 </r>
       <r>     4.2746     1.2808     7.3044 </r>
       <r>     4.3531     0.7742     7.3652 </r>
       <r>     4.4316     0.6414     7.4155 </r>
       <r>     4.5101     1.0320     7.4966 </r>
       <r>     4.5886     1.2415     7.5940 </r>
       <r>     4.6671     0.8174     7.6582 </r>
       <r>     4.7456     0.5314     7.6999 </r>
       <r>     4.8240     0.6925     7.7542 </r>
       <r>     4.9025     0.7587     7.8138 </r>
       <r>     4.9810     0.5290     7.8553 </r>
       <r>     5.0595     0.2715     7.8766 </r>
       <r>     5.1380     0.2628     7.8972 </r>
       <r>     5.2165     0.3669     7.9260 </r>
       <r>     5.2950     0.2628     7.9467 </r>
       <r>     5.3735     0.1057     7.9550 </r>
       <r>     5.4520     0.1437     7.9662 </r>
       <r>     5.5305     0.2266     7.9840 </r>
       <r>     5.6090     0.1391     7.9950 </r>
       <r>     5.6875     0.0473     7.9987 </r>
       <r>     5.7660     0.0145     7.9998 </r>
       <r>     5.8445     0.0023     8.0000 </r>
       <r>     5.9229     0.0001     8.0000 </r>
       <r>     6.0014     0.0000     8.0000 </r>
       <r>     6.0799     0.0002     8.0000 </r>
       <r>     6.1584     0.0052     8.0004 </r>
       <r>     6.2369     0.0369     8.0033 </r>
       <r>     6.3154     0.0928     8.0106 </r>
       <r>     6.3939     0.1188     8.0199 </r>
       <r>     6.4724     0.1974     8.0354 </r>
       <r>     6.5509     0.3031     8.0592 </r>
       <r>     6.6294     0.3058     8.0832 </r>
       <r>     6.7079     0.3381     8.1098 </r>
       <r>     6.7864     0.3476     8.1370 </r>
       <r>     6.8649     0.2692     8.1582 </r>
       <r>     6.9434     0.3187     8.1832 </r>
       <r>     7.0218     0.6550     8.2346 </r>
       <r>     7.1003     0.7928     8.2968 </r>
       <r>     7.1788     0.6296     8.3463 </r>
       <r>     7.2573     0.6981     8.4011 </r>
       <r>     7.3358     1.0770     8.4856 </r>
       <r>     7.4143     1.2378     8.5828 </r>
       <r>     7.4928     1.0734     8.6670 </r>
       <r>     7.5713     0.9034     8.7379 </r>
       <r>     7.6498     1.0619     8.8213 </r>
       <r>     7.7283     1.2094     8.9162 </r>
       <r>     7.8068     1.2883     9.0173 </r>
       <r>     7.8853     1.5635     9.1400 </r>
       <r>     7.9638     1.8264     9.2834 </r>
       <r>     8.0423     1.4953     9.4008 </r>
       <r>     8.1207     1.0231     9.4811 </r>
       <r>     8.1992     1.0517     9.5636 </r>
       <r>     8.2777     1.5348     9.6841 </r>
       <r>     8.3562     1.6002     9.8097 </r>
       <r>     8.4347     1.0800     9.8945 </r>
       <r>     8.5132     1.1551     9.9851 </r>
       <r>     8.5917     1.1117    10.0724 </r>
       <r>     8.6702     0.9016    10.1432 </r>
       <r>     8.7487     1.0803    10.2280 </r>
       <r>     8.8272     1.4847    10.3445 </r>
       <r>     8.9057     2.2004    10.5172 </r>
       <r>     8.9842     2.6063    10.7218 </r>
       <r>     9.0627     2.1138    10.8877 </r>
       <r>     9.1412     1.7483    11.0250 </r>
       <r>     9.2196     1.7705    11.1639 </r>
       <r>     9.2981     1.6135    11.2906 </r>
       <r>     9.3766     1.8397    11.4350 </r>
       <r>     9.4551     1.9658    11.5893 </r>
       <r>     9.5336     1.3635    11.6963 </r>
       <r>     9.6121     0.8826    11.7656 </r>
       <r>     9.6906     0.9107    11.8371 </r>
       <r>     9.7691     0.8827    11.9063 </r>
       <r>     9.8476     1.0064    11.9853 </r>
       <r>     9.9261     1.4144    12.0964 </r>
       <r>    10.0046     1.3324    12.2009 </r>
       <r>    10.0831     0.8510    12.2677 </r>
       <r>    10.1616     0.6370    12.3177 </r>
       <r>    10.2401     1.1892    12.4111 </r>
       <r>    10.3185     2.3316    12.5941 </r>
       <r>    10.3970     2.5032    12.7906 </r>
       <r>    10.4755     1.8453    12.9354 </r>
       <r>    10.5540     1.4342    13.0480 </r>
       <r>    10.6325     1.2729    13.1479 </r>
       <r>    10.7110     1.3557    13.2543 </r>
       <r>    10.7895     1.2096    13.3493 </r>
       <r>    10.8680     0.8543    13.4163 </r>
       <r>    10.9465     0.8156    13.4803 </r>
       <r>    11.0250     0.7778    13.5414 </r>
       <r>    11.1035     0.5893    13.5877 </r>
       <r>    11.1820     0.7610    13.6474 </r>
       <r>    11.2605     0.9976    13.7257 </r>
       <r>    11.3390     1.2906    13.8270 </r>
       <r>    11.4174     1.5406    13.9479 </r>
       <r>    11.4959     1.0631    14.0314 </r>
       <r>    11.5744     0.6018    14.0786 </r>
       <r>    11.6529     0.7952    14.1410 </r>
       <r>    11.7314     1.0429    14.2229 </r>
       <r>    11.8099     1.3042    14.3252 </r>
       <r>    11.8884     1.4576    14.4397 </r>
       <r>    11.9669     1.5531    14.5616 </r>
       <r>    12.0454     1.5205    14.6809 </r>
       <r>    12.1239     0.9366    14.7544 </r>
       <r>    12.2024     0.4878    14.7927 </r>
       <r>    12.2809     0.6483    14.8436 </r>
       <r>    12.3594     0.9246    14.9162 </r>
       <r>    12.4379     0.7914    14.9783 </r>
       <r>    12.5163     0.6369    15.0283 </r>
       <r>    12.5948     0.5870    15.0744 </r>
       <r>    12.6733     0.3339    15.1006 </r>
       <r>    12.7518     0.4243    15.1339 </r>
       <r>    12.8303     0.8390    15.1997 </r>
       <r>    12.9088     0.9095    15.2711 </r>
       <r>    12.9873     0.7083    15.3267 </r>
       <r>    13.0658     0.4683    15.3635 </r>
       <r>    13.1443     0.2308    15.3816 </r>
       <r>    13.2228     0.3194    15.4067 </r>
       <r>    13.3013     0.8044    15.4698 </r>
       <r>    13.3798     1.1172    15.5575 </r>
       <r>    13.4583     0.9757    15.6341 </r>
       <r>    13.5368     0.6827    15.6877 </r>
       <r>    13.6152     0.5572    15.7314 </r>
       <r>    13.6937     0.8246    15.7961 </r>
       <r>    13.7722     0.9426    15.8701 </r>
       <r>    13.8507     0.4335    15.9042 </r>
       <r>    13.9292     0.0688    15.9096 </r>
       <r>    14.0077     0.0036    15.9098 </r>
       <r>    14.0862     0.0001    15.9098 </r>
       <r>    14.1647     0.0000    15.9098 </r>
       <r>    14.2432     0.0000    15.9098 </r>
       <r>    14.3217     0.0000    15.9098 </r>
       <r>    14.4002     0.0000    15.9098 </r>
       <r>    14.4787     0.0000    15.9098 </r>
       <r>    14.5572     0.0000    15.9098 </r>
       <r>    14.6357     0.0002    15.9099 </r>
       <r>    14.7141     0.0062    15.9103 </r>
       <r>    14.7926     0.0575    15.9149 </r>
       <r>    14.8711     0.1817    15.9291 </r>
       <r>    14.9496     0.2339    15.9475 </r>
       <r>    15.0281     0.2036    15.9635 </r>
       <r>    15.1066     0.1692    15.9768 </r>
       <r>    15.1851     0.1323    15.9871 </r>
       <r>    15.2636     0.1080    15.9956 </r>
       <r>    15.3421     0.0479    15.9994 </r>
       <r>    15.4206     0.0076    16.0000 </r>
       <r>    15.4991     0.0004    16.0000 </r>
       <r>    15.5776     0.0000    16.0000 </r>
       <r>    15.6561     0.0000    16.0000 </r>
       <r>    15.7346     0.0000    16.0000 </r>
       <r>    15.8130     0.0000    16.0000 </r>
       <r>    15.8915     0.0000    16.0000 </r>
       <r>    15.9700     0.0000    16.0000 </r>
       <r>    16.0485     0.0000    16.0000 </r>
       <r>    16.1270     0.0000    16.0000 </r>
       <r>    16.2055     0.0000    16.0000 </r>
       <r>    16.2840     0.0000    16.0000 </r>
      </set>
     </set>
    </array>
   </total>
  </dos>
 </calculation>
 <structure name="finalpos" >
  <crystal>
   <varray name="basis" >
    <v>       0.00000000       2.73283142       2.73283142 </v>
    <v>       2.73283142       0.00000000       2.73283142 </v>
    <v>       2.73283142       2.73283142       0.00000000 </v>
   </varray>
   <i name="volume">     40.81957920 </i>
   <varray name="rec_basis" >
    <v>      -0.18296043       0.18296043       0.18296043 </v>
    <v>       0.18296043      -0.18296043       0.18296043 </v>
    <v>       0.18296043       0.18296043      -0.18296043 </v>
   </varray>
  </crystal>
  <varray name="positions" >
   <v>       0.12500000       0.12500000       0.12500000 </v>
   <v>       0.87500000       0.87500000       0.87500000 </v>
  </varray>
 </structure>
</modeling>
