<SIMULATION>
<PARAMETERS>
<PARAMETER name="LATTICE_LIBRARY">C:/Sci/ALPS/lib/xml/lattices.xml</PARAMETER>
<PARAMETER name="LATTICE">square lattice</PARAMETER>
<PARAMETER name="MODEL">Ising</PARAMETER>
<PARAMETER name="J">-1</PARAMETER>
<PARAMETER name="L">150</PARAMETER>
<PARAMETER name="T">2.0</PARAMETER>
<PARAMETER name="THERMALIZATION">1000</PARAMETER>
<PARAMETER name="SWEEPS">5000</PARAMETER>
<PARAMETER name="PRINT_SWEEPS">1000</PARAMETER>
<PARAMETER name="UPDATE">cluster</PARAMETER>
<PARAMETER name="SEED">1470669691</PARAMETER>
</PARAMETERS>
</SIMULATION>
