<?xml version="1.0" encoding="UTF-8"?>
<?xml-stylesheet type="text/xsl" href="ALPS.xsl"?>
<SIMULATION xmlns:xsi="http://www.w3.org/2001/XMLSchema-instance" xsi:noNamespaceSchemaLocation="http://xml.comp-phys.org/2002/10/ALPS.xsd">
  <PARAMETERS>
    <PARAMETER name="LATTICE_LIBRARY">C:/Sci/ALPS/lib/xml/lattices.xml</PARAMETER>
    <PARAMETER name="LATTICE">square lattice</PARAMETER>
    <PARAMETER name="MODEL">Ising</PARAMETER>
    <PARAMETER name="J">-1</PARAMETER>
    <PARAMETER name="L">150</PARAMETER>
    <PARAMETER name="T">2.0</PARAMETER>
    <PARAMETER name="THERMALIZATION">1000</PARAMETER>
    <PARAMETER name="SWEEPS">5000</PARAMETER>
    <PARAMETER name="PRINT_SWEEPS">1000</PARAMETER>
    <PARAMETER name="UPDATE">cluster</PARAMETER>
    <PARAMETER name="SEED">1470669692</PARAMETER>
  </PARAMETERS>
  <AVERAGES>
    <SCALAR_AVERAGE name="(beta * Energy)^2 / N">
      <COUNT>5394</COUNT>
      <MEAN method="simple">17136.67</MEAN>
      <ERROR converged="maybe" method="binning">4.52</ERROR>
      <VARIANCE method="simple">5.01e+004</VARIANCE>
      <AUTOCORR method="binning">0.598</AUTOCORR>
      <BINNED size="1"><COUNT>5394</COUNT><MEAN method="simple">17136.67</MEAN><ERROR method="simple">3.05</ERROR></BINNED>
      <BINNED size="2"><COUNT>2697</COUNT><MEAN method="simple">17136.67</MEAN><ERROR method="simple">3.48</ERROR></BINNED>
      <BINNED size="4"><COUNT>1348</COUNT><MEAN method="simple">17136.59</MEAN><ERROR method="simple">3.9</ERROR></BINNED>
      <BINNED size="8"><COUNT>674</COUNT><MEAN method="simple">17136.59</MEAN><ERROR method="simple">4.24</ERROR></BINNED>
      <BINNED size="16"><COUNT>337</COUNT><MEAN method="simple">17136.59</MEAN><ERROR method="simple">4.36</ERROR></BINNED>
      <BINNED size="32"><COUNT>168</COUNT><MEAN method="simple">17136.38</MEAN><ERROR method="simple">4.52</ERROR></BINNED>
    </SCALAR_AVERAGE>
    <VECTOR_AVERAGE name="Bond-type Energy" nvalues="1">
      <SCALAR_AVERAGE indexvalue="0">
        <COUNT>5394</COUNT>
        <MEAN method="simple">-39271.29</MEAN>
        <ERROR converged="maybe" method="binning">5.17</ERROR>
        <VARIANCE method="simple">6.58e+004</VARIANCE>
        <AUTOCORR method="binning">0.597</AUTOCORR>
        <BINNED size="1"><COUNT>5394</COUNT><MEAN method="simple">-39271.293</MEAN><ERROR method="simple">3.49</ERROR></BINNED>
        <BINNED size="2"><COUNT>2697</COUNT><MEAN method="simple">-39271.293</MEAN><ERROR method="simple">3.99</ERROR></BINNED>
        <BINNED size="4"><COUNT>1348</COUNT><MEAN method="simple">-39271.203</MEAN><ERROR method="simple">4.47</ERROR></BINNED>
        <BINNED size="8"><COUNT>674</COUNT><MEAN method="simple">-39271.203</MEAN><ERROR method="simple">4.85</ERROR></BINNED>
        <BINNED size="16"><COUNT>337</COUNT><MEAN method="simple">-39271.203</MEAN><ERROR method="simple">4.99</ERROR></BINNED>
        <BINNED size="32"><COUNT>168</COUNT><MEAN method="simple">-39270.958</MEAN><ERROR method="simple">5.17</ERROR></BINNED>
      </SCALAR_AVERAGE>
    </VECTOR_AVERAGE>
    <VECTOR_AVERAGE name="Bond-type Energy Density" nvalues="1">
      <SCALAR_AVERAGE indexvalue="0">
        <COUNT>5394</COUNT>
        <MEAN method="simple">-1.745391</MEAN>
        <ERROR converged="maybe" method="binning">0.00023</ERROR>
        <VARIANCE method="simple">0.00013</VARIANCE>
        <AUTOCORR method="binning">0.597</AUTOCORR>
        <BINNED size="1"><COUNT>5394</COUNT><MEAN method="simple">-1.7453908</MEAN><ERROR method="simple">0.000155</ERROR></BINNED>
        <BINNED size="2"><COUNT>2697</COUNT><MEAN method="simple">-1.7453908</MEAN><ERROR method="simple">0.000177</ERROR></BINNED>
        <BINNED size="4"><COUNT>1348</COUNT><MEAN method="simple">-1.7453868</MEAN><ERROR method="simple">0.000198</ERROR></BINNED>
        <BINNED size="8"><COUNT>674</COUNT><MEAN method="simple">-1.7453868</MEAN><ERROR method="simple">0.000216</ERROR></BINNED>
        <BINNED size="16"><COUNT>337</COUNT><MEAN method="simple">-1.7453868</MEAN><ERROR method="simple">0.000222</ERROR></BINNED>
        <BINNED size="32"><COUNT>168</COUNT><MEAN method="simple">-1.7453759</MEAN><ERROR method="simple">0.00023</ERROR></BINNED>
      </SCALAR_AVERAGE>
    </VECTOR_AVERAGE>
    <SCALAR_AVERAGE name="Cluster size">
      <COUNT>5394</COUNT>
      <MEAN method="simple">0.831211</MEAN>
      <ERROR converged="yes" method="binning">0.00362</ERROR>
      <VARIANCE method="simple">0.0666</VARIANCE>
      <AUTOCORR method="binning">0.0304</AUTOCORR>
      <BINNED size="1"><COUNT>5394</COUNT><MEAN method="simple">0.831211</MEAN><ERROR method="simple">0.00351</ERROR></BINNED>
      <BINNED size="2"><COUNT>2697</COUNT><MEAN method="simple">0.831211</MEAN><ERROR method="simple">0.00353</ERROR></BINNED>
      <BINNED size="4"><COUNT>1348</COUNT><MEAN method="simple">0.831178</MEAN><ERROR method="simple">0.00358</ERROR></BINNED>
      <BINNED size="8"><COUNT>674</COUNT><MEAN method="simple">0.831178</MEAN><ERROR method="simple">0.00353</ERROR></BINNED>
      <BINNED size="16"><COUNT>337</COUNT><MEAN method="simple">0.831178</MEAN><ERROR method="simple">0.00357</ERROR></BINNED>
      <BINNED size="32"><COUNT>168</COUNT><MEAN method="simple">0.831104</MEAN><ERROR method="simple">0.00362</ERROR></BINNED>
    </SCALAR_AVERAGE>
    <SCALAR_AVERAGE name="E.Magnetization^2">
      <COUNT>5394</COUNT>
      <MEAN method="simple">-0.14407</MEAN>
      <ERROR converged="yes" method="binning">0.00285</ERROR>
      <VARIANCE method="simple">0.0418</VARIANCE>
      <AUTOCORR method="binning">0.0253</AUTOCORR>
      <BINNED size="1"><COUNT>5394</COUNT><MEAN method="simple">-0.14407</MEAN><ERROR method="simple">0.00278</ERROR></BINNED>
      <BINNED size="2"><COUNT>2697</COUNT><MEAN method="simple">-0.14407</MEAN><ERROR method="simple">0.00294</ERROR></BINNED>
      <BINNED size="4"><COUNT>1348</COUNT><MEAN method="simple">-0.14406</MEAN><ERROR method="simple">0.00307</ERROR></BINNED>
      <BINNED size="8"><COUNT>674</COUNT><MEAN method="simple">-0.14406</MEAN><ERROR method="simple">0.00303</ERROR></BINNED>
      <BINNED size="16"><COUNT>337</COUNT><MEAN method="simple">-0.14406</MEAN><ERROR method="simple">0.00312</ERROR></BINNED>
      <BINNED size="32"><COUNT>168</COUNT><MEAN method="simple">-0.14401</MEAN><ERROR method="simple">0.00285</ERROR></BINNED>
    </SCALAR_AVERAGE>
    <SCALAR_AVERAGE name="E.Magnetization^4">
      <COUNT>5394</COUNT>
      <MEAN method="simple">-1.5936e-006</MEAN>
      <ERROR converged="yes" method="binning">7.09e-008</ERROR>
      <VARIANCE method="simple">2.63e-011</VARIANCE>
      <AUTOCORR method="binning">0.0155</AUTOCORR>
      <BINNED size="1"><COUNT>5394</COUNT><MEAN method="simple">-1.5936e-006</MEAN><ERROR method="simple">6.98e-008</ERROR></BINNED>
      <BINNED size="2"><COUNT>2697</COUNT><MEAN method="simple">-1.5936e-006</MEAN><ERROR method="simple">7.26e-008</ERROR></BINNED>
      <BINNED size="4"><COUNT>1348</COUNT><MEAN method="simple">-1.5939e-006</MEAN><ERROR method="simple">7.51e-008</ERROR></BINNED>
      <BINNED size="8"><COUNT>674</COUNT><MEAN method="simple">-1.5939e-006</MEAN><ERROR method="simple">7.48e-008</ERROR></BINNED>
      <BINNED size="16"><COUNT>337</COUNT><MEAN method="simple">-1.5939e-006</MEAN><ERROR method="simple">7.61e-008</ERROR></BINNED>
      <BINNED size="32"><COUNT>168</COUNT><MEAN method="simple">-1.5945e-006</MEAN><ERROR method="simple">7.09e-008</ERROR></BINNED>
    </SCALAR_AVERAGE>
    <SCALAR_AVERAGE name="Energy">
      <COUNT>5394</COUNT>
      <MEAN method="simple">-39271.29</MEAN>
      <ERROR converged="maybe" method="binning">5.17</ERROR>
      <VARIANCE method="simple">6.58e+004</VARIANCE>
      <AUTOCORR method="binning">0.597</AUTOCORR>
      <BINNED size="1"><COUNT>5394</COUNT><MEAN method="simple">-39271.293</MEAN><ERROR method="simple">3.49</ERROR></BINNED>
      <BINNED size="2"><COUNT>2697</COUNT><MEAN method="simple">-39271.29</MEAN><ERROR method="simple">3.99</ERROR></BINNED>
      <BINNED size="4"><COUNT>1348</COUNT><MEAN method="simple">-39271.2</MEAN><ERROR method="simple">4.47</ERROR></BINNED>
      <BINNED size="8"><COUNT>674</COUNT><MEAN method="simple">-39271.2</MEAN><ERROR method="simple">4.85</ERROR></BINNED>
      <BINNED size="16"><COUNT>337</COUNT><MEAN method="simple">-39271.2</MEAN><ERROR method="simple">4.99</ERROR></BINNED>
      <BINNED size="32"><COUNT>168</COUNT><MEAN method="simple">-39270.96</MEAN><ERROR method="simple">5.17</ERROR></BINNED>
    </SCALAR_AVERAGE>
    <SCALAR_AVERAGE name="Energy Density">
      <COUNT>5394</COUNT>
      <MEAN method="simple">-1.745391</MEAN>
      <ERROR converged="maybe" method="binning">0.00023</ERROR>
      <VARIANCE method="simple">0.00013</VARIANCE>
      <AUTOCORR method="binning">0.597</AUTOCORR>
      <BINNED size="1"><COUNT>5394</COUNT><MEAN method="simple">-1.7453908</MEAN><ERROR method="simple">0.000155</ERROR></BINNED>
      <BINNED size="2"><COUNT>2697</COUNT><MEAN method="simple">-1.745391</MEAN><ERROR method="simple">0.000177</ERROR></BINNED>
      <BINNED size="4"><COUNT>1348</COUNT><MEAN method="simple">-1.745387</MEAN><ERROR method="simple">0.000198</ERROR></BINNED>
      <BINNED size="8"><COUNT>674</COUNT><MEAN method="simple">-1.745387</MEAN><ERROR method="simple">0.000216</ERROR></BINNED>
      <BINNED size="16"><COUNT>337</COUNT><MEAN method="simple">-1.745387</MEAN><ERROR method="simple">0.000222</ERROR></BINNED>
      <BINNED size="32"><COUNT>168</COUNT><MEAN method="simple">-1.745376</MEAN><ERROR method="simple">0.00023</ERROR></BINNED>
    </SCALAR_AVERAGE>
    <SCALAR_AVERAGE name="Energy^2">
      <COUNT>5394</COUNT>
      <MEAN method="simple">1.5423e+009</MEAN>
      <ERROR converged="maybe" method="binning">4.06e+005</ERROR>
      <VARIANCE method="simple">4.06e+014</VARIANCE>
      <AUTOCORR method="binning">0.598</AUTOCORR>
      <BINNED size="1"><COUNT>5394</COUNT><MEAN method="simple">1.5423e+009</MEAN><ERROR method="simple">2.74e+005</ERROR></BINNED>
      <BINNED size="2"><COUNT>2697</COUNT><MEAN method="simple">1.5423e+009</MEAN><ERROR method="simple">3.13e+005</ERROR></BINNED>
      <BINNED size="4"><COUNT>1348</COUNT><MEAN method="simple">1.542293e+009</MEAN><ERROR method="simple">3.51e+005</ERROR></BINNED>
      <BINNED size="8"><COUNT>674</COUNT><MEAN method="simple">1.542293e+009</MEAN><ERROR method="simple">3.81e+005</ERROR></BINNED>
      <BINNED size="16"><COUNT>337</COUNT><MEAN method="simple">1.542293e+009</MEAN><ERROR method="simple">3.92e+005</ERROR></BINNED>
      <BINNED size="32"><COUNT>168</COUNT><MEAN method="simple">1.542274e+009</MEAN><ERROR method="simple">4.06e+005</ERROR></BINNED>
    </SCALAR_AVERAGE>
    <SCALAR_AVERAGE name="Magnetization along Field">
      <COUNT>5394</COUNT>
      <MEAN method="simple">0</MEAN>
      <ERROR converged="yes" method="binning">0</ERROR>
      <VARIANCE method="simple">0</VARIANCE>
      <AUTOCORR method="binning">nan</AUTOCORR>
      <BINNED size="1"><COUNT>5394</COUNT><MEAN method="simple">0</MEAN><ERROR method="simple">0</ERROR></BINNED>
      <BINNED size="2"><COUNT>2697</COUNT><MEAN method="simple">0</MEAN><ERROR method="simple">0</ERROR></BINNED>
      <BINNED size="4"><COUNT>1348</COUNT><MEAN method="simple">0</MEAN><ERROR method="simple">0</ERROR></BINNED>
      <BINNED size="8"><COUNT>674</COUNT><MEAN method="simple">0</MEAN><ERROR method="simple">0</ERROR></BINNED>
      <BINNED size="16"><COUNT>337</COUNT><MEAN method="simple">0</MEAN><ERROR method="simple">0</ERROR></BINNED>
      <BINNED size="32"><COUNT>168</COUNT><MEAN method="simple">0</MEAN><ERROR method="simple">0</ERROR></BINNED>
    </SCALAR_AVERAGE>
    <SCALAR_AVERAGE name="Magnetization^2">
      <COUNT>5394</COUNT>
      <MEAN method="simple">3.6697e-006</MEAN>
      <ERROR converged="yes" method="binning">7.27e-008</ERROR>
      <VARIANCE method="simple">2.71e-011</VARIANCE>
      <AUTOCORR method="binning">0.0256</AUTOCORR>
      <BINNED size="1"><COUNT>5394</COUNT><MEAN method="simple">3.6697e-006</MEAN><ERROR method="simple">7.09e-008</ERROR></BINNED>
      <BINNED size="2"><COUNT>2697</COUNT><MEAN method="simple">3.6697e-006</MEAN><ERROR method="simple">7.49e-008</ERROR></BINNED>
      <BINNED size="4"><COUNT>1348</COUNT><MEAN method="simple">3.6694e-006</MEAN><ERROR method="simple">7.84e-008</ERROR></BINNED>
      <BINNED size="8"><COUNT>674</COUNT><MEAN method="simple">3.6694e-006</MEAN><ERROR method="simple">7.73e-008</ERROR></BINNED>
      <BINNED size="16"><COUNT>337</COUNT><MEAN method="simple">3.6694e-006</MEAN><ERROR method="simple">7.94e-008</ERROR></BINNED>
      <BINNED size="32"><COUNT>168</COUNT><MEAN method="simple">3.6682e-006</MEAN><ERROR method="simple">7.27e-008</ERROR></BINNED>
    </SCALAR_AVERAGE>
    <SCALAR_AVERAGE name="Magnetization^4">
      <COUNT>5394</COUNT>
      <MEAN method="simple">4.0602e-011</MEAN>
      <ERROR converged="yes" method="binning">1.81e-012</ERROR>
      <VARIANCE method="simple">1.71e-020</VARIANCE>
      <AUTOCORR method="binning">0.0152</AUTOCORR>
      <BINNED size="1"><COUNT>5394</COUNT><MEAN method="simple">4.0602e-011</MEAN><ERROR method="simple">1.78e-012</ERROR></BINNED>
      <BINNED size="2"><COUNT>2697</COUNT><MEAN method="simple">4.0602e-011</MEAN><ERROR method="simple">1.85e-012</ERROR></BINNED>
      <BINNED size="4"><COUNT>1348</COUNT><MEAN method="simple">4.0609e-011</MEAN><ERROR method="simple">1.92e-012</ERROR></BINNED>
      <BINNED size="8"><COUNT>674</COUNT><MEAN method="simple">4.0609e-011</MEAN><ERROR method="simple">1.91e-012</ERROR></BINNED>
      <BINNED size="16"><COUNT>337</COUNT><MEAN method="simple">4.0609e-011</MEAN><ERROR method="simple">1.94e-012</ERROR></BINNED>
      <BINNED size="32"><COUNT>168</COUNT><MEAN method="simple">4.0625e-011</MEAN><ERROR method="simple">1.81e-012</ERROR></BINNED>
    </SCALAR_AVERAGE>
    <SCALAR_AVERAGE name="Staggered Magnetization^2">
      <COUNT>5394</COUNT>
      <MEAN method="simple">0.831211</MEAN>
      <ERROR converged="yes" method="binning">0.00362</ERROR>
      <VARIANCE method="simple">0.0666</VARIANCE>
      <AUTOCORR method="binning">0.0304</AUTOCORR>
      <BINNED size="1"><COUNT>5394</COUNT><MEAN method="simple">0.831211</MEAN><ERROR method="simple">0.00351</ERROR></BINNED>
      <BINNED size="2"><COUNT>2697</COUNT><MEAN method="simple">0.831211</MEAN><ERROR method="simple">0.00353</ERROR></BINNED>
      <BINNED size="4"><COUNT>1348</COUNT><MEAN method="simple">0.831178</MEAN><ERROR method="simple">0.00358</ERROR></BINNED>
      <BINNED size="8"><COUNT>674</COUNT><MEAN method="simple">0.831178</MEAN><ERROR method="simple">0.00353</ERROR></BINNED>
      <BINNED size="16"><COUNT>337</COUNT><MEAN method="simple">0.831178</MEAN><ERROR method="simple">0.00357</ERROR></BINNED>
      <BINNED size="32"><COUNT>168</COUNT><MEAN method="simple">0.831104</MEAN><ERROR method="simple">0.00362</ERROR></BINNED>
    </SCALAR_AVERAGE>
    <SCALAR_AVERAGE name="Susceptibility">
      <COUNT>5394</COUNT>
      <MEAN method="simple">0.041284</MEAN>
      <ERROR converged="yes" method="binning">0.000818</ERROR>
      <VARIANCE method="simple">0.00343</VARIANCE>
      <AUTOCORR method="binning">0.0256</AUTOCORR>
      <BINNED size="1"><COUNT>5394</COUNT><MEAN method="simple">0.041284</MEAN><ERROR method="simple">0.000798</ERROR></BINNED>
      <BINNED size="2"><COUNT>2697</COUNT><MEAN method="simple">0.041284</MEAN><ERROR method="simple">0.000842</ERROR></BINNED>
      <BINNED size="4"><COUNT>1348</COUNT><MEAN method="simple">0.041281</MEAN><ERROR method="simple">0.000882</ERROR></BINNED>
      <BINNED size="8"><COUNT>674</COUNT><MEAN method="simple">0.041281</MEAN><ERROR method="simple">0.000869</ERROR></BINNED>
      <BINNED size="16"><COUNT>337</COUNT><MEAN method="simple">0.041281</MEAN><ERROR method="simple">0.000893</ERROR></BINNED>
      <BINNED size="32"><COUNT>168</COUNT><MEAN method="simple">0.041268</MEAN><ERROR method="simple">0.000818</ERROR></BINNED>
    </SCALAR_AVERAGE>
    <SCALAR_AVERAGE name="beta * Energy / sqrt(N)">
      <COUNT>5394</COUNT>
      <MEAN method="simple">-130.9043</MEAN>
      <ERROR converged="maybe" method="binning">0.0172</ERROR>
      <VARIANCE method="simple">0.731</VARIANCE>
      <AUTOCORR method="binning">0.597</AUTOCORR>
      <BINNED size="1"><COUNT>5394</COUNT><MEAN method="simple">-130.90431</MEAN><ERROR method="simple">0.0116</ERROR></BINNED>
      <BINNED size="2"><COUNT>2697</COUNT><MEAN method="simple">-130.9043</MEAN><ERROR method="simple">0.0133</ERROR></BINNED>
      <BINNED size="4"><COUNT>1348</COUNT><MEAN method="simple">-130.904</MEAN><ERROR method="simple">0.0149</ERROR></BINNED>
      <BINNED size="8"><COUNT>674</COUNT><MEAN method="simple">-130.904</MEAN><ERROR method="simple">0.0162</ERROR></BINNED>
      <BINNED size="16"><COUNT>337</COUNT><MEAN method="simple">-130.904</MEAN><ERROR method="simple">0.0166</ERROR></BINNED>
      <BINNED size="32"><COUNT>168</COUNT><MEAN method="simple">-130.9032</MEAN><ERROR method="simple">0.0172</ERROR></BINNED>
    </SCALAR_AVERAGE>
    <SCALAR_AVERAGE name="|Magnetization|">
      <COUNT>5394</COUNT>
      <MEAN method="simple">0.0015251</MEAN>
      <ERROR converged="yes" method="binning">1.61e-005</ERROR>
      <VARIANCE method="simple">1.34e-006</VARIANCE>
      <AUTOCORR method="binning">0.0193</AUTOCORR>
      <BINNED size="1"><COUNT>5394</COUNT><MEAN method="simple">0.0015251</MEAN><ERROR method="simple">1.58e-005</ERROR></BINNED>
      <BINNED size="2"><COUNT>2697</COUNT><MEAN method="simple">0.0015251</MEAN><ERROR method="simple">1.67e-005</ERROR></BINNED>
      <BINNED size="4"><COUNT>1348</COUNT><MEAN method="simple">0.0015249</MEAN><ERROR method="simple">1.74e-005</ERROR></BINNED>
      <BINNED size="8"><COUNT>674</COUNT><MEAN method="simple">0.0015249</MEAN><ERROR method="simple">1.71e-005</ERROR></BINNED>
      <BINNED size="16"><COUNT>337</COUNT><MEAN method="simple">0.0015249</MEAN><ERROR method="simple">1.74e-005</ERROR></BINNED>
      <BINNED size="32"><COUNT>168</COUNT><MEAN method="simple">0.0015243</MEAN><ERROR method="simple">1.61e-005</ERROR></BINNED>
    </SCALAR_AVERAGE>
    <SCALAR_AVERAGE name="|Staggered Magnetization|">
      <COUNT>5394</COUNT>
      <MEAN method="simple">0.9112551</MEAN>
      <ERROR converged="maybe" method="binning">0.000119</ERROR>
      <VARIANCE method="simple">3.38e-005</VARIANCE>
      <AUTOCORR method="binning">0.633</AUTOCORR>
      <BINNED size="1"><COUNT>5394</COUNT><MEAN method="simple">0.91125509</MEAN><ERROR method="simple">7.92e-005</ERROR></BINNED>
      <BINNED size="2"><COUNT>2697</COUNT><MEAN method="simple">0.91125509</MEAN><ERROR method="simple">9.07e-005</ERROR></BINNED>
      <BINNED size="4"><COUNT>1348</COUNT><MEAN method="simple">0.9112527</MEAN><ERROR method="simple">9.99e-005</ERROR></BINNED>
      <BINNED size="8"><COUNT>674</COUNT><MEAN method="simple">0.9112527</MEAN><ERROR method="simple">0.000108</ERROR></BINNED>
      <BINNED size="16"><COUNT>337</COUNT><MEAN method="simple">0.9112527</MEAN><ERROR method="simple">0.000114</ERROR></BINNED>
      <BINNED size="32"><COUNT>168</COUNT><MEAN method="simple">0.9112458</MEAN><ERROR method="simple">0.000119</ERROR></BINNED>
    </SCALAR_AVERAGE>
  </AVERAGES>
  <MCRUN>
    <EXECUTED phase="equilibrating">
      <FROM>2011-Mar-17 10:37:32</FROM>
      <TO>2011-Mar-17 10:37:49</TO>
      <MACHINE><NAME>unnamed</NAME></MACHINE>
    </EXECUTED>
    <EXECUTED phase="running">
      <FROM>2011-Mar-17 10:37:49</FROM>
      <TO>2011-Mar-17 10:39:39</TO>
      <MACHINE><NAME>unnamed</NAME></MACHINE>
    </EXECUTED>
    <CHECKPOINT format="osiris" file="out.run1"/>
    <CHECKPOINT format="hdf5" file="out.run1.h5"/>
  </MCRUN>
</SIMULATION>
